ChEMBL ID,Name,Synonyms,Type,Max Phase,Molecular Weight,Targets,Bioactivities,AlogP,Polar Surface Area,HBA,HBD,#RO5 Violations,#Rotatable Bonds,Passes Ro3,QED Weighted,Aromatic Rings,Structure Type,Inorganic Flag,Heavy Atoms,Np Likeness Score,Molecular Formula,Smiles,Inchi Key,Inchi,Withdrawn Flag,Orphan,Records Key,Records Name
CHEMBL1541657,,,Small molecule,,441.59,27,51,4.53,30.49,4.0,1.0,0.0,12.0,N,0.45,1.0,MOL,-1,22.0,-0.22,C22H35NO6S,CCCCCCCSc1cc(OC)c(CCNC)cc1OC.O=C(O)/C=C\C(=O)O,IGGYDCCELBGULX-BTJKTKAUSA-N,"InChI=1S/C18H31NO2S.C4H4O4/c1-5-6-7-8-9-12-22-18-14-16(20-3)15(10-11-19-2)13-17(18)21-4;5-3(6)1-2-4(7)8/h13-14,19H,5-12H2,1-4H3;1-2H,(H,5,6)(H,7,8)/b;2-1-",False,-1,['SID17387473'],['SID17387473']
CHEMBL4758943,,,Unknown,,282.37,3,12,3.42,44.1,3.0,0.0,0.0,4.0,N,0.86,2.0,MOL,-1,20.0,-2.69,C16H14N2OS,N#Cc1ccc(C(=O)N(Cc2cccs2)C2CC2)cc1,WYAGGMZTARRIDX-UHFFFAOYSA-N,"InChI=1S/C16H14N2OS/c17-10-12-3-5-13(6-4-12)16(19)18(14-7-8-14)11-15-2-1-9-20-15/h1-6,9,14H,7-8,11H2",False,-1,"['3f', '50; MR837', '4; MR837', '2; MR837']","['4-cyano-N-cyclopropyl-N-(thiophen-2-ylmethyl)benzamide', '4-cyano-N-cyclopropyl-N-(thiophen-2-ylmethyl)benzamide', '4-cyano-N-cyclopropyl-N-(thiophen-2-ylmethyl)benzamide', '4-cyano-N-cyclopropyl-N-(2-thienylmethyl)benzamide']"
CHEMBL1492110,,,Small molecule,,251.29,24,33,2.53,37.38,3.0,0.0,0.0,1.0,Y,0.67,2.0,MOL,-1,19.0,-0.07,C16H13NO2,CN(C)c1cccc2c1C(=O)c1ccccc1C2=O,FCWBHVZCSYIWHX-UHFFFAOYSA-N,"InChI=1S/C16H13NO2/c1-17(2)13-9-5-8-12-14(13)16(19)11-7-4-3-6-10(11)15(12)18/h3-9H,1-2H3",False,-1,['SID17506473'],['SID17506473']
CHEMBL4760411,,,Unknown,,299.8,1,2,4.63,20.31,1.0,0.0,0.0,2.0,N,0.79,2.0,MOL,-1,21.0,-1.34,C18H18ClNO,Cc1ccc(C(=O)N2CCCC2c2ccc(Cl)cc2)cc1,KXDOUGDRFXEISK-UHFFFAOYSA-N,"InChI=1S/C18H18ClNO/c1-13-4-6-15(7-5-13)18(21)20-12-2-3-17(20)14-8-10-16(19)11-9-14/h4-11,17H,2-3,12H2,1H3",False,-1,['2i'],['(2-(4-chlorophenyl)pyrrolidin-1-yl)(p-tolyl)methanone']
CHEMBL5406103,,,,,490.65,1,1,2.78,58.02,6.0,0.0,0.0,4.0,N,0.66,2.0,MOL,-1,36.0,-0.94,C29H38N4O3,CC(=O)N1CCC(N2C[C@@H]3C[C@@H](C2)c2ccc(-c4ccccc4CN4CCOCC4)c(=O)n2C3)CC1,WLGRGOGJTIXJGZ-UPVQGACJSA-N,"InChI=1S/C29H38N4O3/c1-21(34)31-10-8-25(9-11-31)32-17-22-16-24(20-32)28-7-6-27(29(35)33(28)18-22)26-5-3-2-4-23(26)19-30-12-14-36-15-13-30/h2-7,22,24-25H,8-20H2,1H3/t22-,24-/m0/s1",False,-1,['10; LEM-06'],"['(1S,5S)-3-(1-acetylpiperidin-4-yl)-9-(2-(morpholinomethyl)phenyl)-1,2,3,4,5,6-hexahydro-8H-1,5-methanopyrido[1,2-a][1,5]diazocin-8-one']"
CHEMBL4762702,,,Unknown,,270.33,1,2,2.2,53.33,3.0,0.0,0.0,4.0,N,0.84,1.0,MOL,-1,20.0,-1.64,C16H18N2O2,N#Cc1ccc(C(=O)N(CC2CCOC2)C2CC2)cc1,JPZDEPRCOUWPRE-UHFFFAOYSA-N,"InChI=1S/C16H18N2O2/c17-9-12-1-3-14(4-2-12)16(19)18(15-5-6-15)10-13-7-8-20-11-13/h1-4,13,15H,5-8,10-11H2",False,-1,['3g'],['4-cyano-N-cyclopropyl-N-((tetrahydrofuran-3-yl)methyl)benzamide']
CHEMBL1369552,,,Small molecule,,361.42,7,8,3.26,32.26,3.0,2.0,0.0,4.0,N,0.87,2.0,MOL,-1,17.0,-0.25,C18H19NO5S,CNCc1ccccc1Sc1cccc(O)c1.O=C(O)/C=C\C(=O)O,GACCLCMOZBICCB-BTJKTKAUSA-N,"InChI=1S/C14H15NOS.C4H4O4/c1-15-10-11-5-2-3-8-14(11)17-13-7-4-6-12(16)9-13;5-3(6)1-2-4(7)8/h2-9,15-16H,10H2,1H3;1-2H,(H,5,6)(H,7,8)/b;2-1-",False,-1,['SID22414527'],['SID22414527']
CHEMBL4848209,,,Unknown,,566.12,1,1,5.53,87.74,5.0,2.0,2.0,8.0,N,0.31,4.0,MOL,-1,38.0,-1.26,C30H32ClN3O4S,Cl.O=C(OCc1ccccc1)N1CCC(Nc2cccc3c(S(=O)(=O)NCc4ccccc4)cccc23)CC1,OFUOYSGDRQQVST-UHFFFAOYSA-N,"InChI=1S/C30H31N3O4S.ClH/c34-30(37-22-24-11-5-2-6-12-24)33-19-17-25(18-20-33)32-28-15-7-14-27-26(28)13-8-16-29(27)38(35,36)31-21-23-9-3-1-4-10-23;/h1-16,25,31-32H,17-22H2;1H",False,-1,['11ab'],['Benzyl 4-(5-(N-benzylsulfamoyl)naphthalen-1-ylamino)piperidine-1-carboxylate hydrochloride']
CHEMBL4551960,,,Unknown,,337.26,24,24,3.15,23.55,2.0,0.0,0.0,1.0,N,0.79,1.0,MOL,-1,20.0,-0.8,C16H21BrN2O,CN1CCC2(CCCN2C(=O)c2cccc(Br)c2)CC1,OJKBHVMBBHIEHU-UHFFFAOYSA-N,"InChI=1S/C16H21BrN2O/c1-18-10-7-16(8-11-18)6-3-9-19(16)15(20)13-4-2-5-14(17)12-13/h2,4-5,12H,3,6-11H2,1H3",False,-1,['21'],"['(3-bromophenyl)(8-methyl-1,8-diazaspiro[4.5]decan-1-yl)methanone']"
CHEMBL1334809,,,Small molecule,,470.05,24,47,5.85,39.72,4.0,1.0,1.0,12.0,N,0.39,3.0,MOL,-1,32.0,-0.14,C28H36ClNO3,COc1cc(OC)c(OC)cc1CCC(C)NCCC(c1ccccc1)c1ccccc1.Cl,QYYDHSMELSBGDX-UHFFFAOYSA-N,"InChI=1S/C28H35NO3.ClH/c1-21(15-16-24-19-27(31-3)28(32-4)20-26(24)30-2)29-18-17-25(22-11-7-5-8-12-22)23-13-9-6-10-14-23;/h5-14,19-21,25,29H,15-18H2,1-4H3;1H",False,-1,['SID49647037'],['SID49647037']
CHEMBL1429639,,,Small molecule,,366.24,13,14,4.15,21.26,2.0,1.0,0.0,7.0,N,0.76,1.0,MOL,-1,17.0,-1.57,C15H21Cl2NO5,CCC(C)NCCCOc1cc(Cl)ccc1Cl.O=C(O)C(=O)O,YPAZHWONPJWLGE-UHFFFAOYSA-N,"InChI=1S/C13H19Cl2NO.C2H2O4/c1-3-10(2)16-7-4-8-17-13-9-11(14)5-6-12(13)15;3-1(4)2(5)6/h5-6,9-10,16H,3-4,7-8H2,1-2H3;(H,3,4)(H,5,6)",False,-1,['SID14746315'],['SID14746315']
CHEMBL1478597,,,Small molecule,,413.54,21,34,3.75,30.49,4.0,1.0,0.0,10.0,N,0.53,1.0,MOL,-1,20.0,-0.29,C20H31NO6S,CCCCCSc1cc(OC)c(CCNC)cc1OC.O=C(O)/C=C\C(=O)O,XWIXDAQCAHECQM-BTJKTKAUSA-N,"InChI=1S/C16H27NO2S.C4H4O4/c1-5-6-7-10-20-16-12-14(18-3)13(8-9-17-2)11-15(16)19-4;5-3(6)1-2-4(7)8/h11-12,17H,5-10H2,1-4H3;1-2H,(H,5,6)(H,7,8)/b;2-1-",False,-1,['SID17386395'],['SID17386395']
CHEMBL1549699,,,Small molecule,,259.75,11,13,2.74,20.31,2.0,0.0,0.0,6.0,N,0.69,1.0,MOL,-1,16.0,-1.47,C13H19ClFNO,CCN(CC)CCC(=O)c1ccc(F)cc1.Cl,AKNWAXJGJZVLIU-UHFFFAOYSA-N,"InChI=1S/C13H18FNO.ClH/c1-3-15(4-2)10-9-13(16)11-5-7-12(14)8-6-11;/h5-8H,3-4,9-10H2,1-2H3;1H",False,-1,['SID24805262'],['SID24805262']
CHEMBL1410602,,,Small molecule,,303.32,74,78,0.92,134.76,5.0,3.0,0.0,2.0,N,0.55,2.0,MOL,-1,19.0,-0.54,C10H9NO6S2,Nc1cc(S(=O)(=O)O)cc2ccc(S(=O)(=O)O)cc12,XGQWHHCZIMXNHG-UHFFFAOYSA-N,"InChI=1S/C10H9NO6S2/c11-10-5-8(19(15,16)17)3-6-1-2-7(4-9(6)10)18(12,13)14/h1-5H,11H2,(H,12,13,14)(H,15,16,17)",False,-1,"['SID87335411', 'SID50108233', 'SID93515', 'SID4252878']","['SID87335411', 'SID50108233', 'SID93515', 'SID4252878']"
CHEMBL1585740,,,Small molecule,,260.25,29,33,0.59,88.51,5.0,1.0,0.0,3.0,N,0.8,1.0,MOL,-1,19.0,0.48,C14H12O5,CC(=O)C(C(C)=O)C1(O)C(=O)c2ccccc2C1=O,UNWNYZDNRAAMSU-UHFFFAOYSA-N,"InChI=1S/C14H12O5/c1-7(15)11(8(2)16)14(19)12(17)9-5-3-4-6-10(9)13(14)18/h3-6,11,19H,1-2H3",False,-1,['SID17511669'],['SID17511669']
CHEMBL1417929,,,Small molecule,,410.45,42,65,1.48,109.41,6.0,2.0,0.0,4.0,N,0.79,2.0,MOL,-1,29.0,-1.01,C21H18N2O5S,O=C(NC1=C(NC2CCS(=O)(=O)C2)C(=O)c2ccccc2C1=O)c1ccccc1,XXPFGRVEANGYDQ-UHFFFAOYSA-N,"InChI=1S/C21H18N2O5S/c24-19-15-8-4-5-9-16(15)20(25)18(23-21(26)13-6-2-1-3-7-13)17(19)22-14-10-11-29(27,28)12-14/h1-9,14,22H,10-12H2,(H,23,26)",False,-1,['SID24782350'],['SID24782350']
CHEMBL1510543,,,Small molecule,,348.49,30,46,4.85,28.41,3.0,1.0,0.0,9.0,N,0.56,3.0,MOL,-1,26.0,-0.82,C23H28N2O,CN(C)c1ccc(CNCCC(Cc2ccccc2)c2ccco2)cc1,OYQJNUZLJJABAF-UHFFFAOYSA-N,"InChI=1S/C23H28N2O/c1-25(2)22-12-10-20(11-13-22)18-24-15-14-21(23-9-6-16-26-23)17-19-7-4-3-5-8-19/h3-13,16,21,24H,14-15,17-18H2,1-2H3",False,-1,['SID24789030'],['SID24789030']
CHEMBL1407056,,,Small molecule,,537.4,39,42,5.21,107.09,7.0,1.0,2.0,6.0,N,0.3,5.0,MOL,-1,34.0,-1.72,C24H17BrN4O4S,C=CCn1c(NC(=O)c2ccc(Br)o2)c(S(=O)(=O)c2ccccc2)c2nc3ccccc3nc21,DVABFXXYVAIDBD-UHFFFAOYSA-N,"InChI=1S/C24H17BrN4O4S/c1-2-14-29-22-20(26-16-10-6-7-11-17(16)27-22)21(34(31,32)15-8-4-3-5-9-15)23(29)28-24(30)18-12-13-19(25)33-18/h2-13H,1,14H2,(H,28,30)",False,-1,"['SID87347062', 'SID14743327']","['SID87347062', 'SID14743327']"
CHEMBL5562153,,,,,362.43,2,4,3.16,82.17,5.0,2.0,0.0,3.0,N,0.75,3.0,MOL,-1,27.0,-0.55,C21H22N4O2,Cc1cc(CN)cc(C)c1-c1ncn(C)c1-c1ccc2c(c1)OCC(=O)N2,ULLWFQAIKLJZRX-UHFFFAOYSA-N,"InChI=1S/C21H22N4O2/c1-12-6-14(9-22)7-13(2)19(12)20-21(25(3)11-23-20)15-4-5-16-17(8-15)27-10-18(26)24-16/h4-8,11H,9-10,22H2,1-3H3,(H,24,26)",False,-1,['6'],"['7-[5-[4-(aminomethyl)-2,6-dimethyl-phenyl]-3-methyl-imidazol-4-yl]-4H-1,4-benzoxazin-3-one']"
CHEMBL1990734,,,Small molecule,,462.42,21,24,3.89,161.01,7.0,4.0,0.0,6.0,N,0.11,3.0,MOL,-1,31.0,-0.7,C20H15N4NaO6S,O=C(O)c1ccccc1N=N/C(=N/Nc1cc(S(=O)(=O)[O-])ccc1O)c1ccccc1.[Na+],XBGLXASXFRESIN-JGXOCYJHSA-M,"InChI=1S/C20H16N4O6S.Na/c25-18-11-10-14(31(28,29)30)12-17(18)22-24-19(13-6-2-1-3-7-13)23-21-16-9-5-4-8-15(16)20(26)27;/h1-12,22,25H,(H,26,27)(H,28,29,30);/q;+1/p-1/b23-21?,24-19+;",False,-1,['SID57261364'],['SID57261364']
CHEMBL1306565,,,Small molecule,,580.66,56,78,4.01,130.96,7.0,1.0,1.0,8.0,N,0.19,2.0,MOL,-1,38.0,-0.42,C27H29N2NaO7S2,CCN(CC)c1ccc2c(-c3ccc(S(=O)(=O)[O-])cc3S(=O)(=O)[O-])c3ccc(=[N+](CC)CC)cc-3oc2c1.[Na+],SXQCTESRRZBPHJ-UHFFFAOYSA-M,"InChI=1S/C27H30N2O7S2.Na/c1-5-28(6-2)18-9-12-21-24(15-18)36-25-16-19(29(7-3)8-4)10-13-22(25)27(21)23-14-11-20(37(30,31)32)17-26(23)38(33,34)35;/h9-17H,5-8H2,1-4H3,(H-,30,31,32,33,34,35);/q;+1/p-1",False,-1,"['SID49725089', 'SID160651749', 'LRB-SO3-Na+']","['SID49725089', 'SID160651749', 'sodium 4-(6-(diethylamino)-3-(diethyliminio)-3H-xanthen-9-yl)benzene-1,3-disulfonate']"
CHEMBL5835114,,,,,548.0,1,3,4.3,124.66,9.0,2.0,1.0,5.0,N,0.31,5.0,MOL,-1,39.0,-0.96,C27H24ClF2N9,Nc1ncnc2c1ncn2Cc1cc(-c2ccc(F)cc2F)ncc1N1CCC[C@](N)(c2cccc(Cl)n2)C1,CWCFNQAKFWLGNB-HHHXNRCGSA-N,"InChI=1S/C27H24ClF2N9/c28-23-4-1-3-22(37-23)27(32)7-2-8-38(13-27)21-11-33-20(18-6-5-17(29)10-19(18)30)9-16(21)12-39-15-36-24-25(31)34-14-35-26(24)39/h1,3-6,9-11,14-15H,2,7-8,12-13,32H2,(H2,31,34,35)/t27-/m1/s1",False,-1,['BDBM568036'],"['US11420970, Example 238']"
CHEMBL6061891,,,,,492.49,1,3,2.88,124.08,9.0,2.0,0.0,4.0,N,0.45,4.0,MOL,-1,36.0,-0.83,C24H22F2N8O2,Nc1ncnc2c1ncn2Cc1cc(-c2ccc(F)c(F)c2)ncc1N1CCC[C@]2(COC(=O)N2)C1,WVXYRHIQASBBFS-XMMPIXPASA-N,"InChI=1S/C24H22F2N8O2/c25-16-3-2-14(6-17(16)26)18-7-15(9-34-13-31-20-21(27)29-12-30-22(20)34)19(8-28-18)33-5-1-4-24(10-33)11-36-23(35)32-24/h2-3,6-8,12-13H,1,4-5,9-11H2,(H,32,35)(H2,27,29,30)/t24-/m1/s1",False,-1,['BDBM568090'],"['US11420970, Example 292']"
CHEMBL5892786,,,,,452.93,1,3,3.05,111.77,8.0,2.0,0.0,4.0,N,0.49,4.0,MOL,-1,32.0,-1.08,C22H22ClFN8,Nc1ncnc2c1ncn2Cc1cc(-c2cccc(Cl)c2)ncc1N1CC[C@@H](F)[C@@H](N)C1,HHSSRPXFWNXMIH-SJORKVTESA-N,"InChI=1S/C22H22ClFN8/c23-15-3-1-2-13(6-15)18-7-14(9-32-12-30-20-21(26)28-11-29-22(20)32)19(8-27-18)31-5-4-16(24)17(25)10-31/h1-3,6-8,11-12,16-17H,4-5,9-10,25H2,(H2,26,28,29)/t16-,17+/m1/s1",False,-1,['BDBM567811'],"['US11420970, Example 12']"
CHEMBL5792196,,,,,478.53,1,3,2.22,130.23,10.0,2.0,0.0,6.0,N,0.43,4.0,MOL,-1,35.0,-0.79,C24H27FN8O2,COc1ccc(-c2cc(Cn3cnc4c(N)ncnc43)c(N3CCC(OC)C(N)C3)cn2)cc1F,WVDLHKVHWZHAQI-UHFFFAOYSA-N,"InChI=1S/C24H27FN8O2/c1-34-20-4-3-14(7-16(20)25)18-8-15(10-33-13-31-22-23(27)29-12-30-24(22)33)19(9-28-18)32-6-5-21(35-2)17(26)11-32/h3-4,7-9,12-13,17,21H,5-6,10-11,26H2,1-2H3,(H2,27,29,30)",False,-1,['BDBM567814'],"['US11420970, Example 15']"
CHEMBL5783629,,,,,478.99,1,3,3.12,121.0,9.0,2.0,0.0,6.0,N,0.43,4.0,MOL,-1,34.0,-0.75,C24H27ClN8O,COC[C@@]1(N)CCCN(c2cnc(-c3cccc(Cl)c3)cc2Cn2cnc3c(N)ncnc32)C1,KTUHWZKSTCXWJK-XMMPIXPASA-N,"InChI=1S/C24H27ClN8O/c1-34-13-24(27)6-3-7-32(12-24)20-10-28-19(16-4-2-5-18(25)8-16)9-17(20)11-33-15-31-21-22(26)29-14-30-23(21)33/h2,4-5,8-10,14-15H,3,6-7,11-13,27H2,1H3,(H2,26,29,30)/t24-/m1/s1",False,-1,['BDBM567826'],"['US11420970, Example 27']"
CHEMBL5746821,,,,,494.55,1,3,3.13,121.0,9.0,2.0,0.0,7.0,N,0.4,4.0,MOL,-1,36.0,-0.94,C25H28F2N8O,COCCC1(N)CCCN(c2cnc(-c3ccc(F)c(F)c3)cc2Cn2cnc3c(N)ncnc32)C1,UYGIDXNUVZZZBA-UHFFFAOYSA-N,"InChI=1S/C25H28F2N8O/c1-36-8-6-25(29)5-2-7-34(13-25)21-11-30-20(16-3-4-18(26)19(27)9-16)10-17(21)12-35-15-33-22-23(28)31-14-32-24(22)35/h3-4,9-11,14-15H,2,5-8,12-13,29H2,1H3,(H2,28,31,32)",False,-1,['BDBM567859'],"['US11420970, Example 60']"
CHEMBL5878441,,,,,541.61,1,3,4.29,124.66,9.0,2.0,1.0,6.0,N,0.33,5.0,MOL,-1,40.0,-1.07,C29H29F2N9,C[C@@H](c1ccccn1)[C@@]1(N)CCCN(c2cnc(-c3ccc(F)c(F)c3)cc2Cn2cnc3c(N)ncnc32)C1,VRNWBFKTNPORKJ-RBSBEOHCSA-N,"InChI=1S/C29H29F2N9/c1-18(23-5-2-3-9-34-23)29(33)8-4-10-39(15-29)25-13-35-24(19-6-7-21(30)22(31)11-19)12-20(25)14-40-17-38-26-27(32)36-16-37-28(26)40/h2-3,5-7,9,11-13,16-18H,4,8,10,14-15,33H2,1H3,(H2,32,36,37)/t18-,29+/m0/s1",False,-1,['BDBM567864'],"['US11420970, Example 65']"
CHEMBL5956697,,,,,530.53,1,3,3.03,132.0,9.0,3.0,1.0,6.0,N,0.32,4.0,MOL,-1,38.0,-0.67,C25H26F4N8O,Cc1cc(F)c(F)cc1-c1cc(Cn2cnc3c(N)ncnc32)c(N2CCC[C@](N)([C@@H](O)C(F)F)C2)cn1,OMGRTNUHVISOGJ-SQJMNOBHSA-N,"InChI=1S/C25H26F4N8O/c1-13-5-16(26)17(27)7-15(13)18-6-14(9-37-12-35-20-23(30)33-11-34-24(20)37)19(8-32-18)36-4-2-3-25(31,10-36)21(38)22(28)29/h5-8,11-12,21-22,38H,2-4,9-10,31H2,1H3,(H2,30,33,34)/t21-,25+/m0/s1",False,-1,['BDBM567916'],"['US11420970, Example 117']"
CHEMBL5998663,,,,,548.52,1,3,3.52,132.0,9.0,3.0,1.0,7.0,N,0.3,4.0,MOL,-1,39.0,-0.67,C25H25F5N8O,Nc1ncnc2c1ncn2Cc1cc(-c2ccc(F)cc2C(F)F)ncc1N1CCC[C@](N)([C@@H](O)C(F)F)C1,JJBKELQFVFMFOA-NBGIEHNGSA-N,"InChI=1S/C25H25F5N8O/c26-14-2-3-15(16(7-14)21(27)28)17-6-13(9-38-12-36-19-23(31)34-11-35-24(19)38)18(8-33-17)37-5-1-4-25(32,10-37)20(39)22(29)30/h2-3,6-8,11-12,20-22,39H,1,4-5,9-10,32H2,(H2,31,34,35)/t20-,25+/m0/s1",False,-1,['BDBM567957'],"['US11420970, Example 158']"
CHEMBL6057026,,,,,523.62,1,3,4.07,124.66,9.0,2.0,1.0,6.0,N,0.34,5.0,MOL,-1,39.0,-0.99,C29H30FN9,CCc1cccc([C@@]2(N)CCCN(c3cnc(-c4ccc(F)cc4)cc3Cn3cnc4c(N)ncnc43)C2)n1,NCYXEBMLPISALN-GDLZYMKVSA-N,"InChI=1S/C29H30FN9/c1-2-22-5-3-6-25(37-22)29(32)11-4-12-38(16-29)24-14-33-23(19-7-9-21(30)10-8-19)13-20(24)15-39-18-36-26-27(31)34-17-35-28(26)39/h3,5-10,13-14,17-18H,2,4,11-12,15-16,32H2,1H3,(H2,31,34,35)/t29-/m1/s1",False,-1,['BDBM568000'],"['US11420970, Example 202']"
CHEMBL1709883,,,Small molecule,,487.97,35,49,2.92,83.88,6.0,1.0,0.0,7.0,N,0.63,1.0,MOL,-1,27.0,-1.15,C19H26ClN5O6S,CCN(CC)CCCC(C)n1c2nc(=O)[nH]c(=O)c-2nc2cc(Cl)ccc21.O=S(=O)(O)O,AQQZAHFUJIPVSM-UHFFFAOYSA-N,"InChI=1S/C19H24ClN5O2.H2O4S/c1-4-24(5-2)10-6-7-12(3)25-15-9-8-13(20)11-14(15)21-16-17(25)22-19(27)23-18(16)26;1-5(2,3)4/h8-9,11-12H,4-7,10H2,1-3H3,(H,23,26,27);(H2,1,2,3,4)",False,-1,['SID87349331'],['SID87349331']
CHEMBL1304273,,,Small molecule,,389.24,25,32,3.54,24.11,1.0,1.0,0.0,2.0,N,0.7,3.0,MOL,-1,20.0,0.46,C18H16INO,C[n+]1ccc(/C=C/c2ccccc2O)c2ccccc21.[I-],RVEVKNWVAYDNPG-UHFFFAOYSA-N,"InChI=1S/C18H15NO.HI/c1-19-13-12-14(16-7-3-4-8-17(16)19)10-11-15-6-2-5-9-18(15)20;/h2-13H,1H3;1H",False,-1,['SID24814605'],['SID24814605']
CHEMBL584225,,,Small molecule,,289.85,10,14,4.04,12.03,1.0,1.0,0.0,6.0,N,0.75,1.0,MOL,-1,19.0,1.07,C18H24ClN,C=CCC1C=C(Cc2ccccc2)CC(CC=C)N1.Cl,ATHJAPULIUWHSH-UHFFFAOYSA-N,"InChI=1S/C18H23N.ClH/c1-3-8-17-13-16(14-18(19-17)9-4-2)12-15-10-6-5-7-11-15;/h3-7,10-11,13,17-19H,1-2,8-9,12,14H2;1H",False,-1,"['GNF-Pf-4586', 'GNF-Pf-4586', 'SID24809666']","['GNF-Pf-4586', 'GNF-Pf-4586', 'SID24809666']"
CHEMBL1342821,,,Small molecule,,370.86,37,47,5.12,65.38,5.0,3.0,1.0,3.0,N,0.46,4.0,MOL,-1,24.0,-1.02,C19H15ClN2O2S,Cl.Oc1ccc(-c2csc(Nc3cccc4ccccc34)n2)cc1O,UBJSGMXYKDIPSE-UHFFFAOYSA-N,"InChI=1S/C19H14N2O2S.ClH/c22-17-9-8-13(10-18(17)23)16-11-24-19(21-16)20-15-7-3-5-12-4-1-2-6-14(12)15;/h1-11,22-23H,(H,20,21);1H",False,-1,['SID47202173'],['SID47202173']
CHEMBL1996376,,,Small molecule,,265.27,65,99,3.15,69.89,4.0,2.0,0.0,1.0,N,0.83,2.0,MOL,-1,20.0,0.24,C16H11NO3,O=C1C(O)=C/C(=N\c2ccccc2O)c2ccccc21,XXUIZAYXUCISNF-GHRIWEEISA-N,"InChI=1S/C16H11NO3/c18-14-8-4-3-7-12(14)17-13-9-15(19)16(20)11-6-2-1-5-10(11)13/h1-9,18-19H/b17-13+",False,-1,"['SID14741699', '6']","['SID14741699', '4-(2-hydroxyphenylamino)naphthalene-1,2-dione']"
CHEMBL1713464,,,Small molecule,,517.46,38,54,3.94,23.55,3.0,0.0,0.0,4.0,N,0.58,2.0,MOL,-1,29.0,-0.14,C25H32IN3O,CN(C)c1ccc(/C=C2/C[N+](C)(C)C/C(=C/c3ccc(N(C)C)cc3)C2=O)cc1.[I-],JVOYGKMQZMEFBW-LBQDPBSMSA-M,"InChI=1S/C25H32N3O.HI/c1-26(2)23-11-7-19(8-12-23)15-21-17-28(5,6)18-22(25(21)29)16-20-9-13-24(14-10-20)27(3)4;/h7-16H,17-18H2,1-6H3;1H/q+1;/p-1/b21-15-,22-16-;",False,-1,['SID92764810'],['SID92764810']
CHEMBL417727,,,Small molecule,,223.23,107,175,2.31,60.16,3.0,1.0,0.0,0.0,N,0.55,2.0,MOL,-1,17.0,0.12,C14H9NO2,Nc1ccc2c(c1)C(=O)C(=O)c1ccccc1-2,HENHQTJCDFNZOI-UHFFFAOYSA-N,"InChI=1S/C14H9NO2/c15-8-5-6-10-9-3-1-2-4-11(9)13(16)14(17)12(10)7-8/h1-7H,15H2",False,-1,"['20', '3', 'NSC 77642', 'SID14730721', 'BDBM50099737', 'PD086277', 'EOS101952', 'PD086277']","[None, '2-Amino-phenanthrene-9,10-dione', '2-aminophenanthrene-9,10-dione', 'SID14730721', '2-Amino-phenanthrene-9,10-dione::CHEMBL417727::US9073941, 902::cid_254021', 'PD086277', 'PD086277', 'PD086277']"
CHEMBL1355280,,,Small molecule,,369.36,22,28,1.33,136.87,8.0,2.0,0.0,6.0,N,0.44,1.0,MOL,-1,25.0,-1.46,C14H15N3O7S,CCOC(=O)C1=C(COC(=O)c2ccc([N+](=O)[O-])s2)NC(=O)NC1C,JRVPWUOQZCWYBF-UHFFFAOYSA-N,"InChI=1S/C14H15N3O7S/c1-3-23-13(19)11-7(2)15-14(20)16-8(11)6-24-12(18)9-4-5-10(25-9)17(21)22/h4-5,7H,3,6H2,1-2H3,(H2,15,16,20)",False,-1,['SID85198535'],['SID85198535']
CHEMBL1550788,,,Small molecule,,344.38,31,39,1.27,114.08,7.0,2.0,0.0,2.0,N,0.85,2.0,MOL,-1,21.0,-1.13,C16H20N6O3,CC(=O)O.COc1cc2c(C#N)c(N3CCCC3)nc(N)c2c(N)n1,RVDNVOIMMVZFMF-UHFFFAOYSA-N,"InChI=1S/C14H16N6O.C2H4O2/c1-21-10-6-8-9(7-15)14(20-4-2-3-5-20)19-13(17)11(8)12(16)18-10;1-2(3)4/h6H,2-5H2,1H3,(H2,16,18)(H2,17,19);1H3,(H,3,4)",False,-1,['SID24828713'],['SID24828713']
CHEMBL5619142,,,,,341.42,1,1,2.05,74.51,7.0,0.0,0.0,4.0,N,0.84,2.0,MOL,-1,25.0,-0.91,C18H23N5O2,COc1cc2nc(C#N)nc(N(C)C3CCN(C)CC3)c2cc1OC,VIHPXJVMPDXAPA-UHFFFAOYSA-N,"InChI=1S/C18H23N5O2/c1-22-7-5-12(6-8-22)23(2)18-13-9-15(24-3)16(25-4)10-14(13)20-17(11-19)21-18/h9-10,12H,5-8H2,1-4H3",False,-1,['19'],"['6,7-Dimethoxy-4-(methyl(1-methylpiperidin-4-yl)amino)quinazoline-2-carbonitrile']"
CHEMBL5618415,,,,,341.42,1,1,2.27,83.3,7.0,1.0,0.0,5.0,N,0.89,2.0,MOL,-1,25.0,-0.84,C18H23N5O2,COc1cc2nc(C#N)nc(NCC3CCN(C)CC3)c2cc1OC,QYSJCUCYFALERS-UHFFFAOYSA-N,"InChI=1S/C18H23N5O2/c1-23-6-4-12(5-7-23)11-20-18-13-8-15(24-2)16(25-3)9-14(13)21-17(10-19)22-18/h8-9,12H,4-7,11H2,1-3H3,(H,20,21,22)",False,-1,['26'],"['6,7-Dimethoxy-4-(((1-methylpiperidin-4-yl)methyl)amino)quinazoline-2-carbonitrile']"
CHEMBL1458321,,,Small molecule,,350.16,39,53,2.49,83.47,4.0,2.0,0.0,2.0,N,0.64,2.0,MOL,-1,23.0,-0.23,C16H9Cl2NO4,O=C(NC1(O)C(=O)c2ccccc2C1=O)c1c(Cl)cccc1Cl,AFVBNYYWHQHUGU-UHFFFAOYSA-N,"InChI=1S/C16H9Cl2NO4/c17-10-6-3-7-11(18)12(10)15(22)19-16(23)13(20)8-4-1-2-5-9(8)14(16)21/h1-7,23H,(H,19,22)",False,-1,['SID26729743'],['SID26729743']
CHEMBL5557539,,,,,432.52,2,4,3.53,68.62,6.0,1.0,0.0,4.0,N,0.68,3.0,MOL,-1,32.0,-1.0,C25H28N4O3,Cc1cc(CN2CCOCC2)cc(C)c1-c1ncn(C)c1-c1ccc2c(c1)OCC(=O)N2,MZLIUXKMCHXQNU-UHFFFAOYSA-N,"InChI=1S/C25H28N4O3/c1-16-10-18(13-29-6-8-31-9-7-29)11-17(2)23(16)24-25(28(3)15-26-24)19-4-5-20-21(12-19)32-14-22(30)27-20/h4-5,10-12,15H,6-9,13-14H2,1-3H3,(H,27,30)",False,-1,['9'],"['7-(4-(2,6-Dimethyl)-4-(morpholinomethyl)phenyl)-1-methyl-1H-imidazol-5-yl)-2H-benzo[b][1,4]oxazin-3(4H)-one']"
CHEMBL5542933,,,,,445.52,3,4,2.76,97.28,6.0,3.0,0.0,6.0,N,0.54,3.0,MOL,-1,33.0,-0.65,C25H27N5O3,Cc1cc(CNC[C@H]2CCC(=O)N2)ccc1-c1ncn(C)c1-c1ccc2c(c1)OCC(=O)N2,PZQHTJPFTVSYKN-GOSISDBHSA-N,"InChI=1S/C25H27N5O3/c1-15-9-16(11-26-12-18-5-8-22(31)28-18)3-6-19(15)24-25(30(2)14-27-24)17-4-7-20-21(10-17)33-13-23(32)29-20/h3-4,6-7,9-10,14,18,26H,5,8,11-13H2,1-2H3,(H,28,31)(H,29,32)/t18-/m1/s1",False,-1,['27'],"['(R)-7-(1-methyl-4-(2-methyl-4-((((5-oxopyrrolidin-2-yl)methyl)amino)methyl)phenyl)-1H-imidazol-5-yl)-2H-benzo[b][1,4]oxazin-3(4H)-one']"
CHEMBL1373577,,,Small molecule,,263.3,55,86,3.21,46.17,3.0,1.0,0.0,2.0,N,0.85,2.0,MOL,-1,20.0,0.0,C17H13NO2,Cc1ccc(NC2=CC(=O)C(=O)c3ccccc32)cc1,ICGLGYCHUQDWMB-UHFFFAOYSA-N,"InChI=1S/C17H13NO2/c1-11-6-8-12(9-7-11)18-15-10-16(19)17(20)14-5-3-2-4-13(14)15/h2-10,18H,1H3",False,-1,"['SID14727826', '11']","['SID14727826', '4-(p-tolylamino)naphthalene-1,2-dione']"
CHEMBL4857152,,,Unknown,,402.95,1,1,4.14,58.2,3.0,2.0,0.0,7.0,N,0.66,3.0,MOL,-1,26.0,-1.27,C21H23ClN2O2S,Cl.O=S(=O)(NCc1ccccc1)c1cccc2c(NCC3CC3)cccc12,WRLWLOLWASAMBI-UHFFFAOYSA-N,"InChI=1S/C21H22N2O2S.ClH/c24-26(25,23-15-16-6-2-1-3-7-16)21-11-5-8-18-19(21)9-4-10-20(18)22-14-17-12-13-17;/h1-11,17,22-23H,12-15H2;1H",False,-1,['11u'],['N-Benzyl-5-((cyclopropylmethyl)amino)naphthalene-1-sulfonamide hydrochloride']
CHEMBL1460809,,,Small molecule,,375.45,16,30,4.63,21.26,3.0,1.0,0.0,4.0,N,0.83,2.0,MOL,-1,20.0,-0.18,C19H21NO5S,CNCCCC1Sc2ccccc2Oc2ccccc21.O=C(O)C(=O)O,BLYDUCXITICPMK-UHFFFAOYSA-N,"InChI=1S/C17H19NOS.C2H2O4/c1-18-12-6-11-16-13-7-2-3-8-14(13)19-15-9-4-5-10-17(15)20-16;3-1(4)2(5)6/h2-5,7-10,16,18H,6,11-12H2,1H3;(H,3,4)(H,5,6)",False,-1,['SID14727889'],['SID14727889']
CHEMBL5402803,,,,,597.76,2,7,-1.3,250.49,7.0,9.0,2.0,20.0,N,0.05,0.0,MOL,-1,42.0,-0.1,C27H51N9O6,CCCC[C@H](NC(=O)[C@@H](NC(=O)CNC(C)=O)C(C)C)C(=O)N[C@@H](CCCNC(=N)N)C(=O)N[C@H](C(N)=O)[C@@H](C)CC,HFTWJOGNIDLGNZ-ITJSPEIASA-N,"InChI=1S/C27H51N9O6/c1-7-9-11-18(34-26(42)21(15(3)4)35-20(38)14-32-17(6)37)24(40)33-19(12-10-13-31-27(29)30)25(41)36-22(23(28)39)16(5)8-2/h15-16,18-19,21-22H,7-14H2,1-6H3,(H2,28,39)(H,32,37)(H,33,40)(H,34,42)(H,35,38)(H,36,41)(H4,29,30,31)/t16-,18-,19-,21-,22-/m0/s1",False,-1,"['18; PTD2', 'PTD2', '32']","['(2S)-N-[(1S)-4-carbamimidamido-1-{[(1S,2S)-1-carbamoyl-2-methylbutyl]carbamoyl}butyl]-2-[(2S)-2-(2-acetamidoacetamido)-3-methylbutanamido]hexanamide', '(2S)-2-[[(2S)-2-[(2-acetamidoacetyl)amino]-3-methyl-butanoyl]amino]-N-[(1S)-1-[[(1S,2S)-1-carbamoyl-2-methyl-butyl]carbamoyl]-4-guanidino-butyl]hexanamide', '(S)-2-((S)-2-(2-acetamidoacetamido)-3-methylbutanamido)-N-((S)-1-(((2S,3S)-1-amino-3-methyl-1-oxopentan-2-yl)amino)-5-guanidino-1-oxopentan-2-yl)hexanamide']"
CHEMBL1384172,,,Small molecule,,344.33,68,94,5.52,78.34,6.0,0.0,1.0,4.0,N,0.43,5.0,MOL,-1,26.0,-0.5,C20H12N2O4,c1coc(-c2nc(-c3ccco3)c(-c3ccco3)nc2-c2ccco2)c1,SMCCOZVCDNTTQK-UHFFFAOYSA-N,InChI=1S/C20H12N2O4/c1-5-13(23-9-1)17-18(14-6-2-10-24-14)22-20(16-8-4-12-26-16)19(21-17)15-7-3-11-25-15/h1-12H,False,-1,"['SID87337160', 'SID26752276', 'SID3716320']","['SID87337160', 'SID26752276', 'SID3716320']"
CHEMBL1339868,,,Small molecule,,230.22,22,27,3.04,75.4,4.0,2.0,0.0,3.0,N,0.48,2.0,MOL,-1,17.0,-1.14,C12H10N2O3,O=[N+]([O-])c1ccccc1Nc1ccc(O)cc1,HSDSBIUUVWRHTM-UHFFFAOYSA-N,"InChI=1S/C12H10N2O3/c15-10-7-5-9(6-8-10)13-11-3-1-2-4-12(11)14(16)17/h1-8,13,15H",False,-1,['SID24818195'],['SID24818195']
CHEMBL1404493,,,Small molecule,,502.47,73,176,6.0,7.12,2.0,0.0,1.0,3.0,N,0.52,3.0,MOL,-1,27.0,-0.87,C24H27IN2S,CCN1/C(=C/c2ccc3cc(C)ccc3[n+]2CC)Sc2cc(C)c(C)cc21.[I-],UWAONFYRUIQPSR-UHFFFAOYSA-M,"InChI=1S/C24H27N2S.HI/c1-6-25-20(10-9-19-12-16(3)8-11-21(19)25)15-24-26(7-2)22-13-17(4)18(5)14-23(22)27-24;/h8-15H,6-7H2,1-5H3;1H/q+1;/p-1",False,-1,"['SID87349593', 'SID24810216', '24', 'SID24806925', 'SID85305352']","['SID87349593', 'SID24810216', '1-ethyl-2-((3-ethyl-5,6-dimethylbenzo[d]thiazol-2(3H)-ylidene)methyl)-6-methylquinolinium iodide', 'SID24806925', 'SID85305352']"
CHEMBL3197494,,,Small molecule,,283.4,33,42,3.54,20.53,4.0,0.0,0.0,2.0,N,0.7,3.0,MOL,-1,20.0,-1.91,C16H17N3S,CN(C)c1ccc(/N=c2/sc3ccccc3n2C)cc1,CFYDYDSEOZWOKG-WUKNDPDISA-N,"InChI=1S/C16H17N3S/c1-18(2)13-10-8-12(9-11-13)17-16-19(3)14-6-4-5-7-15(14)20-16/h4-11H,1-3H3/b17-16+",False,-1,['SID17385815'],['SID17385815']
CHEMBL3196778,,,Small molecule,,465.49,30,38,2.41,124.03,9.0,1.0,0.0,5.0,N,0.35,3.0,MOL,-1,33.0,-1.56,C23H19N3O6S,CCOC(=O)C1=C(C)N=c2s/c(=C/c3cccc([N+](=O)[O-])c3O)c(=O)n2C1c1ccccc1,JFHMKKLQAZOWCP-SFQUDFHCSA-N,"InChI=1S/C23H19N3O6S/c1-3-32-22(29)18-13(2)24-23-25(19(18)14-8-5-4-6-9-14)21(28)17(33-23)12-15-10-7-11-16(20(15)27)26(30)31/h4-12,19,27H,3H2,1-2H3/b17-12+",False,-1,['SID49649543'],['SID49649543']
CHEMBL1330787,,,Small molecule,,357.37,20,26,3.51,89.82,7.0,1.0,0.0,2.0,N,0.52,5.0,MOL,-1,27.0,-0.92,C20H15N5O2,COc1ccc(-n2c3nc4ccccc4nc3c3c(=N)oc(C)nc32)cc1,KTCLNXMGRDGQLU-UHFFFAOYSA-N,"InChI=1S/C20H15N5O2/c1-11-22-19-16(18(21)27-11)17-20(24-15-6-4-3-5-14(15)23-17)25(19)12-7-9-13(26-2)10-8-12/h3-10,21H,1-2H3",False,-1,['SID22409830'],['SID22409830']
CHEMBL1372237,,,Small molecule,,257.33,5,7,2.99,30.49,3.0,1.0,0.0,6.0,N,0.86,2.0,MOL,-1,19.0,-0.27,C16H19NO2,CNCc1ccc(OCc2ccccc2)c(OC)c1,GXATYTAAZYUIDJ-UHFFFAOYSA-N,"InChI=1S/C16H19NO2/c1-17-11-14-8-9-15(16(10-14)18-2)19-12-13-6-4-3-5-7-13/h3-10,17H,11-12H2,1-2H3",False,-1,['SID3714853'],['SID3714853']
CHEMBL5560302,,,,,289.73,8,18,2.14,78.85,6.0,1.0,0.0,4.0,N,0.8,3.0,MOL,-1,20.0,-1.28,C13H12ClN5O,Nc1ncnc2c1ncn2CCOc1ccc(Cl)cc1,NECCVFMLXAOCSZ-UHFFFAOYSA-N,"InChI=1S/C13H12ClN5O/c14-9-1-3-10(4-2-9)20-6-5-19-8-18-11-12(15)16-7-17-13(11)19/h1-4,7-8H,5-6H2,(H2,15,16,17)",False,-1,['2'],['9-(2-(4-chlorophenoxy)ethyl)-9H-purin-6-amine']
CHEMBL1713993,,,Small molecule,,303.84,8,13,4.22,36.95,3.0,2.0,0.0,4.0,N,0.89,2.0,MOL,-1,21.0,-0.89,C17H22ClN3,CCNC1CCC(Nc2ccnc3cc(Cl)ccc23)CC1,UINKMXMWKAYXAZ-UHFFFAOYSA-N,"InChI=1S/C17H22ClN3/c1-2-19-13-4-6-14(7-5-13)21-16-9-10-20-17-11-12(18)3-8-15(16)17/h3,8-11,13-14,19H,2,4-7H2,1H3,(H,20,21)",False,-1,['SID89854917'],['SID89854917']
CHEMBL240836,,,Small molecule,,427.3,32,36,3.3,88.74,5.0,1.0,0.0,3.0,N,0.76,2.0,MOL,-1,24.0,-1.96,C15H11BrN2O4S2,Cc1ccc(S(=O)(=O)NC2=NC(=O)/C(=C/c3ccc(Br)o3)S2)cc1,ZIGBEENSXYZRST-WQLSENKSSA-N,"InChI=1S/C15H11BrN2O4S2/c1-9-2-5-11(6-3-9)24(20,21)18-15-17-14(19)12(23-15)8-10-4-7-13(16)22-10/h2-8H,1H3,(H,17,18,19)/b12-8-",False,-1,"['12', 'SID22415022']","['N-(5-((5-bromofuran-2-yl)methylene)-4-oxo-4,5-dihydrothiazol-2-yl)-4-methylbenzenesulfonamide', 'SID22415022']"
CHEMBL1308633,,,Small molecule,,292.41,16,17,2.19,53.92,5.0,1.0,0.0,6.0,N,0.83,2.0,MOL,-1,20.0,-1.78,C14H20N4OS,CCN(CC)CCCn1c(=S)[nH]c2ncccc2c1=O,IXEYRYUCJWAXFR-UHFFFAOYSA-N,"InChI=1S/C14H20N4OS/c1-3-17(4-2)9-6-10-18-13(19)11-7-5-8-15-12(11)16-14(18)20/h5,7-8H,3-4,6,9-10H2,1-2H3,(H,15,16,20)",False,-1,['SID14738452'],['SID14738452']
CHEMBL1543835,,,Small molecule,,363.4,38,44,3.4,96.98,5.0,3.0,0.0,2.0,N,0.56,2.0,MOL,-1,26.0,-0.75,C19H13N3O3S,N=C1/C(=C/c2ccc(O)c(O)c2)C(=O)N=C2SC=C(c3ccccc3)N12,BOMRBRJPSOMQBF-FWAMYBDSSA-N,"InChI=1S/C19H13N3O3S/c20-17-13(8-11-6-7-15(23)16(24)9-11)18(25)21-19-22(17)14(10-26-19)12-4-2-1-3-5-12/h1-10,20,23-24H/b13-8-,20-17?",False,-1,['SID26659765'],['SID26659765']
CHEMBL3109278,,,Small molecule,,532.57,6,6,3.33,77.23,3.0,3.0,0.0,7.0,N,0.63,2.0,MOL,-1,29.0,-1.21,C26H33FN4O7,CCN(CC)CCNC(=O)c1c(C)[nH]c(/C=C2\C(=O)Nc3ccc(F)cc32)c1C.O=C(O)CC(O)C(=O)O,LBWFXVZLPYTWQI-HBPAQXCTSA-N,"InChI=1S/C22H27FN4O2.C4H6O5/c1-5-27(6-2)10-9-24-22(29)20-13(3)19(25-14(20)4)12-17-16-11-15(23)7-8-18(16)26-21(17)28;5-2(4(8)9)1-3(6)7/h7-8,11-12,25H,5-6,9-10H2,1-4H3,(H,24,29)(H,26,28);2,5H,1H2,(H,6,7)(H,8,9)/b17-12-;",False,-1,"['Sunitinib malate', 'SID160651837', 'Sutent']","['Sunitinib malate', 'SID160651837', 'sunitinib L-malate']"
CHEMBL1422133,,,Small molecule,,430.49,44,51,1.62,168.45,10.0,3.0,0.0,6.0,N,0.45,2.0,MOL,-1,30.0,-1.05,C19H22N6O4S,CCOC(=O)C1CCN(c2nc(N)c3c(N)nc(SCC(=O)O)cc3c2C#N)CC1,GREDNHREVCFGKQ-UHFFFAOYSA-N,"InChI=1S/C19H22N6O4S/c1-2-29-19(28)10-3-5-25(6-4-10)18-12(8-20)11-7-13(30-9-14(26)27)23-16(21)15(11)17(22)24-18/h7,10H,2-6,9H2,1H3,(H2,21,23)(H2,22,24)(H,26,27)",False,-1,"['SID89853100', 'SID26658115']","['SID89853100', 'SID26658115']"
CHEMBL4295161,,,Small molecule,,375.43,3,3,3.19,119.09,6.0,3.0,0.0,6.0,N,0.61,3.0,MOL,-1,28.0,-1.33,C21H21N5O2,N#Cc1c(N)n(CC2CC2)c2ccc(Oc3ccc(NC(=O)CN)cc3)cc12,MLJKHSWYZHQWGO-UHFFFAOYSA-N,"InChI=1S/C21H21N5O2/c22-10-18-17-9-16(7-8-19(17)26(21(18)24)12-13-1-2-13)28-15-5-3-14(4-6-15)25-20(27)11-23/h3-9,13H,1-2,11-12,23-24H2,(H,25,27)",False,-1,['9'],['2-amino-N-(4-(2-amino-3-cyano-1-(cyclopropylmethyl)-1H-indol-5-yloxy)phenyl)acetamide']
CHEMBL1698802,,,Small molecule,,308.34,29,56,2.74,82.78,5.0,2.0,0.0,3.0,N,0.91,2.0,MOL,-1,23.0,0.28,C18H16N2O3,CC(N=C1C=C(O)c2cccnc2C1=O)C(O)c1ccccc1,LIMIJZWHZNGVBU-UHFFFAOYSA-N,"InChI=1S/C18H16N2O3/c1-11(17(22)12-6-3-2-4-7-12)20-14-10-15(21)13-8-5-9-19-16(13)18(14)23/h2-11,17,21-22H,1H3",False,-1,['SID92764348'],['SID92764348']
CHEMBL1563317,,,Small molecule,,317.34,49,63,4.13,70.42,3.0,2.0,0.0,2.0,N,0.75,3.0,MOL,-1,24.0,-0.18,C20H15NO3,O=C(O)c1c2c(nc3ccccc13)/C(=C/c1ccc(O)cc1)CC2,RLRNPHISVAQKAJ-ACCUITESSA-N,"InChI=1S/C20H15NO3/c22-14-8-5-12(6-9-14)11-13-7-10-16-18(20(23)24)15-3-1-2-4-17(15)21-19(13)16/h1-6,8-9,11,22H,7,10H2,(H,23,24)/b13-11+",False,-1,['SID24841217'],['SID24841217']
CHEMBL1504738,,,Small molecule,,355.44,43,57,2.73,95.06,6.0,2.0,0.0,8.0,N,0.61,3.0,MOL,-1,26.0,-1.46,C19H25N5O2,CCCCNC(=O)c1c(N)n(CCCOC)c2nc3ccccc3nc12,GQXAAZWBUIPYAF-UHFFFAOYSA-N,"InChI=1S/C19H25N5O2/c1-3-4-10-21-19(25)15-16-18(24(17(15)20)11-7-12-26-2)23-14-9-6-5-8-13(14)22-16/h5-6,8-9H,3-4,7,10-12,20H2,1-2H3,(H,21,25)",False,-1,"['SID87346850', 'SID861625']","['SID87346850', 'SID861625']"
CHEMBL1307403,,,Small molecule,,310.42,15,19,4.18,6.48,2.0,0.0,0.0,4.0,N,0.84,2.0,MOL,-1,23.0,-1.2,C20H23FN2,CN(C)c1ccc(CN2CC=C(c3ccc(F)cc3)CC2)cc1,HABUIDXNHNAISV-UHFFFAOYSA-N,"InChI=1S/C20H23FN2/c1-22(2)20-9-3-16(4-10-20)15-23-13-11-18(12-14-23)17-5-7-19(21)8-6-17/h3-11H,12-15H2,1-2H3",False,-1,['SID7972815'],['SID7972815']
CHEMBL1457514,,,Small molecule,,352.35,22,24,3.37,114.31,7.0,2.0,0.0,4.0,N,0.55,3.0,MOL,-1,26.0,-1.39,C18H16N4O4,Cc1cc(/C=C\c2nc(O)c([N+](=O)[O-])c(O)n2)c(C)n1-c1ccccc1,YETZHKJFQFHIOR-HJWRWDBZSA-N,"InChI=1S/C18H16N4O4/c1-11-10-13(12(2)21(11)14-6-4-3-5-7-14)8-9-15-19-17(23)16(22(25)26)18(24)20-15/h3-10H,1-2H3,(H2,19,20,23,24)/b9-8-",False,-1,['SID24787024'],['SID24787024']
CHEMBL4789678,,,Unknown,,535.99,41,97,3.0,78.51,4.0,2.0,0.0,6.0,N,0.6,2.0,MOL,-1,34.0,-1.34,C23H26ClF4N3O3S,Cl.O=C([C@@H](Cc1cccc(C(F)(F)F)c1)NS(=O)(=O)c1cc(F)c2c(c1)CCNC2)N1CCCC1,ZADKZNVAJGEFLC-ZMBIFBSDSA-N,"InChI=1S/C23H25F4N3O3S.ClH/c24-20-13-18(12-16-6-7-28-14-19(16)20)34(32,33)29-21(22(31)30-8-1-2-9-30)11-15-4-3-5-17(10-15)23(25,26)27;/h3-5,10,12-13,21,28-29H,1-2,6-9,11,14H2;1H/t21-;/m1./s1",False,-1,"['EUB0000196bCl', 'EUB0000196bCl', 'EUB0000196bCl', 'EUB0000196bCl', 'EUB0000196bCl', 'EUB0000196bCl', 'EUB0000196bCl', 'EUB0000196bCl', 'EUB0000196bCl', 'EUB0000196bCl', 'Chemical probe: PFI-2 HCl', 'EUB0000196bCl']","['PFI-2', 'PFI-2', 'PFI-2', 'PFI-2', 'PFI-2', 'PFI-2', 'PFI-2', 'PFI-2', 'PFI-2', 'PFI-2', 'PFI-2 HCl', 'PFI-2']"
CHEMBL1340868,,,Small molecule,,475.36,27,35,3.5,83.55,5.0,1.0,0.0,4.0,N,0.73,2.0,MOL,-1,29.0,-0.87,C21H19BrN2O4S,O=C1C(NS(=O)(=O)c2ccc(Br)cc2)=C(N2CCCCC2)C(=O)c2ccccc21,MFGVSLGNIKSJIW-UHFFFAOYSA-N,"InChI=1S/C21H19BrN2O4S/c22-14-8-10-15(11-9-14)29(27,28)23-18-19(24-12-4-1-5-13-24)21(26)17-7-3-2-6-16(17)20(18)25/h2-3,6-11,23H,1,4-5,12-13H2",False,-1,"['SID135611201', 'SID49829388']","['SID135611201', 'SID49829388']"
CHEMBL1582178,,,Small molecule,,150.18,26,36,0.33,64.69,4.0,1.0,0.0,0.0,N,0.58,1.0,MOL,-1,11.0,-0.52,C7H10N4,Nc1nnc2c(n1)CCCC2,KXHIWWKCYUHDPK-UHFFFAOYSA-N,"InChI=1S/C7H10N4/c8-7-9-5-3-1-2-4-6(5)10-11-7/h1-4H2,(H2,8,9,11)",False,-1,['SID861465'],['SID861465']
CHEMBL1733422,,,Small molecule,,373.41,84,107,4.07,65.37,5.0,0.0,0.0,4.0,N,0.51,3.0,MOL,-1,28.0,-0.3,C23H19NO4,CCOC(=O)c1c2c(n(Cc3ccccc3)c1C)C(=O)C(=O)c1ccccc1-2,FPJGLEYOEDMWDB-UHFFFAOYSA-N,"InChI=1S/C23H19NO4/c1-3-28-23(27)18-14(2)24(13-15-9-5-4-6-10-15)20-19(18)16-11-7-8-12-17(16)21(25)22(20)26/h4-12H,3,13H2,1-2H3",False,-1,"['SID92764518', 'SID537199']","['SID92764518', 'SID537199']"
CHEMBL1500630,,,Small molecule,,269.31,15,18,1.8,78.85,6.0,1.0,0.0,4.0,N,0.78,3.0,MOL,-1,20.0,-1.14,C14H15N5O,Cc1ccc(OCCn2cnc3c(N)ncnc32)cc1,WQRGFXWTNZARPJ-UHFFFAOYSA-N,"InChI=1S/C14H15N5O/c1-10-2-4-11(5-3-10)20-7-6-19-9-18-12-13(15)16-8-17-14(12)19/h2-5,8-9H,6-7H2,1H3,(H2,15,16,17)",False,-1,"['SID14723834', 'DDD00065717', '9']","['SID14723834', 'DDD00065717', '9-(2-(p-tolyloxy)ethyl)-9H-purin-6-amine']"
CHEMBL3798741,,,Small molecule,,591.1,21,48,3.94,98.82,5.0,2.0,1.0,8.0,N,0.48,1.0,MOL,-1,39.0,-1.26,C26H34ClF3N4O4S,O=C1Cc2cc(C(=O)N[C@H]3C[C@H]4CC[C@@H](C3)N4S(=O)(=O)CC3CCN(CCCC(F)(F)F)CC3)c(Cl)cc2N1,OTEIUEJPHNOGBG-ACDBMABISA-N,"InChI=1S/C26H34ClF3N4O4S/c27-22-14-23-17(11-24(35)32-23)10-21(22)25(36)31-18-12-19-2-3-20(13-18)34(19)39(37,38)15-16-4-8-33(9-5-16)7-1-6-26(28,29)30/h10,14,16,18-20H,1-9,11-13,15H2,(H,31,36)(H,32,35)/t18-,19+,20-",False,-1,"['EPZ031686', 'Chemical probe: EPZ031686', 'BDBM378462']","['6-chloro-2-oxo-N-((1S,3r,5R)-8-((1-(4,4,4-trifluorobutyl)piperidin-4-yl)methylsulfonyl)-8-azabicyclo[3.2.1]octan-3-yl)indoline-5-carboxamide', 'EPZ031686', '6-chloro-2-oxo-N-((1R,3r,5S)-8-(((1-(4,4,4-trifluorobutyl)piperidin-4-yl)methyl)sulfonyl)-8-azabicyclo[3.2.1]octan-3-yl)indoline-5-carboxamide::US10266526, Compound 595']"
CHEMBL1503190,,,Small molecule,,370.5,21,40,2.74,65.54,6.0,1.0,0.0,7.0,N,0.74,1.0,MOL,-1,27.0,-0.69,C21H30N4O2,CCN(CC)CCNc1cc(C)nc2c1C(=O)C(=O)C=C2N1CCCCC1,DHOKHBXNKDRFNT-UHFFFAOYSA-N,"InChI=1S/C21H30N4O2/c1-4-24(5-2)12-9-22-16-13-15(3)23-20-17(25-10-7-6-8-11-25)14-18(26)21(27)19(16)20/h13-14H,4-12H2,1-3H3,(H,22,23)",False,-1,"['SID24807349', 'DNDI1417722']","['SID24807349', 'DNDI1417722']"
CHEMBL1324303,,,Small molecule,,254.33,31,43,5.04,44.95,3.0,1.0,1.0,2.0,N,0.75,2.0,MOL,-1,19.0,-0.01,C16H18N2O,Cc1cccc(C)c1N=Nc1c(C)cc(O)cc1C,SWHNYDMLYMUMPA-UHFFFAOYSA-N,"InChI=1S/C16H18N2O/c1-10-6-5-7-11(2)15(10)17-18-16-12(3)8-14(19)9-13(16)4/h5-9,19H,1-4H3",False,-1,['SID47195530'],['SID47195530']
CHEMBL5171113,,,,,420.56,1,1,5.99,44.85,4.0,0.0,1.0,4.0,N,0.41,4.0,MOL,-1,32.0,-0.93,C28H28N4,Cc1cc(CN2CCCC2)cc(C)c1-c1ncn(C)c1-c1ccc(C#N)c2ccccc12,TZUUZPCWRMUPQD-UHFFFAOYSA-N,"InChI=1S/C28H28N4/c1-19-14-21(17-32-12-6-7-13-32)15-20(2)26(19)27-28(31(3)18-30-27)25-11-10-22(16-29)23-8-4-5-9-24(23)25/h4-5,8-11,14-15,18H,6-7,12-13,17H2,1-3H3",False,-1,['32'],"['4-(4-(2,6-dimethyl-4-(pyrrolidin-1-ylmethyl)phenyl)-1-methyl-1H-imidazol-5-yl)-1-naphthonitrile']"
CHEMBL5430212,,,,,445.48,1,1,3.11,113.52,6.0,2.0,0.0,6.0,N,0.6,3.0,MOL,-1,33.0,-1.72,C24H23N5O4,CC(C)N(Cc1ccc(C(=O)Nc2ccncn2)cc1)C(=O)c1ccc2c(c1)OCC(=O)N2,HUIINGSTUYTZJL-UHFFFAOYSA-N,"InChI=1S/C24H23N5O4/c1-15(2)29(24(32)18-7-8-19-20(11-18)33-13-22(30)27-19)12-16-3-5-17(6-4-16)23(31)28-21-9-10-25-14-26-21/h3-11,14-15H,12-13H2,1-2H3,(H,27,30)(H,25,26,28,31)",False,-1,['36; UNC7145'],"['N-isopropyl-3-oxo-N-(4-(pyrimidin-4-ylcarbamoyl)benzyl)-3,4-dihydro-2H-benzo[b][1,4]oxazine-7-carboxamide']"
CHEMBL5073608,,,Unknown,,426.47,3,9,4.06,68.44,3.0,2.0,0.0,4.0,N,0.66,3.0,MOL,-1,31.0,-1.89,C23H24F2N4O2,CC(=O)N(C)C1CCN(c2cc(F)cc(NC(=O)c3cc4c(F)ccc(C)c4[nH]3)c2)C1,ZNRYMFGQJYWIRE-UHFFFAOYSA-N,"InChI=1S/C23H24F2N4O2/c1-13-4-5-20(25)19-11-21(27-22(13)19)23(31)26-16-8-15(24)9-18(10-16)29-7-6-17(12-29)28(3)14(2)30/h4-5,8-11,17,27H,6-7,12H2,1-3H3,(H,26,31)",False,-1,"['25', '7']","['4-fluoro-N-(3-fluoro-5-(3-(N-methylacetamido)pyrrolidin-1-yl)phenyl)-7-methyl-1H-indole-2-carboxamide', 'N-[3-[3-[acetyl(methyl)amino]pyrrolidin-1-yl]-5-fluoro-phenyl]-4-fluoro-7-methyl-1H-indole-2-carboxamide']"
CHEMBL5595246,,,,,437.5,1,1,-0.63,194.66,11.0,6.0,2.0,10.0,N,0.28,2.0,MOL,-1,31.0,0.86,C19H31N7O5,CCC(C)N[C@@H](CC[C@H](N)C(=O)O)C[C@H]1O[C@@H](n2cnc3c(N)ncnc32)[C@H](O)[C@@H]1O,WFUIXHLNJVJPQY-DKCJOWAZSA-N,"InChI=1S/C19H31N7O5/c1-3-9(2)25-10(4-5-11(20)19(29)30)6-12-14(27)15(28)18(31-12)26-8-24-13-16(21)22-7-23-17(13)26/h7-12,14-15,18,25,27-28H,3-6,20H2,1-2H3,(H,29,30)(H2,21,22,23)/t9?,10-,11-,12+,14+,15+,18+/m0/s1",False,-1,['12'],"['(2S,5S)-2-amino-6-[(2R,3S,4R,5R)-5-(6-aminopurin-9-yl)-3,4-dihydroxy-tetrahydrofuran-2-yl]-5-(sec-butylamino)hexanoic acid']"
CHEMBL5440549,,,,,739.88,1,3,3.07,233.86,8.0,8.0,2.0,19.0,N,0.05,3.0,MOL,-1,54.0,-0.88,C39H49N9O6,N=C(N)NCCC[C@H](N)C(=O)NCCCCCCNC(=O)c1ccc(NC(=O)c2ccc(CN(C(=O)c3ccc4c(c3)OCC(=O)N4)C3CC3)cc2)cc1,XRTKGOLGVZDDJM-HKBQPEDESA-N,"InChI=1S/C39H49N9O6/c40-31(6-5-21-45-39(41)42)37(52)44-20-4-2-1-3-19-43-35(50)26-11-14-29(15-12-26)46-36(51)27-9-7-25(8-10-27)23-48(30-16-17-30)38(53)28-13-18-32-33(22-28)54-24-34(49)47-32/h7-15,18,22,30-31H,1-6,16-17,19-21,23-24,40H2,(H,43,50)(H,44,52)(H,46,51)(H,47,49)(H4,41,42,45)/t31-/m0/s1",False,-1,['59; UNC7753'],"['(S)-N-(4-((4-((6-(2-amino-5-guanidinopentanamido)hexyl)carbamoyl)phenyl)carbamoyl)benzyl)-N-cyclopropyl-3-oxo-3,4-dihydro-2H-benzo[b][1,4]oxazine-7-carboxamide']"
CHEMBL596639,,,Small molecule,,378.48,17,23,3.72,59.51,6.0,1.0,0.0,6.0,N,0.71,3.0,MOL,-1,28.0,-1.06,C22H26N4O2,COc1cc2ncnc(NC3CCN(Cc4ccccc4)CC3)c2cc1OC,QGLMINHDDNFQAQ-UHFFFAOYSA-N,"InChI=1S/C22H26N4O2/c1-27-20-12-18-19(13-21(20)28-2)23-15-24-22(18)25-17-8-10-26(11-9-17)14-16-6-4-3-5-7-16/h3-7,12-13,15,17H,8-11,14H2,1-2H3,(H,23,24,25)",False,-1,"['MMV006741', 'GNF-Pf-4484', 'MMV006741', 'MMV006741', 'MMV006741', 'MMV006741', '15']","['MMV006741', 'GNF-Pf-4484', None, None, 'C0237184', 'MMV006741', 'N-(1-Benzylpiperidin-4-yl)-2-chloro-6,7-dimethoxyquinazolin-4-amine']"
CHEMBL3196491,,,Small molecule,,480.57,28,39,3.54,109.74,5.0,1.0,0.0,5.0,N,0.6,3.0,MOL,-1,33.0,-1.09,C24H20N2O5S2,Cc1ccc(C)c(S(=O)(=O)/N=C2\C=C(NS(=O)(=O)c3ccccc3)C(=O)c3ccccc32)c1,BMOQFLLXUWAROU-NJNXFGOHSA-N,"InChI=1S/C24H20N2O5S2/c1-16-12-13-17(2)23(14-16)33(30,31)25-21-15-22(24(27)20-11-7-6-10-19(20)21)26-32(28,29)18-8-4-3-5-9-18/h3-15,26H,1-2H3/b25-21+",False,-1,['SID49716192'],['SID49716192']
CHEMBL1378300,,,Small molecule,,355.49,24,29,3.71,45.23,5.0,1.0,0.0,2.0,N,0.66,2.0,MOL,-1,24.0,-1.64,C18H17N3OS2,O=C1NC(=S)S/C1=C\c1cc2ccccc2nc1N1CCCCC1,ICAVJRLMNLXZFT-PTNGSMBKSA-N,"InChI=1S/C18H17N3OS2/c22-17-15(24-18(23)20-17)11-13-10-12-6-2-3-7-14(12)19-16(13)21-8-4-1-5-9-21/h2-3,6-7,10-11H,1,4-5,8-9H2,(H,20,22,23)/b15-11-",False,-1,['SID26660385'],['SID26660385']
CHEMBL1724676,,,Small molecule,,165.24,18,30,0.16,63.32,4.0,2.0,0.0,1.0,N,0.54,0.0,MOL,-1,9.0,1.23,C4H7NO2S2,NC1(C(=O)O)CSSC1,FMXJRGKDBHQFDW-UHFFFAOYSA-N,"InChI=1S/C4H7NO2S2/c5-4(3(6)7)1-8-9-2-4/h1-2,5H2,(H,6,7)",False,-1,['SID92764499'],['SID92764499']
CHEMBL1560629,,,Small molecule,,491.43,27,37,3.3,146.01,6.0,3.0,0.0,5.0,N,0.37,3.0,MOL,-1,36.0,-1.54,C25H18FN3O7,Cc1cc(/C=C2\C(=O)NC(=O)N(c3ccccc3F)C2=O)c(C)n1-c1cc(C(=O)O)cc(C(=O)O)c1,NFHIRQXILAMCRO-WOJGMQOQSA-N,"InChI=1S/C25H18FN3O7/c1-12-7-14(13(2)28(12)17-9-15(23(32)33)8-16(10-17)24(34)35)11-18-21(30)27-25(36)29(22(18)31)20-6-4-3-5-19(20)26/h3-11H,1-2H3,(H,32,33)(H,34,35)(H,27,30,36)/b18-11+",False,-1,"['SID49673051', 'SID144091472']","['SID49673051', 'SID144091472']"
CHEMBL1579683,,,Small molecule,,327.38,26,33,3.81,68.38,5.0,0.0,0.0,4.0,N,0.49,2.0,MOL,-1,24.0,-1.88,C18H21N3O3,Cc1cc(C=O)c(C)n1-c1ccc(N2CCCCC2)c([N+](=O)[O-])c1,PMYKNBWAXVYERX-UHFFFAOYSA-N,"InChI=1S/C18H21N3O3/c1-13-10-15(12-22)14(2)20(13)16-6-7-17(18(11-16)21(23)24)19-8-4-3-5-9-19/h6-7,10-12H,3-5,8-9H2,1-2H3",False,-1,['SID17416131'],['SID17416131']
CHEMBL5173004,,,,,396.49,17,46,5.14,62.83,4.0,2.0,1.0,5.0,N,0.49,4.0,MOL,-1,30.0,-0.35,C25H24N4O,C[C@H](Oc1ccc(-c2cc3c(C4=CCNCC4)ncnc3[nH]2)cc1)c1ccccc1,VLMCQFYFLOLDQX-KRWDZBQOSA-N,"InChI=1S/C25H24N4O/c1-17(18-5-3-2-4-6-18)30-21-9-7-19(8-10-21)23-15-22-24(20-11-13-26-14-12-20)27-16-28-25(22)29-23/h2-11,15-17,26H,12-14H2,1H3,(H,27,28,29)/t17-/m0/s1",False,-1,['41'],"['6-[4-[(1S)-1-phenylethoxy]phenyl]-4-(1,2,3,6-tetrahydropyridin-4-yl)-7H-pyrrolo[2,3-d]pyrimidine']"
CHEMBL5414580,,,,,611.79,2,2,-1.05,250.49,7.0,9.0,2.0,20.0,N,0.05,0.0,MOL,-1,43.0,-0.1,C28H53N9O6,CCC[C@H](C)[C@H](NC(=O)[C@@H](NC(=O)CNC(C)=O)C(C)C)C(=O)N[C@@H](CCCNC(=N)N)C(=O)N[C@H](C(N)=O)[C@@H](C)CC,VHLUVJHGVJVBOS-HBSHOIKCSA-N,"InChI=1S/C28H53N9O6/c1-8-11-17(6)23(37-26(42)21(15(3)4)35-20(39)14-33-18(7)38)27(43)34-19(12-10-13-32-28(30)31)25(41)36-22(24(29)40)16(5)9-2/h15-17,19,21-23H,8-14H2,1-7H3,(H2,29,40)(H,33,38)(H,34,43)(H,35,39)(H,36,41)(H,37,42)(H4,30,31,32)/t16-,17-,19-,21-,22-,23-/m0/s1",False,-1,['7; PTD2'],"['(2S,3S)-2-((S)-2-(2-acetamidoacetamido)-3-methylbutanamido)-N-((S)-1-(((2S,3S)-1-amino-3-methyl-1-oxopentan-2-yl)amino)-5-guanidino-1-oxopentan-2-yl)-3-methylhexanamide']"
CHEMBL5197903,,,,,316.41,1,1,3.7,67.63,4.0,1.0,0.0,3.0,N,0.8,3.0,MOL,-1,24.0,-0.8,C20H20N4,Cc1cc(CN)cc(C)c1-c1ncn(C)c1-c1ccc(C#N)cc1,GLHJRDPHXHIQEA-UHFFFAOYSA-N,"InChI=1S/C20H20N4/c1-13-8-16(11-22)9-14(2)18(13)19-20(24(3)12-23-19)17-6-4-15(10-21)5-7-17/h4-9,12H,11,22H2,1-3H3",False,-1,['12'],"['4-(4-(4-(aminomethyl)-2,6-dimethylphenyl)-1-methyl-1H-imidazol-5-yl)benzonitrile']"
CHEMBL4521971,,,Unknown,,359.26,151,352,5.35,50.7,4.0,1.0,1.0,3.0,N,0.68,3.0,MOL,-1,24.0,-1.04,C18H16Cl2N4,Clc1cc2c(NC3CCCC3)nnc(-c3ccncc3)c2cc1Cl,ABGOSOMRWSYAOB-UHFFFAOYSA-N,"InChI=1S/C18H16Cl2N4/c19-15-9-13-14(10-16(15)20)18(22-12-3-1-2-4-12)24-23-17(13)11-5-7-21-8-6-11/h5-10,12H,1-4H2,(H,22,24)",False,-1,"['A-196', 'EUB0000193b', 'EUB0000193b', 'EUB0000193b', 'EUB0000193b', 'A-196', 'Chemical Probe: A-196', 'EUB0000193b', 'Chemical probe : A-196; 3', 'EUB0000193b', 'EUB0000193b', 'EUB0000193b', 'EUB0000193b', 'EUB0000193b', 'EUB0000193b']","['A-196', 'A-196', 'A-196', 'A-196', 'A-196', 'A-196', 'A-196', 'A-196', '6,7-Dichloro-N-cyclopentyl-4-(pyridin-4-yl)phthalazin-1-amine', 'A-196', 'A-196', 'A-196', 'A-196', 'A-196', 'A-196']"
CHEMBL5200945,,,,,443.46,19,64,2.86,113.52,6.0,2.0,0.0,6.0,N,0.61,3.0,MOL,-1,33.0,-1.82,C24H21N5O4,O=C1COc2cc(C(=O)N(Cc3ccc(C(=O)Nc4ccncn4)cc3)C3CC3)ccc2N1,KOZGEDUWAQFVAV-UHFFFAOYSA-N,"InChI=1S/C24H21N5O4/c30-22-13-33-20-11-17(5-8-19(20)27-22)24(32)29(18-6-7-18)12-15-1-3-16(4-2-15)23(31)28-21-9-10-25-14-26-21/h1-5,8-11,14,18H,6-7,12-13H2,(H,27,30)(H,25,26,28,31)",False,-1,"['33; UNC6934', '9; UNC6934', '3; UNC6934', 'UNC6934', '4; UNC6934', 'EUB0001126a', 'EUB0001126a', '2; UNC6934', '35; UNC6934', 'UNC6934', '14; UNC6934']","['N-cyclopropyl-3-oxo-N-[[4-(pyrimidin-4-ylcarbamoyl)phenyl]methyl]-4H-1,4-benzoxazine-7-carboxamide', 'N-cyclopropyl-3-oxo-N-(4-(pyrimidin-4-ylcarbamoyl)benzyl)-3,4-dihydro-2H-benzo[b][1,4]oxazine-7-carboxamide', 'N-cyclopropyl-3-oxo-N-[[4-(pyrimidin-4-ylcarbamoyl)phenyl]methyl]-4H-1,4-benzoxazine-7-carboxamide', 'N-cyclopropyl-3-oxo-N-(4-(pyrimidin-4-ylcarbamoyl)benzyl)-3,4-dihydro-2H-benzo[b][1,4]oxazine-7-carboxamide', 'N-cyclopropyl-3-oxo-N-(4-(pyrimidin-4-ylcarbamoyl)benzyl)-3,4-dihydro-2H-benzo[b][1,4]oxazine-7-carboxamide', 'UNC6934', 'UNC6934', 'N-cyclopropyl-3-oxo-N-(4-(pyrimidin-4-ylcarbamoyl)benzyl)-3,4-dihydro-2H-benzo[b][1,4]oxazine-7-carboxamide', 'N-cyclopropyl-3-oxo-N-(4-(pyrimidin-4-ylcarbamoyl)benzyl)-3,4-dihydro-2H-benzo[b][1,4]oxazine-7-carboxamide', 'N-cyclopropyl-3-oxo-N-[[4-(pyrimidin-4-ylcarbamoyl)phenyl]methyl]-4H-1,4-benzoxazine-7-carboxamide', 'N-cyclopropyl-3-oxo-N-(4-(pyrimidin-4-ylcarbamoyl)benzyl)-3,4-dihydro-2H-benzo[b][1,4]oxazine-7-carboxamide']"
CHEMBL4591807,,,Unknown,,337.26,24,24,3.2,32.34,2.0,1.0,0.0,1.0,N,0.85,1.0,MOL,-1,20.0,-0.54,C16H21BrN2O,O=C(c1cccc(Br)c1)N1CCCC2(CCCCN2)C1,RRMWNEFFZLPRBU-UHFFFAOYSA-N,"InChI=1S/C16H21BrN2O/c17-14-6-3-5-13(11-14)15(20)19-10-4-8-16(12-19)7-1-2-9-18-16/h3,5-6,11,18H,1-2,4,7-10,12H2",False,-1,['2'],"['(3-bromophenyl)(1,8-diazaspiro[5.5]undecan-8-yl)methanone']"
CHEMBL4860747,,,Unknown,,374.89,1,1,3.26,72.19,3.0,2.0,0.0,4.0,N,0.72,3.0,MOL,-1,24.0,-0.83,C19H19ClN2O2S,Cl.Nc1cccc2c(S(=O)(=O)NC3CC3c3ccccc3)cccc12,UVGPOUDOUGHOKA-UHFFFAOYSA-N,"InChI=1S/C19H18N2O2S.ClH/c20-17-10-4-9-15-14(17)8-5-11-19(15)24(22,23)21-18-12-16(18)13-6-2-1-3-7-13;/h1-11,16,18,21H,12,20H2;1H",False,-1,['11n'],['5-Amino-N-(trans-2-phenylcyclopropyl)naphthalene-1-sulfonamide hydrochloride']
CHEMBL2007178,,,Small molecule,,452.26,34,42,4.45,96.83,5.0,2.0,0.0,5.0,N,0.35,4.0,MOL,-1,29.0,-1.56,C21H14BrN3O4,O=C(O)c1ccc(-n2cccc2/C=N\NC(=O)c2cc3cc(Br)ccc3o2)cc1,SIFPICQLVICEFD-FMCGGJTJSA-N,"InChI=1S/C21H14BrN3O4/c22-15-5-8-18-14(10-15)11-19(29-18)20(26)24-23-12-17-2-1-9-25(17)16-6-3-13(4-7-16)21(27)28/h1-12H,(H,24,26)(H,27,28)/b23-12-",False,-1,['SID26725822'],['SID26725822']
CHEMBL4568173,,,Unknown,,309.21,24,24,2.13,32.34,2.0,1.0,0.0,1.0,N,0.86,1.0,MOL,-1,18.0,-1.27,C14H17BrN2O,O=C(c1cccc(Br)c1)N1CCC2CNCC2C1,ZNLQOBCLDYSXDA-UHFFFAOYSA-N,"InChI=1S/C14H17BrN2O/c15-13-3-1-2-10(6-13)14(18)17-5-4-11-7-16-8-12(11)9-17/h1-3,6,11-12,16H,4-5,7-9H2",False,-1,['17'],"['(3-bromophenyl)(tetrahydro-1H-pyrrolo[3,4-c]pyridin-5(6H,7H,7aH)-yl)methanone']"
CHEMBL4560860,,,Unknown,,337.26,24,24,3.05,32.34,2.0,1.0,0.0,1.0,N,0.85,1.0,MOL,-1,20.0,-0.89,C16H21BrN2O,O=C(c1cccc(Br)c1)N1CCCC2(CCNCC2)C1,OLFIFEHHBJQNCG-UHFFFAOYSA-N,"InChI=1S/C16H21BrN2O/c17-14-4-1-3-13(11-14)15(20)19-10-2-5-16(12-19)6-8-18-9-7-16/h1,3-4,11,18H,2,5-10,12H2",False,-1,['24'],"['(3-bromophenyl)(2,9-diazaspiro[5.5]undecan-2-yl)methanone']"
CHEMBL1561101,,,Small molecule,,281.76,10,13,3.12,21.26,2.0,1.0,0.0,5.0,N,0.87,2.0,MOL,-1,18.0,-0.94,C15H17ClFNO,CNCc1ccccc1OCc1ccc(F)cc1.Cl,XZXXNYVBMVCKPT-UHFFFAOYSA-N,"InChI=1S/C15H16FNO.ClH/c1-17-10-13-4-2-3-5-15(13)18-11-12-6-8-14(16)9-7-12;/h2-9,17H,10-11H2,1H3;1H",False,-1,['SID24793369'],['SID24793369']
CHEMBL5091591,,,Unknown,,450.58,26,45,2.62,85.51,4.0,2.0,0.0,5.0,N,0.73,2.0,MOL,-1,31.0,-1.42,C22H31FN4O3S,Cc1ccc(F)c2cc(C(=O)N[C@@H]3CCC[C@H](N4CC[C@H](N(C)S(C)(=O)=O)C4)C3)[nH]c12,ZLVKIBLQXFILMA-IKGGRYGDSA-N,"InChI=1S/C22H31FN4O3S/c1-14-7-8-19(23)18-12-20(25-21(14)18)22(28)24-15-5-4-6-16(11-15)27-10-9-17(13-27)26(2)31(3,29)30/h7-8,12,15-17,25H,4-6,9-11,13H2,1-3H3,(H,24,28)/t15-,16+,17+/m1/s1",False,-1,"['8; EPZ-719', 'EUB0002231a', 'EUB0002231a', 'EPZ-719; 1', '32; EPZ-719']","['4-fluoro-7-methyl-N-[(1R,3S)-3-[(3S)-3-[methyl(methylsulfonyl)amino]pyrrolidin-1-yl]cyclohexyl]-1H-indole-2-carboxamide', 'EPZ-719', 'EPZ-719', '4-fluoro-7-methyl-N-[(1R,3S)-3-[(3S)-3-[methyl(methylsulfonyl)amino]pyrrolidin-1-yl]cyclohexyl]-1H-indole-2-carboxamide', '4-fluoro-7-methyl-N-((1R,3S)-3-((S)-3-(N-methylmethylsulfonamido)pyrrolidin-1-yl)cyclohexyl)-1H-indole-2-carboxamide']"
CHEMBL1598356,,,Small molecule,,226.32,24,28,3.46,6.48,2.0,0.0,0.0,0.0,N,0.68,2.0,MOL,-1,17.0,-0.05,C15H18N2,CN1c2cccc3cccc(c23)N(C)C1(C)C,MWDXCMRAXBNEEH-UHFFFAOYSA-N,"InChI=1S/C15H18N2/c1-15(2)16(3)12-9-5-7-11-8-6-10-13(14(11)12)17(15)4/h5-10H,1-4H3",False,-1,['SID4242273'],['SID4242273']
CHEMBL1550238,,,Small molecule,,454.64,23,37,4.44,66.41,8.0,1.0,0.0,7.0,N,0.57,3.0,MOL,-1,32.0,-1.76,C24H34N6OS,CCN(CC)CCNc1ncnc2c1sc1nc(N3CCCC3)c3c(c12)CC(C)(C)OC3,HPBPUMJDNCYENQ-UHFFFAOYSA-N,"InChI=1S/C24H34N6OS/c1-5-29(6-2)12-9-25-21-20-19(26-15-27-21)18-16-13-24(3,4)31-14-17(16)22(28-23(18)32-20)30-10-7-8-11-30/h15H,5-14H2,1-4H3,(H,25,26,27)",False,-1,['SID24794949'],['SID24794949']
CHEMBL4580606,,,Unknown,,309.21,24,24,2.27,32.34,2.0,1.0,0.0,1.0,N,0.86,1.0,MOL,-1,18.0,-0.75,C14H17BrN2O,O=C(c1cccc(Br)c1)N1C[C@H]2CCCN[C@H]2C1,PPQXOLCMHBNNMN-YPMHNXCESA-N,"InChI=1S/C14H17BrN2O/c15-12-5-1-3-10(7-12)14(18)17-8-11-4-2-6-16-13(11)9-17/h1,3,5,7,11,13,16H,2,4,6,8-9H2/t11-,13+/m1/s1",False,-1,['14'],"['(3-bromophenyl)((4aR,7aR)-tetrahydro-1H-pyrrolo[3,4-b]pyridin-6(2H,7H,7aH)-yl)methanone']"
CHEMBL1327934,,,Small molecule,,469.54,18,27,4.58,69.4,5.0,2.0,0.0,8.0,N,0.62,3.0,MOL,-1,26.0,-0.2,C25H31N3O6,COc1cc(NC(C)CCCN)c2ncccc2c1Oc1ccccc1.O=C(O)CCC(=O)O,ARXBVHIMGBQSKB-UHFFFAOYSA-N,"InChI=1S/C21H25N3O2.C4H6O4/c1-15(8-6-12-22)24-18-14-19(25-2)21(17-11-7-13-23-20(17)18)26-16-9-4-3-5-10-16;5-3(6)1-2-4(7)8/h3-5,7,9-11,13-15,24H,6,8,12,22H2,1-2H3;1-2H2,(H,5,6)(H,7,8)",False,-1,['SID22404004'],['SID22404004']
CHEMBL258756,,,Small molecule,,201.22,22,29,2.1,42.23,2.0,1.0,0.0,3.0,Y,0.83,2.0,MOL,-1,15.0,-1.19,C12H11NO2,O=C(O)Cc1ccc(-n2cccc2)cc1,KCZGWRZYJZGMQW-UHFFFAOYSA-N,"InChI=1S/C12H11NO2/c14-12(15)9-10-3-5-11(6-4-10)13-7-1-2-8-13/h1-8H,9H2,(H,14,15)",False,-1,"['A7', 'A7', 'SID124349397', 'SID24809817']","['N-(4-Carboxymethene)phenylpyrrole', '2-(4-(1H-pyrrol-1-yl)phenyl)acetic acid', 'SID124349397', 'SID24809817']"
CHEMBL1403262,,,Small molecule,,226.23,17,21,1.25,103.28,4.0,3.0,0.0,6.0,N,0.5,1.0,MOL,-1,16.0,-0.06,C10H14N2O4,Cc1[nH]c(O)nc1C(=O)CCCCC(=O)O,QOKBZTDZIZMTMS-UHFFFAOYSA-N,"InChI=1S/C10H14N2O4/c1-6-9(12-10(16)11-6)7(13)4-2-3-5-8(14)15/h2-5H2,1H3,(H,14,15)(H2,11,12,16)",False,-1,['SID17504906'],['SID17504906']
CHEMBL1732657,,,Small molecule,,400.91,101,127,3.29,69.87,6.0,2.0,0.0,7.0,N,0.39,4.0,MOL,-1,27.0,-0.67,C21H25ClN4O2,CCN(CC)CCCNc1ccc2ncn3c4ccc(O)cc4c(=O)c1c23.Cl,JOPXSOWZGARKAE-UHFFFAOYSA-N,"InChI=1S/C21H24N4O2.ClH/c1-3-24(4-2)11-5-10-22-16-7-8-17-20-19(16)21(27)15-12-14(26)6-9-18(15)25(20)13-23-17;/h6-9,12-13,22,26H,3-5,10-11H2,1-2H3;1H",False,-1,"['SID92764796', 'SID499002']","['SID92764796', 'SID499002']"
CHEMBL4280063,,,Small molecule,,263.3,3,3,3.2,74.83,3.0,2.0,0.0,3.0,N,0.76,3.0,MOL,-1,20.0,-0.81,C16H13N3O,N#Cc1c(N)[nH]c2ccc(OCc3ccccc3)cc12,PAOATYUTLBQHTL-UHFFFAOYSA-N,"InChI=1S/C16H13N3O/c17-9-14-13-8-12(6-7-15(13)19-16(14)18)20-10-11-4-2-1-3-5-11/h1-8,19H,10,18H2",False,-1,['2'],['2-amino-5-(benzyloxy)-1H-indole-3-carbonitrile']
CHEMBL1700996,,,Small molecule,,477.74,103,133,0.71,110.54,8.0,3.0,0.0,6.0,N,0.44,1.0,MOL,-1,27.0,-0.1,C18H22BrClN2O6,Cl.O=C1C(Br)=C(N2CCN(CCOCCO)CC2)C(=O)c2c(O)ccc(O)c21,ZTXPHSRJNZYSEG-UHFFFAOYSA-N,"InChI=1S/C18H21BrN2O6.ClH/c19-15-16(21-5-3-20(4-6-21)7-9-27-10-8-22)18(26)14-12(24)2-1-11(23)13(14)17(15)25;/h1-2,22-24H,3-10H2;1H",False,-1,"['SID509287', 'SID92764784']","['SID509287', 'SID92764784']"
CHEMBL4854710,,,Unknown,,348.86,28,92,2.9,72.19,3.0,2.0,0.0,4.0,N,0.73,3.0,MOL,-1,22.0,-1.13,C17H17ClN2O2S,Cl.Nc1cccc2c(S(=O)(=O)NCc3ccccc3)cccc12,YFAJNNAOUUTCEC-UHFFFAOYSA-N,"InChI=1S/C17H16N2O2S.ClH/c18-16-10-4-9-15-14(16)8-5-11-17(15)22(20,21)19-12-13-6-2-1-3-7-13;/h1-11,19H,12,18H2;1H",False,-1,['9c'],['5-Amino-N-benzylnaphthalene-1-sulfonamide hydrochloride']
CHEMBL4463793,,,Unknown,,298.39,48,86,2.2,74.15,3.0,3.0,0.0,7.0,N,0.69,2.0,MOL,-1,22.0,-0.92,C17H22N4O,C=CC(=O)Nc1cccc(-c2c[nH]cc2CN(C)CCN)c1,HVDMIAFOVVMNJF-UHFFFAOYSA-N,"InChI=1S/C17H22N4O/c1-3-17(22)20-15-6-4-5-13(9-15)16-11-19-10-14(16)12-21(2)8-7-18/h3-6,9-11,19H,1,7-8,12,18H2,2H3,(H,20,22)",False,-1,"['4; MS117', 'EUB0002276a', 'EUB0002276a']","['N-(3-(4-(((2-Aminoethyl)(methyl)amino)methyl)-1H-pyrrol-3-yl)phenyl)acrylamide', 'MS117', 'MS117']"
CHEMBL1335030,,,Small molecule,,279.3,40,54,4.36,67.07,5.0,1.0,0.0,3.0,N,0.72,3.0,MOL,-1,21.0,-0.55,C16H13N3O2,COc1ccccc1N=Nc1ccc(O)c2ncccc12,AUXMPHHXGBWWAS-UHFFFAOYSA-N,"InChI=1S/C16H13N3O2/c1-21-15-7-3-2-6-13(15)19-18-12-8-9-14(20)16-11(12)5-4-10-17-16/h2-10,20H,1H3",False,-1,['SID49668801'],['SID49668801']
CHEMBL5678791,,,,,422.55,243,417,1.88,118.53,6.0,2.0,0.0,5.0,N,0.75,1.0,MOL,-1,29.0,-1.19,C20H30N4O4S,N[C@H]1CC[C@H](S(=O)(=O)N2[C@@H]3CC[C@H]2C[C@@H](NC(=O)c2cc(C4CC4)on2)C3)CC1,JYZQPJRVTADXNE-BSBCAUIJSA-N,"InChI=1S/C20H30N4O4S/c21-13-3-7-17(8-4-13)29(26,27)24-15-5-6-16(24)10-14(9-15)22-20(25)18-11-19(28-23-18)12-1-2-12/h11-17H,1-10,21H2,(H,22,25)/t13-,14-,15+,16-,17-",False,-1,"['BDBM432836', 'Chemical probe: EPZ028862']","['N-((1R,3R,5S)-8-(((1r,4R)-4- aminocyclohexyl)sulfonyl)-8- azabicyclo[3.2.1]octan-3-yl)-5- cyclopropylisoxazole-3-carboxamide::US10577363, Compound 539', 'EPZ028862']"
CHEMBL4778517,,,Unknown,,360.44,20,62,4.52,56.73,4.0,1.0,0.0,3.0,N,0.58,4.0,MOL,-1,27.0,-0.69,C22H21FN4,Cc1cc(CN)cc(C)c1-c1ncn(C)c1-c1ccnc2cc(F)ccc12,WOAOENGFAAUUGT-UHFFFAOYSA-N,"InChI=1S/C22H21FN4/c1-13-8-15(11-24)9-14(2)20(13)21-22(27(3)12-26-21)18-6-7-25-19-10-16(23)4-5-17(18)19/h4-10,12H,11,24H2,1-3H3",False,-1,"['Table 1, R9C6', '1; BI-9321', 'EUB0000269b', 'EUB0000269b', 'BI-9321', '46; BI-9321', '2; BI-9321, NSD3-PWWP1', '18; BI-9321', '1; BI9321', '40; BI-9321', '39; BI-9321']","['(4-(5-(7-fluoroquinolin-4-yl)-1-methyl-1H-imidazol-4-yl)-3,5-dimethylphenyl)methanamine', '(4-(5-(7-Fluoroquinolin-4-yl)-1-methyl-1H-imidazol-4-yl)-3,5-dimethylphenyl)methanamine', 'BI-9321', 'BI-9321', '[4-[5-(7-fluoro-4-quinolyl)-1-methyl-imidazol-4-yl]-3,5-dimethyl-phenyl]methanamine', '(4-(5-(7-fluoroquinolin-4-yl)-1-methyl-1H-imidazol-4-yl)-3,5-dimethylphenyl)methanamine', '[4-[5-(7-fluoro-4-quinolyl)-1-methyl-imidazol-4-yl]-3,5-dimethyl-phenyl]methanamine', '(4-(5-(7-fluoroquinolin-4-yl)-1-methyl-1H-imidazol-4-yl)-3,5-dimethylphenyl)methanamine', '[4-[5-(7-fluoro-4-quinolyl)-1-methyl-imidazol-4-yl]-3,5-dimethyl-phenyl]methanamine', '(4-(5-(7-fluoroquinolin-4-yl)-1-methyl-1H-imidazol-4-yl)-3,5-dimethylphenyl)methanamine', '[4-[5-(7-fluoro-4-quinolyl)-1-methyl-imidazol-4-yl]-3,5-dimethyl-phenyl]methanamine']"
CHEMBL1584083,,,Small molecule,,360.37,16,17,1.74,134.27,7.0,3.0,0.0,9.0,N,0.35,2.0,MOL,-1,26.0,-1.14,C17H20N4O5,Cc1[nH]c(O)nc1C(=O)CCCCC(=O)OCC(=O)Nc1ccccn1,LONPWPAKCRSCLJ-UHFFFAOYSA-N,"InChI=1S/C17H20N4O5/c1-11-16(21-17(25)19-11)12(22)6-2-3-8-15(24)26-10-14(23)20-13-7-4-5-9-18-13/h4-5,7,9H,2-3,6,8,10H2,1H3,(H,18,20,23)(H2,19,21,25)",False,-1,"['SID87344771', 'SID4241256']","['SID87344771', 'SID4241256']"
CHEMBL1599173,,,Small molecule,,438.6,24,29,4.9,90.11,6.0,1.0,0.0,5.0,N,0.53,2.0,MOL,-1,31.0,-1.82,C24H30N4O2S,CN(C(=O)CSc1nc(O)c(C#N)c(-c2ccc(C(C)(C)C)cc2)n1)C1CCCCC1,POSMACBQQYMFTM-UHFFFAOYSA-N,"InChI=1S/C24H30N4O2S/c1-24(2,3)17-12-10-16(11-13-17)21-19(14-25)22(30)27-23(26-21)31-15-20(29)28(4)18-8-6-5-7-9-18/h10-13,18H,5-9,15H2,1-4H3,(H,26,27,30)",False,-1,['SID49723343'],['SID49723343']
CHEMBL1369742,,,Small molecule,,294.38,22,28,3.35,33.51,3.0,1.0,0.0,2.0,N,0.74,3.0,MOL,-1,21.0,-1.39,C17H14N2OS,Cc1cc2ccccn2c1C(=S)NC(=O)c1ccccc1,BHOBISIBABIPEN-UHFFFAOYSA-N,"InChI=1S/C17H14N2OS/c1-12-11-14-9-5-6-10-19(14)15(12)17(21)18-16(20)13-7-3-2-4-8-13/h2-11H,1H3,(H,18,20,21)",False,-1,['SID22415864'],['SID22415864']
CHEMBL1734083,,,Small molecule,,286.7,25,41,0.12,120.32,5.0,2.0,0.0,1.0,N,0.76,1.0,MOL,-1,18.0,-0.42,C10H7ClN2O4S,NC1=C(Cl)C(=O)c2ccc(S(N)(=O)=O)cc2C1=O,ICJBRQPJQVOTDH-UHFFFAOYSA-N,"InChI=1S/C10H7ClN2O4S/c11-7-8(12)10(15)6-3-4(18(13,16)17)1-2-5(6)9(7)14/h1-3H,12H2,(H2,13,16,17)",False,-1,['SID89854589'],['SID89854589']
CHEMBL3182716,,,Small molecule,,508.62,39,47,4.22,109.74,5.0,1.0,1.0,5.0,N,0.55,3.0,MOL,-1,35.0,-0.96,C26H24N2O5S2,CC(C)(C)c1ccc(S(=O)(=O)/N=C2\C=C(NS(=O)(=O)c3ccccc3)C(=O)c3ccccc32)cc1,PHBQIHQMSMVNCI-SLEBQGDGSA-N,"InChI=1S/C26H24N2O5S2/c1-26(2,3)18-13-15-20(16-14-18)35(32,33)27-23-17-24(25(29)22-12-8-7-11-21(22)23)28-34(30,31)19-9-5-4-6-10-19/h4-17,28H,1-3H3/b27-23+",False,-1,"['SID144091297', 'SID49716099']","['SID144091297', 'SID49716099']"
CHEMBL1707222,,,Small molecule,,282.09,86,94,2.02,56.26,4.0,0.0,0.0,1.0,N,0.79,1.0,MOL,-1,16.0,0.51,C11H8BrNO3,COC1=C(Br)C(=O)c2nc(C)ccc2C1=O,XEGBXQGPUKNRNM-UHFFFAOYSA-N,"InChI=1S/C11H8BrNO3/c1-5-3-4-6-8(13-5)10(15)7(12)11(16-2)9(6)14/h3-4H,1-2H3",False,-1,"['SID99356103', 'SID421991']","['SID99356103', 'SID421991']"
CHEMBL1713955,,,Small molecule,,486.57,23,35,-0.34,133.68,10.0,2.0,0.0,2.0,N,0.39,0.0,MOL,-1,32.0,2.25,C20H26N2O8S2,CC(=O)OC1C2(CC3N4C(=O)C5(CO)SSC4(CC31O)C(=O)N5C)OC(C)C(C)(C)C2=O,KTAIGLOGMSQPCG-UHFFFAOYSA-N,"InChI=1S/C20H26N2O8S2/c1-9-16(3,4)12(25)18(30-9)6-11-17(28,13(18)29-10(2)24)7-19-14(26)21(5)20(8-23,32-31-19)15(27)22(11)19/h9,11,13,23,28H,6-8H2,1-5H3",False,-1,['SID92764147'],['SID92764147']
CHEMBL1999630,,,Small molecule,,446.48,63,86,4.06,112.9,5.0,2.0,0.0,5.0,N,0.61,3.0,MOL,-1,32.0,-0.83,C24H18N2O5S,Cc1ccccc1NC1=C/C(=N\S(=O)(=O)c2ccc(C(=O)O)cc2)c2ccccc2C1=O,QMMIFWYVGNVUCF-YYADALCUSA-N,"InChI=1S/C24H18N2O5S/c1-15-6-2-5-9-20(15)25-22-14-21(18-7-3-4-8-19(18)23(22)27)26-32(30,31)17-12-10-16(11-13-17)24(28)29/h2-14,25H,1H3,(H,28,29)/b26-21+",False,-1,['SID49735817'],['SID49735817']
CHEMBL585502,,,Small molecule,,488.41,42,80,5.17,16.35,2.0,0.0,1.0,7.0,N,0.54,3.0,MOL,-1,27.0,-0.57,C24H29IN2O,CCN(CC)c1ccc(/C=C/c2ccc3ccc(OC)cc3[n+]2CC)cc1.[I-],FNMPWPPTZLILBH-UHFFFAOYSA-M,"InChI=1S/C24H29N2O.HI/c1-5-25(6-2)21-13-8-19(9-14-21)10-15-22-16-11-20-12-17-23(27-4)18-24(20)26(22)7-3;/h8-18H,5-7H2,1-4H3;1H/q+1;/p-1",False,-1,['SID49670187'],['SID49670187']
CHEMBL1518895,,,Small molecule,,233.23,31,39,1.08,95.99,4.0,2.0,0.0,2.0,N,0.75,1.0,MOL,-1,17.0,-0.68,C11H11N3O3,CC1=NN(c2ccc(C(=O)O)c(N)c2)C(=O)C1,SBMYEIMIYRGZDX-UHFFFAOYSA-N,"InChI=1S/C11H11N3O3/c1-6-4-10(15)14(13-6)7-2-3-8(11(16)17)9(12)5-7/h2-3,5H,4,12H2,1H3,(H,16,17)",False,-1,['SID24806548'],['SID24806548']
CHEMBL1343952,,,Small molecule,,367.4,34,52,3.14,87.07,6.0,2.0,0.0,4.0,N,0.49,2.0,MOL,-1,27.0,-0.01,C21H21NO5,CN1/C(=C\C(=O)COC(=O)c2ccc(O)c(O)c2)C(C)(C)c2ccccc21,SRLZXRPAHTYVOU-ODLFYWEKSA-N,"InChI=1S/C21H21NO5/c1-21(2)15-6-4-5-7-16(15)22(3)19(21)11-14(23)12-27-20(26)13-8-9-17(24)18(25)10-13/h4-11,24-25H,12H2,1-3H3/b19-11-",False,-1,['SID24839221'],['SID24839221']
CHEMBL1402628,,,Small molecule,,323.35,30,39,3.43,64.63,5.0,1.0,0.0,5.0,N,0.91,2.0,MOL,-1,24.0,-0.21,C19H17NO4,CCOc1ccc(NC2=C(OC)C(=O)c3ccccc3C2=O)cc1,BJZPKXKVHMJZFK-UHFFFAOYSA-N,"InChI=1S/C19H17NO4/c1-3-24-13-10-8-12(9-11-13)20-16-17(21)14-6-4-5-7-15(14)18(22)19(16)23-2/h4-11,20H,3H2,1-2H3",False,-1,['SID17511693'],['SID17511693']
CHEMBL1583598,,,Small molecule,,477.9,32,41,4.11,108.71,5.0,2.0,0.0,5.0,N,0.42,3.0,MOL,-1,34.0,-1.74,C25H20ClN3O5,Cc1cc(/C=C2\C(=O)NC(=O)N(Cc3ccccc3Cl)C2=O)c(C)n1-c1ccc(C(=O)O)cc1,LMMIENATFTZTGH-UDWIEESQSA-N,"InChI=1S/C25H20ClN3O5/c1-14-11-18(15(2)29(14)19-9-7-16(8-10-19)24(32)33)12-20-22(30)27-25(34)28(23(20)31)13-17-5-3-4-6-21(17)26/h3-12H,13H2,1-2H3,(H,32,33)(H,27,30,34)/b20-12+",False,-1,['SID24798294'],['SID24798294']
CHEMBL272465,,,Small molecule,,349.96,38,51,3.04,70.67,4.0,2.0,0.0,0.0,N,0.57,2.0,MOL,-1,16.0,0.96,C10H6Br2O4,Cc1c(Br)c(=O)oc2c(Br)c(O)c(O)cc12,ZIDMZBIYZNIQPJ-UHFFFAOYSA-N,"InChI=1S/C10H6Br2O4/c1-3-4-2-5(13)8(14)7(12)9(4)16-10(15)6(3)11/h2,13-14H,1H3",False,-1,"['SID22414654', '9']","['SID22414654', '3,8-dibromo-6,7-dihydroxy-4-methylcoumarin']"
CHEMBL4876215,,,Unknown,,490.65,1,3,2.78,58.02,6.0,0.0,0.0,4.0,N,0.66,2.0,MOL,-1,36.0,-0.94,C29H38N4O3,CC(=O)N1CCC(N2C[C@H]3C[C@@H](C2)c2ccc(-c4ccccc4CN4CCOCC4)c(=O)n2C3)CC1,WLGRGOGJTIXJGZ-VWNXMTODSA-N,"InChI=1S/C29H38N4O3/c1-21(34)31-10-8-25(9-11-31)32-17-22-16-24(20-32)28-7-6-27(29(35)33(28)18-22)26-5-3-2-4-23(26)19-30-12-14-36-15-13-30/h2-7,22,24-25H,8-20H2,1H3/t22-,24+/m1/s1",False,-1,"['LEM-06', '5', '10; LEM-06']","['(1S,9R)-11-(1-acetyl-4-piperidyl)-5-[2-(morpholinomethyl)phenyl]-7,11-diazatricyclo[7.3.1.02,7]trideca-2,4-dien-6-one', 'NA', '(1S,5R)-3-(1-acetylpiperidin-4-yl)-9-(2-(morpholinomethyl)phenyl)-1,2,3,4,5,6-hexahydro-8H-1,5-methanopyrido[1,2-a][1,5]diazocin-8-one']"
CHEMBL5592280,,,,,466.63,2,2,4.05,86.54,8.0,1.0,0.0,9.0,N,0.55,2.0,MOL,-1,34.0,-1.26,C26H38N6O2,COc1cc2c(NC3CCN(C(C)C)CC3)nc(C#N)nc2cc1OCCCN1CCCCC1,NEJODHSPAWSHOK-UHFFFAOYSA-N,"InChI=1S/C26H38N6O2/c1-19(2)32-13-8-20(9-14-32)28-26-21-16-23(33-3)24(17-22(21)29-25(18-27)30-26)34-15-7-12-31-10-5-4-6-11-31/h16-17,19-20H,4-15H2,1-3H3,(H,28,29,30)",False,-1,['23'],['4-((1-isopropylpiperidin-4-yl)amino)-6-methoxy-7-(3-(piperidin-1-yl)propoxy)quinazoline-2-carbonitrile']
CHEMBL5402868,,,,,355.73,1,1,1.37,79.37,5.0,1.0,0.0,3.0,N,0.89,1.0,MOL,-1,24.0,-0.55,C15H12ClF2N3O3,CC(F)(F)C(=O)NC1CN(C2=C(Cl)C(=O)c3ncccc3C2=O)C1,TXUNBKRIGDLXFX-UHFFFAOYSA-N,"InChI=1S/C15H12ClF2N3O3/c1-15(17,18)14(24)20-7-5-21(6-7)11-9(16)13(23)10-8(12(11)22)3-2-4-19-10/h2-4,7H,5-6H2,1H3,(H,20,24)",False,-1,['15g'],"['N-(1-(7-chloro-5,8-dioxo-5,8-dihydroquinolin-6-yl)azetidin-3-yl)-2,2-difluoropropanamide']"
CHEMBL1309833,,,Small molecule,,418.56,5,5,3.51,70.42,6.0,2.0,0.0,9.0,N,0.37,2.0,MOL,-1,29.0,-0.91,C21H30N4O3S,CCN=C(S)N(CCCN(CC)CC)Cc1cc2cc3c(cc2nc1O)OCO3,IEZOMIJUZKOHAW-UHFFFAOYSA-N,"InChI=1S/C21H30N4O3S/c1-4-22-21(29)25(9-7-8-24(5-2)6-3)13-16-10-15-11-18-19(28-14-27-18)12-17(15)23-20(16)26/h10-12H,4-9,13-14H2,1-3H3,(H,22,29)(H,23,26)",False,-1,['SID49644170'],['SID49644170']
CHEMBL255881,,,Small molecule,,309.37,59,83,2.51,70.75,5.0,1.0,0.0,4.0,N,0.68,1.0,MOL,-1,20.0,-1.45,C13H11NO4S2,CC(C(=O)O)N1C(=O)/C(=C/C=C/c2ccco2)SC1=S,TUQJXQLTYBPFIW-QXYPORFMSA-N,"InChI=1S/C13H11NO4S2/c1-8(12(16)17)14-11(15)10(20-13(14)19)6-2-4-9-5-3-7-18-9/h2-8H,1H3,(H,16,17)/b4-2+,10-6-",False,-1,"['SID14742430', 'SID125317284', 'CU-01000095611']","['SID14742430', 'SID125317284', '2-(-5-(-3-(furan-2-yl)allylidene)-4-oxo-2-thioxothiazolidin-3-yl)propanoic acid']"
CHEMBL1541861,,,Small molecule,,440.33,57,76,5.11,19.67,0.0,1.0,1.0,3.0,N,0.51,4.0,MOL,-1,24.0,-0.16,C22H21IN2,CC[n+]1c(/C=C/c2c[nH]c3ccccc23)ccc2cc(C)ccc21.[I-],ZMXYZOLBPVPXBC-UHFFFAOYSA-N,"InChI=1S/C22H20N2.HI/c1-3-24-19(11-9-17-14-16(2)8-13-22(17)24)12-10-18-15-23-21-7-5-4-6-20(18)21;/h4-15H,3H2,1-2H3;1H",False,-1,['SID24822843'],['SID24822843']
CHEMBL1163377,,,Small molecule,,290.75,56,70,1.76,40.62,4.0,0.0,0.0,1.0,N,0.79,1.0,MOL,-1,20.0,-0.53,C15H15ClN2O2,CN1CCN(C2=C(Cl)C(=O)c3ccccc3C2=O)CC1,GUNUJEHGUYLPRR-UHFFFAOYSA-N,"InChI=1S/C15H15ClN2O2/c1-17-6-8-18(9-7-17)13-12(16)14(19)10-4-2-3-5-11(10)15(13)20/h2-5H,6-9H2,1H3",False,-1,"['3a', 'SID87335613', 'NSC40342']","['2-Chloro-3-(4-methylpiperazin-1-yl)naphthalene-1,4-dione', 'SID87335613', '2-chloro-3-(4-methylpiperazin-1-yl)naphthalene-1,4-dione']"
CHEMBL1582771,,,Small molecule,,214.18,44,62,1.79,77.84,6.0,0.0,0.0,2.0,N,0.65,3.0,MOL,-1,16.0,-1.03,C10H6N4O2,c1coc(-c2nnc(-c3ccco3)nn2)c1,WBVSZPHBBYURDY-UHFFFAOYSA-N,InChI=1S/C10H6N4O2/c1-3-7(15-5-1)9-11-13-10(14-12-9)8-4-2-6-16-8/h1-6H,False,-1,['SID49672617'],['SID49672617']
CHEMBL1449923,,,Small molecule,,468.54,46,62,3.6,112.41,8.0,1.0,0.0,9.0,N,0.29,4.0,MOL,-1,33.0,-1.31,C23H24N4O5S,CCOC(=O)c1c(NS(=O)(=O)c2ccccc2)n(CCCOC)c2nc3ccccc3nc12,DRACJKWGTDYKRU-UHFFFAOYSA-N,"InChI=1S/C23H24N4O5S/c1-3-32-23(28)19-20-22(25-18-13-8-7-12-17(18)24-20)27(14-9-15-31-2)21(19)26-33(29,30)16-10-5-4-6-11-16/h4-8,10-13,26H,3,9,14-15H2,1-2H3",False,-1,"['BDBM76505', 'SID22411056', 'SID87337039']","['2-(benzenesulfonamido)-1-(3-methoxypropyl)-3-pyrrolo[3,2-b]quinoxalinecarboxylic acid ethyl ester::2-(benzenesulfonamido)-1-(3-methoxypropyl)pyrrolo[3,2-b]quinoxaline-3-carboxylic acid ethyl ester::MLS000707548::SMR000241658::US9073941, 1011::cid_2334194::ethyl 1-(3-methoxypropyl)-2-(phenylsulfonylamino)pyrrolo[3,2-b]quinoxaline-3-carboxylate::ethyl 2-(benzenesulfonamido)-1-(3-methoxypropyl)pyrrolo[3,2-b]quinoxaline-3-carboxylate', 'SID22411056', 'SID87337039']"
CHEMBL1469091,,,Small molecule,,289.33,23,30,1.08,81.95,5.0,4.0,0.0,2.0,N,0.66,2.0,MOL,-1,21.0,0.5,C16H19NO4,CC1OC(Nc2cccc3ccccc23)C(O)C(O)C1O,RENWKKKXUKFSRO-UHFFFAOYSA-N,"InChI=1S/C16H19NO4/c1-9-13(18)14(19)15(20)16(21-9)17-12-8-4-6-10-5-2-3-7-11(10)12/h2-9,13-20H,1H3",False,-1,['SID7978031'],['SID7978031']
CHEMBL1445410,,,Small molecule,,448.52,30,36,3.49,129.72,9.0,3.0,0.0,10.0,N,0.14,3.0,MOL,-1,30.0,-1.42,C20H20N2O6S2,O=C(O)CCCCCn1c(SCC(=O)c2ccc(O)c(O)c2)nc2ccsc2c1=O,IXLKDVXAFJSTNQ-UHFFFAOYSA-N,"InChI=1S/C20H20N2O6S2/c23-14-6-5-12(10-15(14)24)16(25)11-30-20-21-13-7-9-29-18(13)19(28)22(20)8-3-1-2-4-17(26)27/h5-7,9-10,23-24H,1-4,8,11H2,(H,26,27)",False,-1,"['SID87342225', 'SID17512507']","['SID87342225', 'SID17512507']"
CHEMBL3184468,,,Small molecule,,360.46,42,66,2.4,82.48,4.0,1.0,0.0,1.0,N,0.83,1.0,MOL,-1,27.0,0.29,C22H24N4O,N#C/C(C(N)=O)=c1/ccc2c(c1)N1C3=C(CCCC3)CC3CCCCC31N=2,OHWJDSSZXTZAES-SAPNQHFASA-N,"InChI=1S/C22H24N4O/c23-13-17(21(24)27)14-8-9-18-20(12-14)26-19-7-2-1-5-15(19)11-16-6-3-4-10-22(16,26)25-18/h8-9,12,16H,1-7,10-11H2,(H2,24,27)/b17-14+",False,-1,"['SID856266', 'SID103073865']","['SID856266', 'SID103073865']"
CHEMBL1331211,,,Small molecule,,468.35,77,163,4.29,103.7,5.0,3.0,0.0,6.0,N,0.37,3.0,MOL,-1,27.0,-1.24,C18H14BrNO5S2,O=C(O)CSc1cc(NS(=O)(=O)c2ccc(Br)cc2)c2ccccc2c1O,WUGANDSUVKXMEC-UHFFFAOYSA-N,"InChI=1S/C18H14BrNO5S2/c19-11-5-7-12(8-6-11)27(24,25)20-15-9-16(26-10-17(21)22)18(23)14-4-2-1-3-13(14)15/h1-9,20,23H,10H2,(H,21,22)",False,-1,"['SID124360070', '10', 'HS22', 'SID49732904', 'SID131480819', '6y', '20a', 'UMI-77', 'UMI-77', 'UMI-77', 'UMI-77', 'UMI-77', 'UMI-77', '1', 'UMI-77']","['SID124360070', '2-((4-(4-Bromophenylsulfonamido)-1-hydroxynaphthalen-2-yl)-thio)acetic Acid', '2-(4-(4-bromophenylsulfonamido)-1-hydroxynaphthalen-2-ylthio)acetic acid', 'SID49732904', 'SID131480819', '2-(4-(4-bromophenylsulfonamido)-1-hydroxynaphthalen-2-ylthio)acetic acid', '2-(4-(4-bromophenylsulfonamido)-1-hydroxynaphthalen-2-ylthio)acetic acid', '2-(4-(4-bromophenylsulfonamido)-1-hydroxynaphthalen-2-ylthio)acetic acid', '[4-(4-Bromo-benzenesulfonylamino)-1-hydroxy-naphthalen-2-ylsulfanyl]-acetic acid', '2-[[4-[(4-bromophenyl)sulfonylamino]-1-hydroxy-2-naphthyl]sulfanyl]acetic acid', '2-(4-(4-bromophenylsulfonamido)-1-hydroxynaphthalen-2-ylthio)acetic acid', '2-{[4-(4-bromobenzenesulfonamido)-1-hydroxynaphthalen-2-yl]sulfanyl}acetic acid', '2-((4-(4-bromophenylsulfonamido)-1-hydroxynaphthalen-2-yl)thio)acetic acid', '2-((4-((4-bromophenyl)sulfonamido)-1-hydroxynaphthalen-2-yl)thio)acetic acid', '2-(4-(4-bromophenylsulfonamido)-1-hydroxynaphthalen-2-ylthio)acetic acid']"
CHEMBL3192701,,,Small molecule,,419.47,48,63,2.8,111.6,8.0,2.0,0.0,5.0,N,0.38,4.0,MOL,-1,30.0,-1.77,C21H17N5O3S,COc1ccc(/C=N/NC(=O)c2nn(-c3ccccc3)c(=O)c3c(N)scc23)cc1,CBVONXPKGLUAFJ-FOKLQQMPSA-N,"InChI=1S/C21H17N5O3S/c1-29-15-9-7-13(8-10-15)11-23-24-20(27)18-16-12-30-19(22)17(16)21(28)26(25-18)14-5-3-2-4-6-14/h2-12H,22H2,1H3,(H,24,27)/b23-11+",False,-1,['SID17401358'],['SID17401358']
CHEMBL1508839,,,Small molecule,,408.41,38,48,3.39,137.26,7.0,4.0,0.0,5.0,N,0.37,4.0,MOL,-1,30.0,-0.73,C21H20N4O5,COC(=O)c1cccc(-c2ccc(C(c3c(C)n[nH]c3O)c3c(C)n[nH]c3O)o2)c1,XHCYOXYTVCQWBK-UHFFFAOYSA-N,"InChI=1S/C21H20N4O5/c1-10-16(19(26)24-22-10)18(17-11(2)23-25-20(17)27)15-8-7-14(30-15)12-5-4-6-13(9-12)21(28)29-3/h4-9,18H,1-3H3,(H2,22,24,26)(H2,23,25,27)",False,-1,"['SID87544553', 'SID24820398']","['SID87544553', 'SID24820398']"
CHEMBL4865640,,,Unknown,,348.86,1,1,2.9,72.19,3.0,2.0,0.0,4.0,N,0.73,3.0,MOL,-1,22.0,-1.13,C17H17ClN2O2S,Cl.Nc1ccc(S(=O)(=O)NCc2ccccc2)c2ccccc12,WDQBWTMFFHRNCD-UHFFFAOYSA-N,"InChI=1S/C17H16N2O2S.ClH/c18-16-10-11-17(15-9-5-4-8-14(15)16)22(20,21)19-12-13-6-2-1-3-7-13;/h1-11,19H,12,18H2;1H",False,-1,['10d'],['4-Amino-N-benzylnaphthalene-1-sulfonamidehydrochloride']
CHEMBL4438748,,,Unknown,,457.49,345,436,4.13,100.88,6.0,2.0,0.0,7.0,N,0.43,4.0,MOL,-1,34.0,-1.15,C26H23N3O5,CN(C)c1ccc(C(=O)Nc2cccc(NC(=O)COc3ccc4c(=O)ccoc4c3)c2)cc1,WVGDUQVQWLHVEA-UHFFFAOYSA-N,"InChI=1S/C26H23N3O5/c1-29(2)20-8-6-17(7-9-20)26(32)28-19-5-3-4-18(14-19)27-25(31)16-34-21-10-11-22-23(30)12-13-33-24(22)15-21/h3-15H,16H2,1-2H3,(H,27,31)(H,28,32)",False,-1,"['12j', '51']","['4-(Dimethylamino)-N-(3-{2-[(4-oxo-4H-chromen-7-yl)oxy]acetamido}phenyl)benzamide', '4-(dimethylamino)-N-(3-(2-(4-oxo-4H-chromen-7-yloxy)acetamido)phenyl)benzamide']"
CHEMBL5438548,,,,,971.3,7,125,10.46,154.37,10.0,4.0,2.0,21.0,N,0.05,6.0,MOL,-1,70.0,-0.53,C56H71FN8O4S,Cc1cc(CNCCCCCCCCCCC(=O)N[C@H](C(=O)N2C[C@H](O)C[C@H]2C(=O)N[C@@H](C)c2ccc(-c3scnc3C)cc2)C(C)(C)C)cc(C)c1-c1ncn(C)c1-c1ccnc2cc(F)ccc12,BOTJARXURVIORK-NOXIQMFQSA-N,"InChI=1S/C56H71FN8O4S/c1-35-27-39(28-36(2)49(35)50-51(64(8)33-60-50)45-24-26-59-46-29-42(57)22-23-44(45)46)31-58-25-16-14-12-10-9-11-13-15-17-48(67)63-53(56(5,6)7)55(69)65-32-43(66)30-47(65)54(68)62-37(3)40-18-20-41(21-19-40)52-38(4)61-34-70-52/h18-24,26-29,33-34,37,43,47,53,58,66H,9-17,25,30-32H2,1-8H3,(H,62,68)(H,63,67)/t37-,43+,47-,53+/m0/s1",False,-1,['8; SYL2158'],"['(2S,4R)-1-((S)-2-(11-((4-(5-(7-Fluoroquinolin-4-yl)-1-methyl-1H-imidazol-4-yl)-3,5-dimethylbenzyl)amino)undecanamido)-3,3-dimethylbutanoyl)-4-hydroxy-N-((S)-1-(4-(4-methylthiazol-5-yl)phenyl)ethyl)pyrrolidine-2-carboxamide']"
CHEMBL1433075,,,Small molecule,,389.82,52,78,3.48,114.71,8.0,0.0,0.0,5.0,N,0.49,3.0,MOL,-1,26.0,-1.93,C16H12ClN5O3S,CCCn1nc([N+](=O)[O-])c(C(C#N)c2nc3ccccc3s2)c(Cl)c1=O,OZTUFEIVQLWZFW-UHFFFAOYSA-N,"InChI=1S/C16H12ClN5O3S/c1-2-7-21-16(23)13(17)12(14(20-21)22(24)25)9(8-18)15-19-10-5-3-4-6-11(10)26-15/h3-6,9H,2,7H2,1H3",False,-1,['SID16952487'],['SID16952487']
CHEMBL3422652,,,Small molecule,,349.39,7,9,2.8,119.09,6.0,3.0,0.0,5.0,N,0.65,3.0,MOL,-1,26.0,-1.4,C19H19N5O2,CCn1c(N)c(C#N)c2cc(Oc3ccc(NC(=O)CN)cc3)ccc21,MSVRQAUNRZMPBR-UHFFFAOYSA-N,"InChI=1S/C19H19N5O2/c1-2-24-17-8-7-14(9-15(17)16(10-20)19(24)22)26-13-5-3-12(4-6-13)23-18(25)11-21/h3-9H,2,11,21-22H2,1H3,(H,23,25)",False,-1,"['47', '8']","['2-Amino-N-[4-(2-amino-3-cyano-1-ethyl-1H-indol-5-yloxy)-phenyl]-acetamide', '2-amino-N-(4-(2-amino-3-cyano-1-ethyl-1H-indol-5-yloxy)phenyl)acetamide']"
CHEMBL3422659,,,Small molecule,,406.45,7,9,1.87,139.4,7.0,3.0,0.0,6.0,N,0.57,3.0,MOL,-1,30.0,-1.58,C21H22N6O3,CN(C)C(=O)Cn1c(N)c(C#N)c2cc(Oc3ccc(NC(=O)CN)cc3)ccc21,VISHOEGWJXXUOW-UHFFFAOYSA-N,"InChI=1S/C21H22N6O3/c1-26(2)20(29)12-27-18-8-7-15(9-16(18)17(10-22)21(27)24)30-14-5-3-13(4-6-14)25-19(28)11-23/h3-9H,11-12,23-24H2,1-2H3,(H,25,28)",False,-1,"['10', '50']","['2-(2-amino-5-(4-(2-aminoacetamido)phenoxy)-3-cyano-1H-indol-1-yl)-N,N-dimethylacetamide', '2-Amino-N-[4-(2-amino-3-cyano-1-dimethylcarbamoylmethyl-1H-indol-5-yloxy)-phenyl]-acetamide']"
CHEMBL3192822,,,Small molecule,,336.39,21,28,3.42,61.98,5.0,0.0,0.0,5.0,N,0.48,2.0,MOL,-1,25.0,-1.41,C19H20N4O2,O=[N+]([O-])c1ccccc1/C=C\C=N\N1CCN(c2ccccc2)CC1,BEAQJIZBMQSFLV-UARQRVSZSA-N,"InChI=1S/C19H20N4O2/c24-23(25)19-11-5-4-7-17(19)8-6-12-20-22-15-13-21(14-16-22)18-9-2-1-3-10-18/h1-12H,13-16H2/b8-6-,20-12+",False,-1,['SID24808971'],['SID24808971']
CHEMBL4859524,,,Unknown,,390.89,1,1,3.28,75.27,3.0,2.0,0.0,5.0,N,0.74,3.0,MOL,-1,25.0,-1.47,C19H19ClN2O3S,CC(=O)Nc1cccc2c(S(=O)(=O)NCc3ccccc3)cccc12.Cl,QVUVMYKPCXUSBA-UHFFFAOYSA-N,"InChI=1S/C19H18N2O3S.ClH/c1-14(22)21-18-11-5-10-17-16(18)9-6-12-19(17)25(23,24)20-13-15-7-3-2-4-8-15;/h2-12,20H,13H2,1H3,(H,21,22);1H",False,-1,['11t'],['N-(5-(N-benzylsulfamoyl)naphthalen-1-yl)acetamide hydrochloride']
CHEMBL1708045,,,Small molecule,,465.5,90,108,2.84,11.53,2.0,0.0,0.0,2.0,N,0.52,4.0,MOL,-1,24.0,-0.51,C22H22F3N3O3S,Cc1cc2c(=Cc3ccc(N(C)C)cc3)c3ccccc3n2[n+]1C.O=S(=O)([O-])C(F)(F)F,ZDRPSZQLMODADQ-UHFFFAOYSA-M,"InChI=1S/C21H22N3.CHF3O3S/c1-15-13-21-19(14-16-9-11-17(12-10-16)22(2)3)18-7-5-6-8-20(18)24(21)23(15)4;2-1(3,4)8(5,6)7/h5-14H,1-4H3;(H,5,6,7)/q+1;/p-1",False,-1,"['SID92764866', 'SID529499']","['SID92764866', 'SID529499']"
CHEMBL1555938,,,Small molecule,,369.43,61,77,4.51,83.6,5.0,1.0,0.0,5.0,N,0.56,4.0,MOL,-1,28.0,-1.47,C22H19N5O,CCCCn1c(NC(=O)c2ccccc2)c(C#N)c2nc3ccccc3nc21,MLKSWZRNCAMRQC-UHFFFAOYSA-N,"InChI=1S/C22H19N5O/c1-2-3-13-27-20(26-22(28)15-9-5-4-6-10-15)16(14-23)19-21(27)25-18-12-8-7-11-17(18)24-19/h4-12H,2-3,13H2,1H3,(H,26,28)",False,-1,"['SID89853417', 'BDBM32062', 'SID3712327', 'BDBM32062']","['SID89853417', 'MLS000054842::N-(1-butyl-3-cyano-2-pyrrolo[3,2-b]quinoxalinyl)benzamide::N-(1-butyl-3-cyano-pyrrolo[3,2-b]quinoxalin-2-yl)benzamide::N-(1-butyl-3-cyanopyrrolo[3,2-b]quinoxalin-2-yl)benzamide::SMR000060333::US9045483, 3::US9073941, 1003::cid_1910302', 'SID3712327', 'MLS000054842::N-(1-butyl-3-cyano-2-pyrrolo[3,2-b]quinoxalinyl)benzamide::N-(1-butyl-3-cyano-pyrrolo[3,2-b]quinoxalin-2-yl)benzamide::N-(1-butyl-3-cyanopyrrolo[3,2-b]quinoxalin-2-yl)benzamide::SMR000060333::US9045483, 3::US9073941, 1003::cid_1910302']"
CHEMBL5618955,,,,,355.4,1,1,1.94,100.37,7.0,1.0,0.0,4.0,N,0.89,2.0,MOL,-1,26.0,-1.04,C18H21N5O3,COc1cc2nc(C#N)nc(NC3CCN(C(C)=O)CC3)c2cc1OC,MTPYZAFHAPPTJK-UHFFFAOYSA-N,"InChI=1S/C18H21N5O3/c1-11(24)23-6-4-12(5-7-23)20-18-13-8-15(25-2)16(26-3)9-14(13)21-17(10-19)22-18/h8-9,12H,4-7H2,1-3H3,(H,20,21,22)",False,-1,['32'],"['6,7-Dimethoxy-4-((1-acetylpiperidin-4-yl)amino)-quinazoline-2-carbonitrile']"
CHEMBL1995948,,,Small molecule,,230.22,36,46,1.98,74.82,4.0,2.0,0.0,3.0,N,0.48,2.0,MOL,-1,17.0,-1.34,C12H10N2O3,O=C(O)c1cccc(-n2cccc2/C=N/O)c1,OFYDQOMTSGVDQY-MDWZMJQESA-N,"InChI=1S/C12H10N2O3/c15-12(16)9-3-1-4-10(7-9)14-6-2-5-11(14)8-13-17/h1-8,17H,(H,15,16)/b13-8+",False,-1,['SID4243236'],['SID4243236']
CHEMBL1537553,,,Small molecule,,307.35,47,73,2.29,57.61,4.0,1.0,0.0,5.0,N,0.86,2.0,MOL,-1,23.0,0.01,C19H17NO3,O=C1C=C(N(CCO)Cc2ccccc2)c2ccccc2C1=O,HCOLIVYGXAABOJ-UHFFFAOYSA-N,"InChI=1S/C19H17NO3/c21-11-10-20(13-14-6-2-1-3-7-14)17-12-18(22)19(23)16-9-5-4-8-15(16)17/h1-9,12,21H,10-11,13H2",False,-1,"['SID24809506', 'EOS98584']","['SID24809506', None]"
CHEMBL1609454,,,Small molecule,,491.43,28,38,3.3,146.01,6.0,3.0,0.0,5.0,N,0.37,3.0,MOL,-1,36.0,-1.63,C25H18FN3O7,Cc1cc(/C=C2\C(=O)NC(=O)N(c3cccc(F)c3)C2=O)c(C)n1-c1cc(C(=O)O)cc(C(=O)O)c1,KTJQGFGPGFRUQR-KEBDBYFISA-N,"InChI=1S/C25H18FN3O7/c1-12-6-14(13(2)28(12)19-8-15(23(32)33)7-16(9-19)24(34)35)10-20-21(30)27-25(36)29(22(20)31)18-5-3-4-17(26)11-18/h3-11H,1-2H3,(H,32,33)(H,34,35)(H,27,30,36)/b20-10+",False,-1,['SID24797304'],['SID24797304']
CHEMBL1735454,,,Small molecule,,360.35,35,53,3.62,139.78,7.0,4.0,0.0,3.0,N,0.42,3.0,MOL,-1,25.0,-0.13,C16H12N2O6S,O=S(=O)(O)c1cc(O)c(N=Nc2ccc(O)cc2O)c2ccccc12,JQBUVPRAKRZKRZ-UHFFFAOYSA-N,"InChI=1S/C16H12N2O6S/c19-9-5-6-12(13(20)7-9)17-18-16-11-4-2-1-3-10(11)15(8-14(16)21)25(22,23)24/h1-8,19-21H,(H,22,23,24)",False,-1,['SID89854191'],['SID89854191']
CHEMBL5558815,,,,,352.17,2,2,2.39,78.85,6.0,1.0,0.0,4.0,N,0.78,3.0,MOL,-1,21.0,-1.48,C13H11BrFN5O,Nc1ncnc2c1ncn2CCOc1ccc(Br)c(F)c1,JKYDSBGVHKVKLG-UHFFFAOYSA-N,"InChI=1S/C13H11BrFN5O/c14-9-2-1-8(5-10(9)15)21-4-3-20-7-19-11-12(16)17-6-18-13(11)20/h1-2,5-7H,3-4H2,(H2,16,17,18)",False,-1,['18'],['9-(2-(4-bromo-3-fluorophenoxy)ethyl)-9H-purin-6-amine']
CHEMBL5542461,,,,,334.18,14,49,2.25,78.85,6.0,1.0,0.0,4.0,N,0.79,3.0,MOL,-1,20.0,-1.14,C13H12BrN5O,Nc1ncnc2c1ncn2CCOc1ccc(Br)cc1,KEUZGQNTDMYNJZ-UHFFFAOYSA-N,"InChI=1S/C13H12BrN5O/c14-9-1-3-10(4-2-9)20-6-5-19-8-18-11-12(15)16-7-17-13(11)19/h1-4,7-8H,5-6H2,(H2,15,16,17)",False,-1,['3'],['9-(2-(4-bromophenoxy)ethyl)-9H-purin-6-amine']
CHEMBL5573999,,,,,1239.68,30,51,,,,,,,,,,MOL,-1,,,C70H98N10O8S,CCN(c1cc(-c2ccc(CN3CCN(CCC(=O)NCCCCCCCCCCC(=O)N[C@H](C(=O)N4C[C@H](O)C[C@H]4C(=O)NCc4ccc(-c5scnc5C)cc4)C(C)(C)C)CC3)cc2)cc(C(=O)NCc2c(C)cc(C)[nH]c2=O)c1C)C1CCOCC1,DGCDZRAZXAUSDI-HTYMRSPFSA-N,"InChI=1S/C70H98N10O8S/c1-9-79(56-28-36-88-37-29-56)60-40-55(39-58(49(60)4)66(84)73-43-59-47(2)38-48(3)75-67(59)85)53-23-21-52(22-24-53)44-78-34-32-77(33-35-78)31-27-62(82)71-30-17-15-13-11-10-12-14-16-18-63(83)76-65(70(6,7)8)69(87)80-45-57(81)41-61(80)68(86)72-42-51-19-25-54(26-20-51)64-50(5)74-46-89-64/h19-26,38-40,46,56-57,61,65,81H,9-18,27-37,41-45H2,1-8H3,(H,71,82)(H,72,86)(H,73,84)(H,75,85)(H,76,83)/t57-,61+,65-/m1/s1",False,-1,['8; MS8847'],"[(2S,4R)-1-((S)-2-(11-(3-(4-((3'-(((4,6-dimethyl-2-oxo-1,2-dihydropyridin-3-yl)methyl)carbamoyl)-5'-(ethyl(tetrahydro-2H-pyran-4-yl)amino)-4'-methyl-[1,1'-biphenyl]-4-yl)methyl)piperazin-1-yl)propanamido)undecanamido)-3,3-dimethylbutanoyl)-4-hydroxy-N-(4-(4-methylthiazol-5-yl)benzyl)pyrrolidine-2-carboxamide""]"""
CHEMBL1362933,,,Small molecule,,212.64,34,54,1.52,68.18,5.0,1.0,0.0,1.0,N,0.73,2.0,MOL,-1,14.0,-1.53,C8H9ClN4O,CN(C)c1cc(Cl)c2nonc2c1N,UZRWNDUAEJYSCT-UHFFFAOYSA-N,"InChI=1S/C8H9ClN4O/c1-13(2)5-3-4(9)7-8(6(5)10)12-14-11-7/h3H,10H2,1-2H3",False,-1,"['SID26664055', 'MMV1654199']","['SID26664055', 'MMV1654199']"
CHEMBL4746649,,,Unknown,,336.41,1,2,4.67,44.1,2.0,0.0,0.0,4.0,N,0.81,2.0,MOL,-1,25.0,-1.92,C21H21FN2O,N#Cc1ccc(C(=O)N(Cc2ccc(F)cc2)C2CCCCC2)cc1,NKDWJTNQQWJKBF-UHFFFAOYSA-N,"InChI=1S/C21H21FN2O/c22-19-12-8-17(9-13-19)15-24(20-4-2-1-3-5-20)21(25)18-10-6-16(14-23)7-11-18/h6-13,20H,1-5,15H2",False,-1,['3e'],['4-cyano-N-cyclohexyl-N-(4-fluorobenzyl)benzamide']
CHEMBL5411172,,,,,393.78,1,1,1.95,88.16,5.0,2.0,0.0,4.0,N,0.82,1.0,MOL,-1,27.0,-0.17,C18H14ClF2N3O3,O=C1C(NC23CC(NC(=O)C4CC4(F)F)(C2)C3)=C(Cl)C(=O)c2ncccc21,GIQIFTBQCOEECI-UHFFFAOYSA-N,"InChI=1S/C18H14ClF2N3O3/c19-10-12(13(25)8-2-1-3-22-11(8)14(10)26)23-16-5-17(6-16,7-16)24-15(27)9-4-18(9,20)21/h1-3,9,23H,4-7H2,(H,24,27)",False,-1,['15b'],"['N-(3-((7-chloro-5,8-dioxo-5,8-dihydroquinolin-6-yl)amino)bicyclo[1.1.1]pentan-1-yl)-2,2-difluorocyclopropane-1-carboxamide']"
CHEMBL4561946,,,Unknown,,335.25,24,24,2.76,23.55,2.0,0.0,0.0,1.0,N,0.79,1.0,MOL,-1,20.0,-0.55,C16H19BrN2O,O=C(c1cccc(Br)c1)N1C[C@@H]2CC3CCCN3[C@@H]2C1,RYNUKEIYLPNJEA-XSDATEAUSA-N,"InChI=1S/C16H19BrN2O/c17-13-4-1-3-11(7-13)16(20)18-9-12-8-14-5-2-6-19(14)15(12)10-18/h1,3-4,7,12,14-15H,2,5-6,8-10H2/t12-,14?,15+/m0/s1",False,-1,['9'],"['(3-bromophenyl)((3aS,8aS)-octahydropyrrolo[3,4-b]pyrrolizin-2(1H)-yl)methanone']"
CHEMBL4555434,,,Unknown,,309.21,24,24,2.27,32.34,2.0,1.0,0.0,1.0,N,0.86,1.0,MOL,-1,18.0,-1.01,C14H17BrN2O,O=C(c1cccc(Br)c1)N1CC[C@H]2NCC[C@H]2C1,IILGRJYYRVDZAV-WCQYABFASA-N,"InChI=1S/C14H17BrN2O/c15-12-3-1-2-10(8-12)14(18)17-7-5-13-11(9-17)4-6-16-13/h1-3,8,11,13,16H,4-7,9H2/t11-,13+/m0/s1",False,-1,['11'],"['(3-bromophenyl)((3aS,7aR)-tetrahydro-1H-pyrrolo[3,2-c]pyridin-5(6H,7H,7aH)-yl)methanone']"
CHEMBL4569231,,,Unknown,,349.27,24,24,3.15,23.55,2.0,0.0,0.0,1.0,N,0.78,1.0,MOL,-1,21.0,-0.54,C17H21BrN2O,O=C(c1cccc(Br)c1)N1C[C@@H]2CC3CCCCN3[C@@H]2C1,PJGBJFGYPOCEGE-ZNZOUBGRSA-N,"InChI=1S/C17H21BrN2O/c18-14-5-3-4-12(8-14)17(21)19-10-13-9-15-6-1-2-7-20(15)16(13)11-19/h3-5,8,13,15-16H,1-2,6-7,9-11H2/t13-,15?,16+/m0/s1",False,-1,['10'],"['(3-bromophenyl)((3aS,9aS)-dihydro-1H-pyrrolo[3,4-b]indolizin-2(5H,6H,7H,8H,8aH,9H,9aH)-yl)methanone']"
CHEMBL4556920,,,Unknown,,351.29,24,25,3.54,23.55,2.0,0.0,0.0,1.0,N,0.77,1.0,MOL,-1,21.0,-0.99,C17H23BrN2O,CN1CCCCC12CCN(C(=O)c1cccc(Br)c1)CC2,LJSQIRNOGRTVRM-UHFFFAOYSA-N,"InChI=1S/C17H23BrN2O/c1-19-10-3-2-7-17(19)8-11-20(12-9-17)16(21)14-5-4-6-15(18)13-14/h4-6,13H,2-3,7-12H2,1H3",False,-1,['5'],"['(3-bromophenyl)(1-methyl-1,9-diazaspiro[5.5]undecan-9-yl)methanone']"
CHEMBL2141749,,,Small molecule,,230.27,7,10,2.17,57.37,4.0,1.0,0.0,1.0,N,0.76,2.0,MOL,-1,17.0,-0.14,C13H14N2O2,Cc1cnc(C2OCCO2)c2cccc(N)c12,CHTFMVQQJMQEST-UHFFFAOYSA-N,"InChI=1S/C13H14N2O2/c1-8-7-15-12(13-16-5-6-17-13)9-3-2-4-10(14)11(8)9/h2-4,7,13H,5-6,14H2,1H3",False,-1,['SID99360850'],['SID99360850']
CHEMBL5403284,,,,,405.5,43,81,3.71,74.69,6.0,2.0,0.0,4.0,N,0.81,2.0,MOL,-1,28.0,-0.65,C20H24FN3O3S,CC(C)(NC(=O)O[C@@H]1CN2CCC1CC2)c1csc(-c2ccc(F)c(O)c2)n1,LRJXHGILPIXDQG-MRXNPFEDSA-N,"InChI=1S/C20H24FN3O3S/c1-20(2,23-19(26)27-16-10-24-7-5-12(16)6-8-24)17-11-28-18(22-17)13-3-4-14(21)15(25)9-13/h3-4,9,11-12,16,25H,5-8,10H2,1-2H3,(H,23,26)/t16-/m1/s1",False,-1,['43; GD433'],['(S)-quinuclidin-3-yl (2-(2-(4-fluoro-3-hydroxyphenyl)thiazol-4-yl)propan-2-yl)carbamate']
CHEMBL1529285,,,Small molecule,,464.52,46,58,5.15,95.5,4.0,3.0,1.0,5.0,N,0.45,3.0,MOL,-1,33.0,-1.23,C25H21FN2O4S,O=C(O)c1ccc(NS(=O)(=O)c2ccc3c(c2)C2C=CCC2C(c2ccccc2F)N3)cc1,CTTOGPAAVKCXEG-UHFFFAOYSA-N,"InChI=1S/C25H21FN2O4S/c26-22-7-2-1-4-20(22)24-19-6-3-5-18(19)21-14-17(12-13-23(21)27-24)33(31,32)28-16-10-8-15(9-11-16)25(29)30/h1-5,7-14,18-19,24,27-28H,6H2,(H,29,30)",False,-1,"['SID87544598', 'SID24787907']","['SID87544598', 'SID24787907']"
CHEMBL4851472,,,Unknown,,510.49,1,1,3.74,78.51,4.0,2.0,0.0,6.0,N,0.62,3.0,MOL,-1,31.0,-1.43,C24H29Cl2N3O3S,CC(=O)N1CCC(Nc2cccc3c(S(=O)(=O)NCc4ccccc4)cccc23)CC1.Cl.Cl,IKKCAJMPTVASKB-UHFFFAOYSA-N,"InChI=1S/C24H27N3O3S.2ClH/c1-18(28)27-15-13-20(14-16-27)26-23-11-5-10-22-21(23)9-6-12-24(22)31(29,30)25-17-19-7-3-2-4-8-19;;/h2-12,20,25-26H,13-17H2,1H3;2*1H",False,-1,['11z'],['5-((1-Acetylpiperidin-4-yl)amino)-N-benzylnaphthalene-1-sulfonamide hydrochloride']
CHEMBL1706454,,,Small molecule,,389.24,106,132,0.54,101.31,7.0,3.0,0.0,3.0,N,0.68,1.0,MOL,-1,24.0,-0.03,C16H18Cl2N2O5,Cl.O=C1C(Cl)=C(N2CCN(CCO)CC2)C(=O)c2c(O)ccc(O)c21,MLAZASGSBVENEK-UHFFFAOYSA-N,"InChI=1S/C16H17ClN2O5.ClH/c17-13-14(19-5-3-18(4-6-19)7-8-20)16(24)12-10(22)2-1-9(21)11(12)15(13)23;/h1-2,20-22H,3-8H2;1H",False,-1,"['SID92764783', 'SID509052']","['SID92764783', 'SID509052']"
CHEMBL3190381,,,Small molecule,,377.33,26,33,2.04,88.38,6.0,2.0,0.0,2.0,N,0.78,2.0,MOL,-1,27.0,-1.27,C17H14F3N5O2,O=C1Nn2c(nc3c(c2=O)CCCC3)/C1=N/Nc1cccc(C(F)(F)F)c1,ZUGDHVGQUMCMSJ-QRVIBDJDSA-N,"InChI=1S/C17H14F3N5O2/c18-17(19,20)9-4-3-5-10(8-9)22-23-13-14-21-12-7-2-1-6-11(12)16(27)25(14)24-15(13)26/h3-5,8,22H,1-2,6-7H2,(H,24,26)/b23-13-",False,-1,['SID14728350'],['SID14728350']
CHEMBL1407103,,,Small molecule,,506.53,18,20,5.61,97.23,8.0,2.0,2.0,7.0,N,0.25,4.0,MOL,-1,34.0,-2.21,C22H17F3N4O3S2,CCOc1ccccc1NC(=O)CSc1nc(O)c2c(C(F)(F)F)cc(-c3cccs3)nc2n1,SHWHSPKJKVYENT-UHFFFAOYSA-N,"InChI=1S/C22H17F3N4O3S2/c1-2-32-15-7-4-3-6-13(15)26-17(30)11-34-21-28-19-18(20(31)29-21)12(22(23,24)25)10-14(27-19)16-8-5-9-33-16/h3-10H,2,11H2,1H3,(H,26,30)(H,27,28,29,31)",False,-1,['SID24782347'],['SID24782347']
CHEMBL1890165,,,Small molecule,,480.57,14,20,3.54,109.74,5.0,1.0,0.0,5.0,N,0.6,3.0,MOL,-1,33.0,-0.83,C24H20N2O5S2,Cc1ccc(S(=O)(=O)/N=C2\C=C(NS(=O)(=O)c3ccc(C)cc3)C(=O)c3ccccc32)cc1,XJKZVNSDVBKDDF-YYDJUVGSSA-N,"InChI=1S/C24H20N2O5S2/c1-16-7-11-18(12-8-16)32(28,29)25-22-15-23(24(27)21-6-4-3-5-20(21)22)26-33(30,31)19-13-9-17(2)10-14-19/h3-15,26H,1-2H3/b25-22+",False,-1,"['MMV1305235', 'SID103163603']","['MMV1305235', 'SID103163603']"
CHEMBL222190,,,Small molecule,,181.58,20,24,1.47,46.17,2.0,1.0,0.0,0.0,Y,0.62,1.0,MOL,-1,12.0,-0.38,C8H4ClNO2,O=C1Nc2c(Cl)cccc2C1=O,MPLXQMMMGDYXIT-UHFFFAOYSA-N,"InChI=1S/C8H4ClNO2/c9-5-3-1-2-4-6(5)10-8(12)7(4)11/h1-3H,(H,10,11,12)",False,-1,"['1g', 'SID121283694', '21', '43', '18']","['7-chloroindoline-2,3-dione', 'SID121283694', '7-chloroindoline-2,3-dione', '7-chloro-1H-indole-2,3-dione', '7-chloroindoline-2,3-dione']"
CHEMBL1473059,,,Small molecule,,307.29,35,47,1.85,111.43,7.0,1.0,0.0,5.0,N,0.51,2.0,MOL,-1,21.0,-2.09,C12H9N3O5S,O=C(COC(=O)c1ccccc1)Nc1ncc([N+](=O)[O-])s1,IEDNKRDFNMBTOL-UHFFFAOYSA-N,"InChI=1S/C12H9N3O5S/c16-9(14-12-13-6-10(21-12)15(18)19)7-20-11(17)8-4-2-1-3-5-8/h1-6H,7H2,(H,13,14,16)",False,-1,['SID85270375'],['SID85270375']
CHEMBL1730876,,,Small molecule,,280.16,6,6,2.27,67.2,4.0,2.0,0.0,6.0,N,0.46,1.0,MOL,-1,16.0,-1.94,C10H15Cl2N3O2,CCNCCNc1ccc(Cl)cc1[N+](=O)[O-].Cl,KQAHJUHCWBSUBN-UHFFFAOYSA-N,"InChI=1S/C10H14ClN3O2.ClH/c1-2-12-5-6-13-9-4-3-8(11)7-10(9)14(15)16;/h3-4,7,12-13H,2,5-6H2,1H3;1H",False,-1,['SID17413422'],['SID17413422']
CHEMBL1710427,,,Small molecule,,332.36,8,9,-0.76,98.36,6.0,2.0,0.0,4.0,N,0.52,0.0,MOL,-1,24.0,0.03,C16H20N4O4,CC(=O)NC1=C(N2CC2C)C(=O)C(NC(C)=O)=C(N2CC2C)C1=O,TYWXPMHDISHSGC-UHFFFAOYSA-N,"InChI=1S/C16H20N4O4/c1-7-5-19(7)13-11(17-9(3)21)16(24)14(20-6-8(20)2)12(15(13)23)18-10(4)22/h7-8H,5-6H2,1-4H3,(H,17,21)(H,18,22)",False,-1,['SID89850955'],['SID89850955']
CHEMBL1902527,,,Small molecule,,175.02,10,11,2.3,24.72,2.0,0.0,0.0,0.0,Y,0.5,0.0,MOL,-1,10.0,0.27,C6H4Cl2N2,ClN=C1C=CC=CC1=NCl,RPGWWMBMIIJENL-UHFFFAOYSA-N,InChI=1S/C6H4Cl2N2/c7-9-5-3-1-2-4-6(5)10-8/h1-4H,False,-1,['SID121283306'],['SID121283306']
CHEMBL1376540,,,Small molecule,,309.32,32,42,1.8,83.47,4.0,2.0,0.0,2.0,N,0.65,2.0,MOL,-1,23.0,-0.39,C18H15NO4,Cc1ccc(C(=O)NC2(O)C(=O)c3ccccc3C2=O)cc1C,TVSOMCJVQKDEQZ-UHFFFAOYSA-N,"InChI=1S/C18H15NO4/c1-10-7-8-12(9-11(10)2)17(22)19-18(23)15(20)13-5-3-4-6-14(13)16(18)21/h3-9,23H,1-2H3,(H,19,22)",False,-1,['SID26728767'],['SID26728767']
CHEMBL1393480,,,Small molecule,,354.39,40,61,2.72,92.76,8.0,2.0,0.0,3.0,N,0.7,3.0,MOL,-1,25.0,-0.92,C17H14N4O3S,COc1ccccc1-c1nnc2n1N=C(c1ccc(O)c(O)c1)CS2,PKVPLCVGALGTGK-UHFFFAOYSA-N,"InChI=1S/C17H14N4O3S/c1-24-15-5-3-2-4-11(15)16-18-19-17-21(16)20-12(9-25-17)10-6-7-13(22)14(23)8-10/h2-8,22-23H,9H2,1H3",False,-1,"['SID165222682', 'SID50102122', 'SID861400']","['SID165222682', 'SID50102122', 'SID861400']"
CHEMBL1606706,,,Small molecule,,406.02,20,24,5.19,21.06,5.0,0.0,1.0,7.0,N,0.32,3.0,MOL,-1,25.0,-1.83,C20H24ClN3S2,CCN(CC)CCSc1nc2ccccc2c(=S)n1-c1ccccc1.Cl,MSHDFPGLASADJP-UHFFFAOYSA-N,"InChI=1S/C20H23N3S2.ClH/c1-3-22(4-2)14-15-25-20-21-18-13-9-8-12-17(18)19(24)23(20)16-10-6-5-7-11-16;/h5-13H,3-4,14-15H2,1-2H3;1H",False,-1,['SID24784343'],['SID24784343']
CHEMBL1997951,,,Small molecule,,368.44,18,26,1.6,75.11,8.0,1.0,0.0,5.0,N,0.63,2.0,MOL,-1,27.0,-1.86,C19H24N6O2,C(=N\Nc1cc(N2CCOCC2)nc(N2CCOCC2)n1)\c1ccccc1,CZGWXYLLXFDESJ-HKWRFOASSA-N,"InChI=1S/C19H24N6O2/c1-2-4-16(5-3-1)15-20-23-17-14-18(24-6-10-26-11-7-24)22-19(21-17)25-8-12-27-13-9-25/h1-5,14-15H,6-13H2,(H,21,22,23)/b20-15-",False,-1,['SID22415033'],['SID22415033']
CHEMBL1565749,,,Small molecule,,468.55,24,33,4.02,34.47,4.0,0.0,0.0,6.0,N,0.63,3.0,MOL,-1,26.0,-1.12,C26H32N2O6,Cc1c(C)n(Cc2ccccc2)c2ccc(C(=O)OCCN(C)C)cc12.O=C(O)CCC(=O)O,WKXJTOAURXDJHE-UHFFFAOYSA-N,"InChI=1S/C22H26N2O2.C4H6O4/c1-16-17(2)24(15-18-8-6-5-7-9-18)21-11-10-19(14-20(16)21)22(25)26-13-12-23(3)4;5-3(6)1-2-4(7)8/h5-11,14H,12-13,15H2,1-4H3;1-2H2,(H,5,6)(H,7,8)",False,-1,['SID24780169'],['SID24780169']
CHEMBL1345683,,,Small molecule,,361.42,13,18,4.24,21.26,3.0,1.0,0.0,3.0,N,0.9,2.0,MOL,-1,19.0,-0.12,C18H19NO5S,CNCCC1Sc2ccccc2Oc2ccccc21.O=C(O)C(=O)O,JEILQYZJCYDQNO-UHFFFAOYSA-N,"InChI=1S/C16H17NOS.C2H2O4/c1-17-11-10-15-12-6-2-3-7-13(12)18-14-8-4-5-9-16(14)19-15;3-1(4)2(5)6/h2-9,15,17H,10-11H2,1H3;(H,3,4)(H,5,6)",False,-1,['SID14744728'],['SID14744728']
CHEMBL4852059,,,Unknown,,349.84,1,1,2.3,85.08,4.0,2.0,0.0,4.0,N,0.72,3.0,MOL,-1,22.0,-1.27,C16H16ClN3O2S,Cl.Nc1cccc2c(S(=O)(=O)NCc3ccncc3)cccc12,BXCLQIYCBPYQDM-UHFFFAOYSA-N,"InChI=1S/C16H15N3O2S.ClH/c17-15-5-1-4-14-13(15)3-2-6-16(14)22(20,21)19-11-12-7-9-18-10-8-12;/h1-10,19H,11,17H2;1H",False,-1,['11i'],['5-Amino-N-(pyridin-4-ylmethyl)naphthalene-1-sulfonamide dihydrochloride']
CHEMBL4846461,,,Unknown,,496.5,1,1,4.21,61.44,4.0,2.0,0.0,7.0,N,0.6,3.0,MOL,-1,30.0,-1.51,C24H31Cl2N3O2S,CCN1CCC(Nc2cccc3c(S(=O)(=O)NCc4ccccc4)cccc23)CC1.Cl.Cl,DFEQNALGJVUAJT-UHFFFAOYSA-N,"InChI=1S/C24H29N3O2S.2ClH/c1-2-27-16-14-20(15-17-27)26-23-12-6-11-22-21(23)10-7-13-24(22)30(28,29)25-18-19-8-4-3-5-9-19;;/h3-13,20,25-26H,2,14-18H2,1H3;2*1H",False,-1,['11y'],['N-benzyl-5-(1-ethylpiperidin-4-ylamino)naphthalene-1-sulfonamide dihydrochloride']
CHEMBL1464200,,,Small molecule,,234.19,30,35,0.13,143.76,6.0,3.0,0.0,2.0,N,0.22,1.0,MOL,-1,15.0,-0.92,C6H6N2O6S,Nc1cc(S(=O)(=O)O)cc([N+](=O)[O-])c1O,RHPXYZMDLOJTFF-UHFFFAOYSA-N,"InChI=1S/C6H6N2O6S/c7-4-1-3(15(12,13)14)2-5(6(4)9)8(10)11/h1-2,9H,7H2,(H,12,13,14)",False,-1,['SID24841228'],['SID24841228']
CHEMBL1542926,,,Small molecule,,424.26,10,17,3.12,77.73,5.0,0.0,0.0,4.0,N,0.32,4.0,MOL,-1,26.0,-1.18,C19H14BrN5O2,O=[N+]([O-])c1ccc(-[n+]2nc(-c3ccccc3)nn2-c2ccccc2)cc1.[Br-],YZNTZOVSEPPILK-UHFFFAOYSA-M,InChI=1S/C19H14N5O2.BrH/c25-24(26)18-13-11-17(12-14-18)23-21-19(15-7-3-1-4-8-15)20-22(23)16-9-5-2-6-10-16;/h1-14H;1H/q+1;/p-1,False,-1,['SID47197802'],['SID47197802']
CHEMBL1540315,,,Small molecule,,289.42,7,7,2.34,44.7,3.0,1.0,0.0,1.0,Y,0.81,0.0,MOL,-1,21.0,0.02,C17H27N3O,CCN1CC2CCCC3(C1)C(=O)NC1(CCCCC1)N=C23,ICFQVBLKMFUCBQ-UHFFFAOYSA-N,"InChI=1S/C17H27N3O/c1-2-20-11-13-7-6-8-16(12-20)14(13)18-17(19-15(16)21)9-4-3-5-10-17/h13H,2-12H2,1H3,(H,19,21)",False,-1,['SID850144'],['SID850144']
CHEMBL1532953,,,Small molecule,,534.66,43,65,5.33,111.02,7.0,1.0,2.0,8.0,N,0.29,5.0,MOL,-1,37.0,-1.37,C27H26N4O4S2,CCCCn1c(NS(=O)(=O)c2ccc(C)cc2)c(S(=O)(=O)c2ccccc2)c2nc3ccccc3nc21,GSTUDAFDHQFXPN-UHFFFAOYSA-N,"InChI=1S/C27H26N4O4S2/c1-3-4-18-31-26-24(28-22-12-8-9-13-23(22)29-26)25(36(32,33)20-10-6-5-7-11-20)27(31)30-37(34,35)21-16-14-19(2)15-17-21/h5-17,30H,3-4,18H2,1-2H3",False,-1,"['SID85747721', 'SID22400632', 'SID87346654']","['SID85747721', 'SID22400632', 'SID87346654']"
CHEMBL1906617,,,Small molecule,,458.54,17,33,3.71,41.57,5.0,1.0,0.0,5.0,N,0.72,3.0,MOL,-1,24.0,-1.0,C23H26N2O6S,COc1cc(C)c2sc3ccccc3c(=O)c2c1NCCN(C)C.O=C(O)/C=C/C(=O)O,REHIDBKFPHFTPN-WLHGVMLRSA-N,"InChI=1S/C19H22N2O2S.C4H4O4/c1-12-11-14(23-4)17(20-9-10-21(2)3)16-18(22)13-7-5-6-8-15(13)24-19(12)16;5-3(6)1-2-4(7)8/h5-8,11,20H,9-10H2,1-4H3;1-2H,(H,5,6)(H,7,8)/b;2-1+",False,-1,['SID99359812'],['SID99359812']
CHEMBL1517325,,,Small molecule,,420.92,44,70,4.52,7.12,2.0,0.0,0.0,4.0,N,0.51,3.0,MOL,-1,23.0,-0.58,C20H21ClN2O4S,CN(C)c1ccc(/C=C/C=C/c2sc3ccccc3[n+]2C)cc1.[O-][Cl+3]([O-])([O-])[O-],FMNVERLGHOIHBQ-UHFFFAOYSA-M,"InChI=1S/C20H21N2S.ClHO4/c1-21(2)17-14-12-16(13-15-17)8-4-7-11-20-22(3)18-9-5-6-10-19(18)23-20;2-1(3,4)5/h4-15H,1-3H3;(H,2,3,4,5)/q+1;/p-1",False,-1,['SID26662187'],['SID26662187']
CHEMBL1356184,,,Small molecule,,462.53,29,37,3.65,110.24,9.0,2.0,0.0,5.0,N,0.2,2.0,MOL,-1,33.0,-1.26,C24H22N4O4S,O=C(CSc1nc2nn(-c3ccccc3)c(=O)c-2c2n1CCCCC2)c1ccc(O)c(O)c1,NDZWKVWFASRGGI-UHFFFAOYSA-N,"InChI=1S/C24H22N4O4S/c29-18-11-10-15(13-19(18)30)20(31)14-33-24-25-22-21(17-9-5-2-6-12-27(17)24)23(32)28(26-22)16-7-3-1-4-8-16/h1,3-4,7-8,10-11,13,29-30H,2,5-6,9,12,14H2",False,-1,['SID57260859'],['SID57260859']
CHEMBL1501392,,,Small molecule,,480.47,26,47,1.57,129.75,8.0,2.0,0.0,3.0,N,0.43,3.0,MOL,-1,35.0,-0.24,C25H24N2O8,Cc1c(CC(=O)N2CCN(C(=O)C3COc4ccccc4O3)CC2)c(=O)oc2c(O)c(O)ccc12,GULVEVUQDYPBJP-UHFFFAOYSA-N,"InChI=1S/C25H24N2O8/c1-14-15-6-7-17(28)22(30)23(15)35-25(32)16(14)12-21(29)26-8-10-27(11-9-26)24(31)20-13-33-18-4-2-3-5-19(18)34-20/h2-7,20,28,30H,8-13H2,1H3",False,-1,['SID49816187'],['SID49816187']
CHEMBL6056072,,,,,596.02,1,3,4.76,133.89,10.0,2.0,1.0,7.0,N,0.26,5.0,MOL,-1,42.0,-1.17,C28H25ClF3N9O,Nc1ncnc2c1ncn2Cc1cc(-c2ccc(OC(F)F)c(F)c2)ncc1N1CCCC(N)(c2cccc(Cl)n2)C1,NNGAZJHWCSRNCN-UHFFFAOYSA-N,"InChI=1S/C28H25ClF3N9O/c29-23-4-1-3-22(39-23)28(34)7-2-8-40(13-28)20-11-35-19(16-5-6-21(18(30)9-16)42-27(31)32)10-17(20)12-41-15-38-24-25(33)36-14-37-26(24)41/h1,3-6,9-11,14-15,27H,2,7-8,12-13,34H2,(H2,33,36,37)",False,-1,['BDBM568026'],"['US11420970, Example 228']"
CHEMBL1374603,,,Small molecule,,476.55,48,75,5.02,104.73,5.0,3.0,1.0,6.0,N,0.43,3.0,MOL,-1,34.0,-0.91,C26H24N2O5S,COc1ccc(NS(=O)(=O)c2ccc3c(c2)[C@H]2C=CC[C@H]2[C@@H](c2ccc(C(=O)O)cc2)N3)cc1,UJLSMINJLZJZEX-SGIRGMQISA-N,"InChI=1S/C26H24N2O5S/c1-33-19-11-9-18(10-12-19)28-34(31,32)20-13-14-24-23(15-20)21-3-2-4-22(21)25(27-24)16-5-7-17(8-6-16)26(29)30/h2-3,5-15,21-22,25,27-28H,4H2,1H3,(H,29,30)/t21-,22+,25+/m0/s1",False,-1,"['SID24274045', 'SID49716373']","['SID24274045', 'SID49716373']"
CHEMBL1409552,,,Small molecule,,366.37,26,33,2.85,112.56,5.0,2.0,0.0,6.0,N,0.6,2.0,MOL,-1,27.0,-0.94,C20H18N2O5,N#C/C(=C\c1ccc(-c2ccc(C(=O)O)cc2)o1)C(=O)NCC1CCCO1,ZNLURJMGAXVKFW-XNTDXEJSSA-N,"InChI=1S/C20H18N2O5/c21-11-15(19(23)22-12-17-2-1-9-26-17)10-16-7-8-18(27-16)13-3-5-14(6-4-13)20(24)25/h3-8,10,17H,1-2,9,12H2,(H,22,23)(H,24,25)/b15-10+",False,-1,['SID17508241'],['SID17508241']
CHEMBL1500934,,,Small molecule,,399.45,12,16,3.53,87.63,4.0,2.0,0.0,6.0,N,0.78,2.0,MOL,-1,28.0,-1.82,C20H18FN3O3S,Cc1ccc(NC(=O)CC2=NC(=O)C(CC(=O)Nc3ccccc3F)S2)cc1,FVJHAAUQVZVYSH-UHFFFAOYSA-N,"InChI=1S/C20H18FN3O3S/c1-12-6-8-13(9-7-12)22-18(26)11-19-24-20(27)16(28-19)10-17(25)23-15-5-3-2-4-14(15)21/h2-9,16H,10-11H2,1H3,(H,22,26)(H,23,25)",False,-1,['SID24791862'],['SID24791862']
CHEMBL1424746,,,Small molecule,,336.35,40,70,3.06,79.62,4.0,1.0,0.0,4.0,N,0.69,2.0,MOL,-1,25.0,-1.27,C19H16N2O4,CCc1ccc(N2C(=O)NC(=O)/C(=C\C=C\c3ccco3)C2=O)cc1,VEBQWOYTHCITLV-FWPHUCDGSA-N,"InChI=1S/C19H16N2O4/c1-2-13-8-10-14(11-9-13)21-18(23)16(17(22)20-19(21)24)7-3-5-15-6-4-12-25-15/h3-12H,2H2,1H3,(H,20,22,24)/b5-3+,16-7+",False,-1,['SID24779871'],['SID24779871']
CHEMBL1734152,,,Small molecule,,305.76,32,49,2.63,46.61,4.0,0.0,0.0,1.0,N,0.8,1.0,MOL,-1,21.0,-0.12,C16H16ClNO3,CC1COCC(C)N1C1=C(Cl)C(=O)c2ccccc2C1=O,JGYJREAOLDRIGO-UHFFFAOYSA-N,"InChI=1S/C16H16ClNO3/c1-9-7-21-8-10(2)18(9)14-13(17)15(19)11-5-3-4-6-12(11)16(14)20/h3-6,9-10H,7-8H2,1-2H3",False,-1,['SID92764285'],['SID92764285']
CHEMBL1895209,,,Small molecule,,476.63,16,31,3.48,65.99,8.0,1.0,0.0,7.0,N,0.56,3.0,MOL,-1,35.0,-1.22,C27H36N6O2,COc1cc2nc(N3CCN(C)CC3)nc(NC3CCN(Cc4ccccc4)CC3)c2cc1OC,LDFAJFPHFKEJOI-UHFFFAOYSA-N,"InChI=1S/C27H36N6O2/c1-31-13-15-33(16-14-31)27-29-23-18-25(35-3)24(34-2)17-22(23)26(30-27)28-21-9-11-32(12-10-21)19-20-7-5-4-6-8-20/h4-8,17-18,21H,9-16,19H2,1-3H3,(H,28,29,30)",False,-1,"['8; HKMTI-1-005', '2, HKMTI-1-005', 'SID124896672', '7', '134', '4; BIX-01294', '38; HKMTi-1-005']","['N-(1-benzylpiperidin-4-yl)-6,7-dimethoxy-2-(4-methylpiperazin-1-yl)quinazolin-4-amine', 'N-(1-benzylpiperidin-4-yl)-6,7-dimethoxy-2-(4-methylpiperazin-1-yl)quinazolin-4-amine', 'SID124896672', 'N-(1-benzyl-4-piperidyl)-6,7-dimethoxy-2-(4-methylpiperazin-1-yl)quinazolin-4-amine', 'N-(1-benzyl-4-piperidyl)-6,7-dimethoxy-2-(4-methylpiperazin-1-yl)quinazolin-4-amine', 'N-(1-benzylpiperidin-4-yl)-6,7-dimethoxy-2-(4-methylpiperazin-1-yl)quinazolin-4-amine', 'N-(1-benzylpiperidin-4-yl)-6,7-dimethoxy-2-(4-methylpiperazin-1-yl)quinazolin-4-amine']"
CHEMBL1866533,,,Small molecule,,200.24,4,4,1.93,44.1,2.0,0.0,0.0,1.0,Y,0.65,1.0,MOL,-1,15.0,-1.16,C12H12N2O,CC1(C)CN(c2cccc(C#N)c2)C1=O,JBEMABAJEAKDHN-UHFFFAOYSA-N,"InChI=1S/C12H12N2O/c1-12(2)8-14(11(12)15)10-5-3-4-9(6-10)7-13/h3-6H,8H2,1-2H3",False,-1,['SID24818102'],['SID24818102']
CHEMBL1321993,,,Small molecule,,277.71,33,40,3.26,59.3,3.0,1.0,0.0,3.0,N,0.88,2.0,MOL,-1,19.0,-1.66,C14H12ClNO3,Cc1cc(C=O)c(C)n1-c1ccc(Cl)c(C(=O)O)c1,SHUWDTVLRJIUBG-UHFFFAOYSA-N,"InChI=1S/C14H12ClNO3/c1-8-5-10(7-17)9(2)16(8)11-3-4-13(15)12(6-11)14(18)19/h3-7H,1-2H3,(H,18,19)",False,-1,['SID24793468'],['SID24793468']
CHEMBL1424694,,,Small molecule,,407.81,60,91,3.93,91.64,4.0,2.0,0.0,4.0,N,0.51,3.0,MOL,-1,29.0,-1.47,C21H14ClN3O4,O=C(O)c1cccc(-n2cccc2/C=C2/NC(=O)N(c3ccc(Cl)cc3)C2=O)c1,NWGYQTVHIXHPJH-LDADJPATSA-N,"InChI=1S/C21H14ClN3O4/c22-14-6-8-15(9-7-14)25-19(26)18(23-21(25)29)12-17-5-2-10-24(17)16-4-1-3-13(11-16)20(27)28/h1-12H,(H,23,29)(H,27,28)/b18-12+",False,-1,['SID24823674'],['SID24823674']
CHEMBL1982107,,,Small molecule,,343.36,38,53,2.48,107.95,7.0,3.0,0.0,5.0,N,0.28,3.0,MOL,-1,24.0,-1.64,C16H13N3O4S,O=C(CSc1nc2ccccc2o1)N/N=C/c1ccc(O)c(O)c1,HMUDYJJCLSVFJC-CAOOACKPSA-N,"InChI=1S/C16H13N3O4S/c20-12-6-5-10(7-13(12)21)8-17-19-15(22)9-24-16-18-11-3-1-2-4-14(11)23-16/h1-8,20-21H,9H2,(H,19,22)/b17-8+",False,-1,['SID24822519'],['SID24822519']
CHEMBL1303970,,,Small molecule,,421.48,25,38,3.37,91.19,5.0,0.0,0.0,5.0,N,0.59,3.0,MOL,-1,30.0,-0.24,C22H19N3O4S,CC(C)n1cc[n+](C2=C([N-]S(=O)(=O)c3ccccc3)C(=O)c3ccccc3C2=O)c1,OBMFBWAHZTYUSZ-UHFFFAOYSA-N,"InChI=1S/C22H19N3O4S/c1-15(2)24-12-13-25(14-24)20-19(23-30(28,29)16-8-4-3-5-9-16)21(26)17-10-6-7-11-18(17)22(20)27/h3-15H,1-2H3",False,-1,['SID26659912'],['SID26659912']
CHEMBL1335869,,,Small molecule,,320.78,36,46,1.44,58.64,5.0,1.0,0.0,4.0,N,0.91,1.0,MOL,-1,22.0,-0.98,C16H17ClN2O3,O=C1C(Cl)=C(NCCN2CCOCC2)C(=O)c2ccccc21,BDPKMKPXVKPVIV-UHFFFAOYSA-N,"InChI=1S/C16H17ClN2O3/c17-13-14(18-5-6-19-7-9-22-10-8-19)16(21)12-4-2-1-3-11(12)15(13)20/h1-4,18H,5-10H2",False,-1,"['12', 'SID49666368', '77', '8']","['2-chloro-3-(2-morpholinoethylamino)naphthalene-1,4-dione', 'SID49666368', '2-chloro-3-((2-morpholinoethyl)amino)naphthalene-1,4-dione', '2-Chloro-3-((2-morpholinoethyl)amino)naphthalene-1,4-dione']"
CHEMBL1413482,,,Small molecule,,347.44,14,17,2.03,78.51,4.0,2.0,0.0,7.0,N,0.8,2.0,MOL,-1,24.0,-1.44,C17H21N3O3S,CCN(CC)CCNS(=O)(=O)c1ccc2c3c(cccc13)C(=O)N2,JJDXOAXEXBMLHF-UHFFFAOYSA-N,"InChI=1S/C17H21N3O3S/c1-3-20(4-2)11-10-18-24(22,23)15-9-8-14-16-12(15)6-5-7-13(16)17(21)19-14/h5-9,18H,3-4,10-11H2,1-2H3,(H,19,21)",False,-1,['SID49642869'],['SID49642869']
CHEMBL1613510,,,Small molecule,,309.32,28,37,3.14,68.12,5.0,1.0,0.0,4.0,N,0.7,2.0,MOL,-1,23.0,-0.3,C18H15NO4,CCOc1cc(/C=C2\C(=O)ON=C2c2ccccc2)ccc1O,IPKGNGXHPLMXAO-UVTDQMKNSA-N,"InChI=1S/C18H15NO4/c1-2-22-16-11-12(8-9-15(16)20)10-14-17(19-23-18(14)21)13-6-4-3-5-7-13/h3-11,20H,2H2,1H3/b14-10-",False,-1,['SID47200746'],['SID47200746']
CHEMBL1500740,,,Small molecule,,313.38,22,27,3.1,56.84,4.0,2.0,0.0,4.0,N,0.78,1.0,MOL,-1,23.0,-1.25,C17H20FN5,CCN1CCCC1CNc1[nH]cnc2c3cc(F)ccc3nc1-2,AJNUWNVGWAWEEQ-UHFFFAOYSA-N,"InChI=1S/C17H20FN5/c1-2-23-7-3-4-12(23)9-19-17-16-15(20-10-21-17)13-8-11(18)5-6-14(13)22-16/h5-6,8,10,12,19H,2-4,7,9H2,1H3,(H,20,21)",False,-1,"['SID863044', 'GNF-Pf-1878']","['SID863044', 'GNF-Pf-1878']"
CHEMBL1984240,,,Small molecule,,375.41,49,65,2.36,112.71,9.0,3.0,0.0,6.0,N,0.35,3.0,MOL,-1,26.0,-1.1,C17H17N3O5S,COCC/N=c1\scc(-c2ccco2)n1/N=C/c1ccc(O)c(O)c1O,TVUAJMUUHUHLEM-PZFQXLDKSA-N,"InChI=1S/C17H17N3O5S/c1-24-8-6-18-17-20(12(10-26-17)14-3-2-7-25-14)19-9-11-4-5-13(21)16(23)15(11)22/h2-5,7,9-10,21-23H,6,8H2,1H3/b18-17-,19-9+",False,-1,['SID24834299'],['SID24834299']
CHEMBL1505679,,,Small molecule,,254.34,13,13,1.38,70.4,5.0,3.0,0.0,3.0,N,0.44,2.0,MOL,-1,16.0,-1.83,C9H10N4OS2,OCCN=C(S)Nc1ccc2nsnc2c1,QZOVVBKZJKTXLY-UHFFFAOYSA-N,"InChI=1S/C9H10N4OS2/c14-4-3-10-9(15)11-6-1-2-7-8(5-6)13-16-12-7/h1-2,5,14H,3-4H2,(H2,10,11,15)",False,-1,['SID24810599'],['SID24810599']
CHEMBL1736648,,,Small molecule,,312.24,35,39,0.24,112.06,5.0,1.0,0.0,3.0,N,0.8,1.0,MOL,-1,23.0,-0.14,C15H8N2O6,O=C(O)c1cc(N2C(=O)C=CC2=O)cc(N2C(=O)C=CC2=O)c1,RCBGGBMZYJSLJE-UHFFFAOYSA-N,"InChI=1S/C15H8N2O6/c18-11-1-2-12(19)16(11)9-5-8(15(22)23)6-10(7-9)17-13(20)3-4-14(17)21/h1-7H,(H,22,23)",False,-1,"['SID87336285', 'SID252090136', '0044750:01']","['SID87336285', 'SID252090136', 'CO-ADD:0136608']"
CHEMBL1419311,,,Small molecule,,375.93,15,23,4.56,45.23,4.0,1.0,0.0,7.0,N,0.49,3.0,MOL,-1,25.0,-1.86,C19H22ClN3OS,CCN(CC)CCCNC(=O)c1cc2c(Cl)nc3ccccc3c2s1,VQRKACZCZMRZGR-UHFFFAOYSA-N,"InChI=1S/C19H22ClN3OS/c1-3-23(4-2)11-7-10-21-19(24)16-12-14-17(25-16)13-8-5-6-9-15(13)22-18(14)20/h5-6,8-9,12H,3-4,7,10-11H2,1-2H3,(H,21,24)",False,-1,['SID24782999'],['SID24782999']
CHEMBL1606907,,,Small molecule,,418.45,38,44,2.91,120.08,7.0,3.0,0.0,6.0,N,0.48,2.0,MOL,-1,28.0,-1.85,C18H14N2O6S2,O=C(CCN1C(=O)/C(=C\c2ccco2)SC1=S)Nc1ccc(C(=O)O)c(O)c1,XMCMXKHHENQFKE-NTEUORMPSA-N,"InChI=1S/C18H14N2O6S2/c21-13-8-10(3-4-12(13)17(24)25)19-15(22)5-6-20-16(23)14(28-18(20)27)9-11-2-1-7-26-11/h1-4,7-9,21H,5-6H2,(H,19,22)(H,24,25)/b14-9+",False,-1,['SID49680093'],['SID49680093']
CHEMBL1726134,,,Small molecule,,458.04,103,117,5.09,17.07,1.0,0.0,1.0,0.0,N,0.4,2.0,MOL,-1,18.0,-0.01,C15H8I2O,O=C1C(=C(I)I)c2ccccc2-c2ccccc21,XROGIZCTZXHJRQ-UHFFFAOYSA-N,InChI=1S/C15H8I2O/c16-15(17)13-11-7-3-1-5-9(11)10-6-2-4-8-12(10)14(13)18/h1-8H,False,-1,"['SID531879', 'SID92764458']","['SID531879', 'SID92764458']"
CHEMBL4780499,,,Unknown,,308.36,1,2,3.89,44.1,2.0,0.0,0.0,4.0,N,0.86,2.0,MOL,-1,23.0,-2.05,C19H17FN2O,N#Cc1ccc(C(=O)N(Cc2ccc(F)cc2)C2CCC2)cc1,ALSUEUGZTSVRQL-UHFFFAOYSA-N,"InChI=1S/C19H17FN2O/c20-17-10-6-15(7-11-17)13-22(18-2-1-3-18)19(23)16-8-4-14(12-21)5-9-16/h4-11,18H,1-3,13H2",False,-1,['3d'],['4-cyano-N-cyclobutyl-N-(4-fluorobenzyl)benzamide']
CHEMBL1569566,,,Small molecule,,424.55,28,32,6.76,34.14,4.0,0.0,1.0,4.0,N,0.32,4.0,MOL,-1,30.0,-0.16,C26H16O2S2,O=C1c2cccc(Sc3ccccc3)c2C(=O)c2c(Sc3ccccc3)cccc21,CNRPDCKHCGUKDK-UHFFFAOYSA-N,InChI=1S/C26H16O2S2/c27-25-19-13-7-15-21(29-17-9-3-1-4-10-17)23(19)26(28)24-20(25)14-8-16-22(24)30-18-11-5-2-6-12-18/h1-16H,False,-1,"['SID26664750', '0156516:01']","['SID26664750', 'CO-ADD:0137053']"
CHEMBL1413381,,,Small molecule,,271.24,7,8,1.62,120.1,7.0,2.0,0.0,2.0,N,0.41,3.0,MOL,-1,20.0,-1.38,C12H9N5O3,Nc1ccc2nn(-c3cc([N+](=O)[O-])ccc3O)nc2c1,ILUKYDTWSCCIQJ-UHFFFAOYSA-N,"InChI=1S/C12H9N5O3/c13-7-1-3-9-10(5-7)15-16(14-9)11-6-8(17(19)20)2-4-12(11)18/h1-6,18H,13H2",False,-1,['SID49645112'],['SID49645112']
CHEMBL1486359,,,Small molecule,,264.28,34,47,3.12,43.37,3.0,0.0,0.0,2.0,N,0.84,2.0,MOL,-1,20.0,0.68,C17H12O3,COC1=C(c2ccccc2)C(=O)c2ccccc2C1=O,IUVQZJLHOTZWBW-UHFFFAOYSA-N,"InChI=1S/C17H12O3/c1-20-17-14(11-7-3-2-4-8-11)15(18)12-9-5-6-10-13(12)16(17)19/h2-10H,1H3",False,-1,"['SID22414808', '1011']","['SID22414808', None]"
CHEMBL1351102,,,Small molecule,,394.34,19,28,0.33,169.67,11.0,1.0,1.0,7.0,N,0.3,2.0,MOL,-1,28.0,-1.61,C16H18N4O8,CC(C)Cn1c(N)c(C(=O)COC(=O)c2ccc([N+](=O)[O-])o2)c(=O)n(C)c1=O,VHNQORPGZFTBNO-UHFFFAOYSA-N,"InChI=1S/C16H18N4O8/c1-8(2)6-19-13(17)12(14(22)18(3)16(19)24)9(21)7-27-15(23)10-4-5-11(28-10)20(25)26/h4-5,8H,6-7,17H2,1-3H3",False,-1,['SID24830350'],['SID24830350']
CHEMBL1510317,,,Small molecule,,222.25,50,62,2.91,32.67,3.0,0.0,0.0,0.0,Y,0.69,2.0,MOL,-1,17.0,-0.2,C14H10N2O,O=C1CCN2C=Nc3cccc4ccc1c2c34,HBIWCEFNSGRROL-UHFFFAOYSA-N,"InChI=1S/C14H10N2O/c17-12-6-7-16-8-15-11-3-1-2-9-4-5-10(12)14(16)13(9)11/h1-5,8H,6-7H2",False,-1,"['SID4245397', 'SID96099505']","['SID4245397', 'SID96099505']"
CHEMBL1588106,,,Small molecule,,401.41,50,63,2.86,111.98,7.0,1.0,0.0,2.0,N,0.66,3.0,MOL,-1,29.0,-1.26,C20H11N5O3S,N=C1/C(=C\c2coc3ccccc3c2=O)C(=O)N=C2SC(c3ccncc3)=NN12,XACFMCPSHAGRDW-OVDNTTTISA-N,"InChI=1S/C20H11N5O3S/c21-17-14(9-12-10-28-15-4-2-1-3-13(15)16(12)26)18(27)23-20-25(17)24-19(29-20)11-5-7-22-8-6-11/h1-10,21H/b14-9+,21-17?",False,-1,"['SID87348735', 'SID24791440']","['SID87348735', 'SID24791440']"
CHEMBL1901926,,,Small molecule,,212.25,3,3,2.92,24.83,3.0,0.0,0.0,2.0,Y,0.76,2.0,MOL,-1,16.0,-0.33,C13H12N2O,COCN1C=Nc2cccc3cccc1c23,UAWXNRPOFPKIDF-UHFFFAOYSA-N,"InChI=1S/C13H12N2O/c1-16-9-15-8-14-11-6-2-4-10-5-3-7-12(15)13(10)11/h2-8H,9H2,1H3",False,-1,['SID47194575'],['SID47194575']
CHEMBL3196108,,,Small molecule,,366.47,41,70,3.13,65.88,7.0,1.0,0.0,6.0,N,0.63,2.0,MOL,-1,27.0,-1.68,C20H26N6O,COc1ccc(/C=N/Nc2cc(N3CCCC3)nc(N3CCCC3)n2)cc1,SPKHEQRHPVZIPW-RCCKNPSSSA-N,"InChI=1S/C20H26N6O/c1-27-17-8-6-16(7-9-17)15-21-24-18-14-19(25-10-2-3-11-25)23-20(22-18)26-12-4-5-13-26/h6-9,14-15H,2-5,10-13H2,1H3,(H,22,23,24)/b21-15+",False,-1,"['SID24813303', 'CSV0A024813']","['SID24813303', '4-[2-[(4-methoxyphenyl)methylidene]hydrazin-1-yl]-2,6-bis(pyrrolidin-1-yl)pyrimidine']"
CHEMBL5618667,,,,,328.37,1,1,1.99,80.5,7.0,0.0,0.0,4.0,N,0.85,2.0,MOL,-1,24.0,-0.55,C17H20N4O3,COc1cc2nc(C#N)nc(OC3CCN(C)CC3)c2cc1OC,AWHKZBXZQPXJIW-UHFFFAOYSA-N,"InChI=1S/C17H20N4O3/c1-21-6-4-11(5-7-21)24-17-12-8-14(22-2)15(23-3)9-13(12)19-16(10-18)20-17/h8-9,11H,4-7H2,1-3H3",False,-1,['20'],"['6,7-Dimethoxy-4-((1-methylpiperidin-4-yl)oxy)quinazoline-2-carbonitrile']"
CHEMBL1387155,,,Small molecule,,258.32,12,12,4.52,15.6,2.0,0.0,0.0,2.0,N,0.66,3.0,MOL,-1,20.0,-0.5,C18H14N2,C1=Nc2cccc3cccc(c23)N1Cc1ccccc1,GBKRMIILRHCQSR-UHFFFAOYSA-N,"InChI=1S/C18H14N2/c1-2-6-14(7-3-1)12-20-13-19-16-10-4-8-15-9-5-11-17(20)18(15)16/h1-11,13H,12H2",False,-1,['SID22415760'],['SID22415760']
CHEMBL4747137,,,Unknown,,327.36,1,2,3.59,46.61,3.0,0.0,0.0,3.0,N,0.81,2.0,MOL,-1,24.0,-1.11,C19H18FNO3,COC(=O)c1ccc(C(=O)N2CCCC2c2ccc(F)cc2)cc1,LGLGCIXKNFHFJZ-UHFFFAOYSA-N,"InChI=1S/C19H18FNO3/c1-24-19(23)15-6-4-14(5-7-15)18(22)21-12-2-3-17(21)13-8-10-16(20)11-9-13/h4-11,17H,2-3,12H2,1H3",False,-1,['2f'],['methyl 4-(2-(4-fluorophenyl)pyrrolidine-1-carbonyl)benzoate']
CHEMBL4852581,,,Unknown,,416.97,1,1,4.07,63.4,3.0,1.0,0.0,4.0,N,0.69,3.0,MOL,-1,27.0,-0.94,C22H25ClN2O2S,Cl.Nc1cccc2c(S(=O)(=O)N3CCC(Cc4ccccc4)CC3)cccc12,VXEAIFZECBAVGY-UHFFFAOYSA-N,"InChI=1S/C22H24N2O2S.ClH/c23-21-10-4-9-20-19(21)8-5-11-22(20)27(25,26)24-14-12-18(13-15-24)16-17-6-2-1-3-7-17;/h1-11,18H,12-16,23H2;1H",False,-1,['11q'],['5-((4-Benzylpiperidin-1-yl)sulfonyl)naphthalen-1-amine hydrochloride']
CHEMBL1430175,,,Small molecule,,416.48,29,36,3.6,99.85,6.0,2.0,0.0,7.0,N,0.53,2.0,MOL,-1,28.0,-1.97,C19H16N2O5S2,O=C(CCCN1C(=O)/C(=C/c2ccco2)SC1=S)Nc1cccc(C(=O)O)c1,YJHXKBQPSIPYQO-PTNGSMBKSA-N,"InChI=1S/C19H16N2O5S2/c22-16(20-13-5-1-4-12(10-13)18(24)25)7-2-8-21-17(23)15(28-19(21)27)11-14-6-3-9-26-14/h1,3-6,9-11H,2,7-8H2,(H,20,22)(H,24,25)/b15-11-",False,-1,['SID26671545'],['SID26671545']
CHEMBL5187983,,,,,411.9,17,22,2.13,80.87,7.0,1.0,0.0,7.0,N,0.64,3.0,MOL,-1,29.0,-2.39,C20H22ClN7O,O=C(NC1CN(Cc2cnn(Cc3ccc(Cl)cc3)c2)C1)c1cn(C2CC2)nn1,MOWCUCXGYVJUHU-UHFFFAOYSA-N,"InChI=1S/C20H22ClN7O/c21-16-3-1-14(2-4-16)9-27-10-15(7-22-27)8-26-11-17(12-26)23-20(29)19-13-28(25-24-19)18-5-6-18/h1-4,7,10,13,17-18H,5-6,8-9,11-12H2,(H,23,29)",False,-1,"['9; EPZ033294', 'Chemical probe: EPZ033294', 'BDBM378802']","['N-(1-((1-(4-chlorobenzyl)-1H-pyrazol-4-yl)methyl)azetidin-3-yl)-1-cyclopropyl-1H-1,2,3-triazole-4-carboxamide', 'EPZ033294', 'N-(1-((1-(4-chlorobenzyl)-1H-pyrazol-4-yl)methyl)azetidin-3-yl)-1-cyclopropyl-1H-1,2,3-triazole-4-carboxamide::US10266526, Compound 985']"
CHEMBL3188273,,,Small molecule,,483.89,41,46,5.44,126.25,7.0,1.0,1.0,5.0,N,0.29,3.0,MOL,-1,33.0,-1.75,C22H14ClN3O6S,CN1C(=O)/C(=C/c2ccc(-c3ccccc3[N+](=O)[O-])o2)S/C1=N\c1ccc(Cl)c(C(=O)O)c1,FJJBXYXORIQWLQ-WSMIJMPASA-N,"InChI=1S/C22H14ClN3O6S/c1-25-20(27)19(33-22(25)24-12-6-8-16(23)15(10-12)21(28)29)11-13-7-9-18(32-13)14-4-2-3-5-17(14)26(30)31/h2-11H,1H3,(H,28,29)/b19-11-,24-22-",False,-1,"['SID22401351', 'SID87345910']","['SID22401351', 'SID87345910']"
CHEMBL337520,,,Small molecule,,321.76,66,92,0.83,71.53,6.0,1.0,0.0,4.0,N,0.89,1.0,MOL,-1,22.0,-1.02,C15H16ClN3O3,O=C1C(NCCN2CCOCC2)=C(Cl)C(=O)c2ncccc21,LGTBDMBBPVNDSZ-UHFFFAOYSA-N,"InChI=1S/C15H16ClN3O3/c16-11-13(18-4-5-19-6-8-22-9-7-19)14(20)10-2-1-3-17-12(10)15(11)21/h1-3,18H,4-9H2",False,-1,"['DA3003-2', 'SID510138', '6b', '12a']","['7-Chloro-6-(2-morpholin-4-yl-ethylamino)-quinoline-5,8-dione', 'SID510138', '7-chloro-6-((2-morpholinoethyl)amino)quinoline-5,8-dione', '7-chloro-6-((2-morpholinoethyl)amino)quinoline-5,8-dione']"
CHEMBL1371887,,,Small molecule,,405.47,5,6,3.57,30.49,4.0,1.0,0.0,6.0,N,0.88,2.0,MOL,-1,20.0,-0.54,C20H23NO6S,CNCc1ccccc1Sc1ccc(OC)c(OC)c1.O=C(O)/C=C\C(=O)O,VSGISOVULWDGBS-BTJKTKAUSA-N,"InChI=1S/C16H19NO2S.C4H4O4/c1-17-11-12-6-4-5-7-16(12)20-13-8-9-14(18-2)15(10-13)19-3;5-3(6)1-2-4(7)8/h4-10,17H,11H2,1-3H3;1-2H,(H,5,6)(H,7,8)/b;2-1-",False,-1,['SID17387474'],['SID17387474']
CHEMBL1571034,,,Small molecule,,410.38,73,106,3.71,118.59,8.0,3.0,0.0,4.0,N,0.34,2.0,MOL,-1,30.0,0.92,C22H18O8,COc1cc(OC)c(-c2c3cc(O)c(=O)cc-3oc3cc(O)c(O)cc23)cc1OC,JUNRINYOIHIGJU-UHFFFAOYSA-N,"InChI=1S/C22H18O8/c1-27-17-9-21(29-3)20(28-2)6-12(17)22-10-4-13(23)15(25)7-18(10)30-19-8-16(26)14(24)5-11(19)22/h4-9,23-25H,1-3H3",False,-1,"['SID17504691', 'SID87338067']","['SID17504691', 'SID87338067']"
CHEMBL1478755,,,Small molecule,,388.85,52,74,3.9,7.12,1.0,0.0,0.0,3.0,N,0.66,3.0,MOL,-1,22.0,-0.09,C20H21ClN2O4,CN(C)c1ccc(/C=C/c2cc[n+](C)c3ccccc23)cc1.[O-][Cl+3]([O-])([O-])[O-],XZAVEAMNPDBFQD-UHFFFAOYSA-M,"InChI=1S/C20H21N2.ClHO4/c1-21(2)18-12-9-16(10-13-18)8-11-17-14-15-22(3)20-7-5-4-6-19(17)20;2-1(3,4)5/h4-15H,1-3H3;(H,2,3,4,5)/q+1;/p-1",False,-1,['SID24829170'],['SID24829170']
CHEMBL1536196,,,Small molecule,,377.42,54,78,2.97,52.49,4.0,3.0,0.0,4.0,N,0.74,2.0,MOL,-1,18.0,-0.07,C18H19NO6S,CNCc1ccccc1Sc1ccc(O)c(O)c1.O=C(O)/C=C\C(=O)O,CFRDXVIPIQMLKR-BTJKTKAUSA-N,"InChI=1S/C14H15NO2S.C4H4O4/c1-15-9-10-4-2-3-5-14(10)18-11-6-7-12(16)13(17)8-11;5-3(6)1-2-4(7)8/h2-8,15-17H,9H2,1H3;1-2H,(H,5,6)(H,7,8)/b;2-1-",False,-1,['SID22414129'],['SID22414129']
CHEMBL1576815,,,Small molecule,,256.1,35,47,1.5,26.94,1.0,0.0,0.0,0.0,Y,0.64,2.0,MOL,-1,13.0,-0.23,C10H10BrNO2,C[n+]1cccc2c(Br)ccc([O-])c21.O,POIXFBIVRMJAAR-UHFFFAOYSA-N,"InChI=1S/C10H8BrNO.H2O/c1-12-6-2-3-7-8(11)4-5-9(13)10(7)12;/h2-6H,1H3;1H2",False,-1,['SID26666021'],['SID26666021']
CHEMBL1566750,,,Small molecule,,552.74,10,16,4.01,91.72,6.0,1.0,1.0,12.0,N,0.34,3.0,MOL,-1,39.0,-1.71,C30H40N4O4S,CCCN(CCC)CCCNC(=O)c1cn(CC)c2ccc(S(=O)(=O)N3CCc4ccccc4C3)cc2c1=O,DRBJVERSWDEREW-UHFFFAOYSA-N,"InChI=1S/C30H40N4O4S/c1-4-16-32(17-5-2)18-9-15-31-30(36)27-22-33(6-3)28-13-12-25(20-26(28)29(27)35)39(37,38)34-19-14-23-10-7-8-11-24(23)21-34/h7-8,10-13,20,22H,4-6,9,14-19,21H2,1-3H3,(H,31,36)",False,-1,"['SID24383867', 'SID24789988']","['SID24383867', 'SID24789988']"
CHEMBL1613004,,,Small molecule,,234.28,68,95,2.07,58.28,5.0,2.0,0.0,1.0,N,0.74,2.0,MOL,-1,16.0,-0.83,C11H10N2O2S,Oc1ccc(-c2cn3c(n2)SCC3)cc1O,PYPBLOIYODUALV-UHFFFAOYSA-N,"InChI=1S/C11H10N2O2S/c14-9-2-1-7(5-10(9)15)8-6-13-3-4-16-11(13)12-8/h1-2,5-6,14-15H,3-4H2",False,-1,['SID14746201'],['SID14746201']
CHEMBL381033,,,Small molecule,,416.55,38,40,3.73,66.48,5.0,1.0,0.0,5.0,N,0.59,2.0,MOL,-1,27.0,-1.21,C19H16N2O3S3,CC(/C=C1\SC(=S)N(NS(=O)(=O)c2ccccc2)C1=O)=C\c1ccccc1,DMYRIVYLLBJZLW-PZAFVPBJSA-N,"InChI=1S/C19H16N2O3S3/c1-14(12-15-8-4-2-5-9-15)13-17-18(22)21(19(25)26-17)20-27(23,24)16-10-6-3-7-11-16/h2-13,20H,1H3/b14-12+,17-13-",False,-1,"['SID26658611', '5x']","['SID26658611', '5-(2-methyl-3-phenyl-allylidene)-3-(benzenesulfonylamino)-4-oxo-2-thionothiazolidine']"
CHEMBL1322110,,,Small molecule,,332.15,49,68,4.03,51.8,4.0,0.0,0.0,2.0,N,0.62,2.0,MOL,-1,20.0,-0.92,C15H10BrNO3,CC1=NOC(=O)/C1=C\c1ccc(-c2ccc(Br)cc2)o1,LAVKTTKOAKQAKN-JYRVWZFOSA-N,"InChI=1S/C15H10BrNO3/c1-9-13(15(18)20-17-9)8-12-6-7-14(19-12)10-2-4-11(16)5-3-10/h2-8H,1H3/b13-8-",False,-1,['SID24784952'],['SID24784952']
CHEMBL1380166,,,Small molecule,,260.3,13,18,2.16,80.09,5.0,2.0,0.0,6.0,N,0.47,2.0,MOL,-1,19.0,-1.53,C13H16N4O2,CCNCCNc1ccc([N+](=O)[O-])c2cccnc12,VUXSDZKTSFBCCK-UHFFFAOYSA-N,"InChI=1S/C13H16N4O2/c1-2-14-8-9-15-11-5-6-12(17(18)19)10-4-3-7-16-13(10)11/h3-7,14-15H,2,8-9H2,1H3",False,-1,['SID26658622'],['SID26658622']
CHEMBL1463829,,,Small molecule,,406.44,60,74,4.41,99.25,7.0,1.0,0.0,7.0,N,0.46,4.0,MOL,-1,30.0,-1.42,C22H22N4O4,CCCCn1c(NC(=O)c2ccco2)c(C(=O)OCC)c2nc3ccccc3nc21,UAQNRDOGNLUULA-UHFFFAOYSA-N,"InChI=1S/C22H22N4O4/c1-3-5-12-26-19(25-21(27)16-11-8-13-30-16)17(22(28)29-4-2)18-20(26)24-15-10-7-6-9-14(15)23-18/h6-11,13H,3-5,12H2,1-2H3,(H,25,27)",False,-1,"['SID857769', 'SID87347058']","['SID857769', 'SID87347058']"
CHEMBL1432959,,,Small molecule,,355.3,11,14,3.74,32.34,3.0,1.0,0.0,6.0,N,0.86,2.0,MOL,-1,20.0,-2.15,C15H19BrN2OS,CCN(CC)CCNC(=O)c1cc2cc(Br)ccc2s1,ZYYLLLUVNOGFKZ-UHFFFAOYSA-N,"InChI=1S/C15H19BrN2OS/c1-3-18(4-2)8-7-17-15(19)14-10-11-9-12(16)5-6-13(11)20-14/h5-6,9-10H,3-4,7-8H2,1-2H3,(H,17,19)",False,-1,['SID24819805'],['SID24819805']
CHEMBL1513608,,,Small molecule,,481.53,14,18,2.12,170.63,10.0,2.0,0.0,11.0,N,0.28,2.0,MOL,-1,33.0,-1.94,C20H27N5O7S,CCCCn1c(N)c(N(CCC(C)C)C(=O)COC(=O)c2ccc([N+](=O)[O-])s2)c(=O)[nH]c1=O,OJPKSOCHKLYKJT-UHFFFAOYSA-N,"InChI=1S/C20H27N5O7S/c1-4-5-9-24-17(21)16(18(27)22-20(24)29)23(10-8-12(2)3)14(26)11-32-19(28)13-6-7-15(33-13)25(30)31/h6-7,12H,4-5,8-11,21H2,1-3H3,(H,22,27,29)",False,-1,['SID85270718'],['SID85270718']
CHEMBL3195145,,,Small molecule,,448.48,29,36,3.32,124.23,6.0,3.0,0.0,7.0,N,0.38,3.0,MOL,-1,33.0,-1.73,C24H24N4O5,Cc1cc(/C=N/NC(=O)c2cccc(N(C)C)c2)c(C)n1-c1cc(C(=O)O)cc(C(=O)O)c1,IGIJYSJRSGLAGQ-DHRITJCHSA-N,"InChI=1S/C24H24N4O5/c1-14-8-19(13-25-26-22(29)16-6-5-7-20(10-16)27(3)4)15(2)28(14)21-11-17(23(30)31)9-18(12-21)24(32)33/h5-13H,1-4H3,(H,26,29)(H,30,31)(H,32,33)/b25-13+",False,-1,['SID24813891'],['SID24813891']
CHEMBL1478931,,,Small molecule,,445.74,13,18,3.2,68.82,5.0,2.0,0.0,8.0,N,0.7,2.0,MOL,-1,25.0,-0.97,C18H22BrClN2O4,CNCc1cc(Br)c(OCC(=O)Nc2ccccc2OC)c(OC)c1.Cl,MXSBNEKVTYUEPA-UHFFFAOYSA-N,"InChI=1S/C18H21BrN2O4.ClH/c1-20-10-12-8-13(19)18(16(9-12)24-3)25-11-17(22)21-14-6-4-5-7-15(14)23-2;/h4-9,20H,10-11H2,1-3H3,(H,21,22);1H",False,-1,['SID24794239'],['SID24794239']
CHEMBL1587584,,,Small molecule,,406.46,19,25,1.3,107.38,7.0,2.0,0.0,6.0,N,0.55,2.0,MOL,-1,28.0,-1.18,C19H22N2O6S,COc1ccc(S(=O)(=O)N2CCN(CC(=O)c3ccc(O)c(O)c3)CC2)cc1,NEWGYHZWONDJLW-UHFFFAOYSA-N,"InChI=1S/C19H22N2O6S/c1-27-15-3-5-16(6-4-15)28(25,26)21-10-8-20(9-11-21)13-19(24)14-2-7-17(22)18(23)12-14/h2-7,12,22-23H,8-11,13H2,1H3",False,-1,['SID49717120'],['SID49717120']
CHEMBL1469728,,,Small molecule,,250.3,27,50,3.55,45.15,3.0,2.0,0.0,3.0,N,0.75,3.0,MOL,-1,19.0,-0.95,C16H14N2O,Oc1ccccc1CNc1cccc2cccnc12,IBAMCOOJLVVYTB-UHFFFAOYSA-N,"InChI=1S/C16H14N2O/c19-15-9-2-1-5-13(15)11-18-14-8-3-6-12-7-4-10-17-16(12)14/h1-10,18-19H,11H2",False,-1,"['SID24803205', 'MMV1687477']","['SID24803205', 'MMV1687477']"
CHEMBL1558213,,,Small molecule,,429.45,9,13,3.64,53.74,5.0,0.0,0.0,2.0,N,0.62,3.0,MOL,-1,31.0,-2.12,C22H22F3N5O,Cc1ccc(-c2cc(C(F)(F)F)n3nc(C(=O)N4CCN5CCCC5C4)cc3n2)cc1,XLHRMMKTNCDVRQ-UHFFFAOYSA-N,"InChI=1S/C22H22F3N5O/c1-14-4-6-15(7-5-14)17-11-19(22(23,24)25)30-20(26-17)12-18(27-30)21(31)29-10-9-28-8-2-3-16(28)13-29/h4-7,11-12,16H,2-3,8-10,13H2,1H3",False,-1,['SID49714899'],['SID49714899']
CHEMBL1346724,,,Small molecule,,427.51,38,46,2.66,107.95,7.0,1.0,0.0,3.0,N,0.6,2.0,MOL,-1,29.0,-1.9,C19H17N5O3S2,CCc1ccc(-n2cccc2/C=C2/C(=N)N3C(=NC2=O)SN=C3S(C)(=O)=O)cc1,MMGDGLARAHHBQA-GQECEEOXSA-N,"InChI=1S/C19H17N5O3S2/c1-3-12-6-8-13(9-7-12)23-10-4-5-14(23)11-15-16(20)24-18(21-17(15)25)28-22-19(24)29(2,26)27/h4-11,20H,3H2,1-2H3/b15-11-,20-16?",False,-1,['SID24814462'],['SID24814462']
CHEMBL1387292,,,Small molecule,,488.95,24,31,2.79,109.85,7.0,1.0,0.0,5.0,N,0.64,2.0,MOL,-1,33.0,-0.91,C23H21ClN2O6S,COC(=O)C1CCN(C2=C(NS(=O)(=O)c3ccc(Cl)cc3)C(=O)c3ccccc3C2=O)CC1,DFTZGCDTALCVCE-UHFFFAOYSA-N,"InChI=1S/C23H21ClN2O6S/c1-32-23(29)14-10-12-26(13-11-14)20-19(21(27)17-4-2-3-5-18(17)22(20)28)25-33(30,31)16-8-6-15(24)7-9-16/h2-9,14,25H,10-13H2,1H3",False,-1,['SID26662921'],['SID26662921']
CHEMBL1374100,,,Small molecule,,331.46,20,26,2.34,84.21,6.0,3.0,0.0,9.0,N,0.6,1.0,MOL,-1,24.0,-0.68,C18H29N5O,CCCCCNc1nc(NCCCO)c(C#N)c2c1CN(C)CC2,BTXROBZDLNQXQQ-UHFFFAOYSA-N,"InChI=1S/C18H29N5O/c1-3-4-5-8-20-18-16-13-23(2)10-7-14(16)15(12-19)17(22-18)21-9-6-11-24/h24H,3-11,13H2,1-2H3,(H2,20,21,22)",False,-1,['SID14729605'],['SID14729605']
CHEMBL1729804,,,Small molecule,,324.34,18,32,2.57,92.01,6.0,2.0,0.0,4.0,N,0.9,2.0,MOL,-1,24.0,0.45,C18H16N2O4,COc1cc(CCN=C2C=C(O)c3ncccc3C2=O)ccc1O,NHYSEWDAGLVKQO-UHFFFAOYSA-N,"InChI=1S/C18H16N2O4/c1-24-16-9-11(4-5-14(16)21)6-8-19-13-10-15(22)17-12(18(13)23)3-2-7-20-17/h2-5,7,9-10,21-22H,6,8H2,1H3",False,-1,['SID92764347'],['SID92764347']
CHEMBL1382760,,,Small molecule,,202.21,56,67,2.45,57.53,3.0,2.0,0.0,1.0,Y,0.55,2.0,MOL,-1,15.0,0.53,C12H10O3,CC(=O)c1cc(O)c2ccccc2c1O,CKLPUCARSNJTSJ-UHFFFAOYSA-N,"InChI=1S/C12H10O3/c1-7(13)10-6-11(14)8-4-2-3-5-9(8)12(10)15/h2-6,14-15H,1H3",False,-1,"['5', 'SID26664922', '0111552:01']","['2-Acetyl-1,4-naphthohydroquinone', 'SID26664922', 'CO-ADD:0136008']"
CHEMBL1369964,,,Small molecule,,261.32,24,29,2.8,49.62,4.0,0.0,0.0,3.0,N,0.62,1.0,MOL,-1,19.0,-1.46,C14H19N3O2,O=[N+]([O-])c1ccc(N2CCCC2)cc1N1CCCC1,PXDJSUVMLSUBMG-UHFFFAOYSA-N,"InChI=1S/C14H19N3O2/c18-17(19)13-6-5-12(15-7-1-2-8-15)11-14(13)16-9-3-4-10-16/h5-6,11H,1-4,7-10H2",False,-1,['SID17408749'],['SID17408749']
CHEMBL1571625,,,Small molecule,,300.34,30,36,0.91,73.8,4.0,2.0,0.0,2.0,N,0.63,1.0,MOL,-1,21.0,-1.24,C14H12N4O2S,CC1=NN(c2ccccc2)C(=O)C1/C=C1\NC(=S)NC1=O,UFKNVXBWMBITCM-XFFZJAGNSA-N,"InChI=1S/C14H12N4O2S/c1-8-10(7-11-12(19)16-14(21)15-11)13(20)18(17-8)9-5-3-2-4-6-9/h2-7,10H,1H3,(H2,15,16,19,21)/b11-7-",False,-1,['SID24806488'],['SID24806488']
CHEMBL1874279,,,Small molecule,,287.41,17,25,3.35,46.18,4.0,2.0,0.0,7.0,N,0.77,2.0,MOL,-1,21.0,-0.67,C17H25N3O,COc1cc(NCCCNC(C)C)c2nccc(C)c2c1,FRJNBBPUGUZFEQ-UHFFFAOYSA-N,"InChI=1S/C17H25N3O/c1-12(2)18-7-5-8-19-16-11-14(21-4)10-15-13(3)6-9-20-17(15)16/h6,9-12,18-19H,5,7-8H2,1-4H3",False,-1,['SID87336527'],['SID87336527']
CHEMBL1403154,,,Small molecule,,300.31,110,132,2.78,80.67,4.0,1.0,0.0,5.0,N,0.85,1.0,MOL,-1,22.0,1.12,C17H16O5,CC(C)=CCC1=C(OCC(=O)O)C(=O)c2ccccc2C1=O,CWCKYSOKAILEQL-UHFFFAOYSA-N,"InChI=1S/C17H16O5/c1-10(2)7-8-13-15(20)11-5-3-4-6-12(11)16(21)17(13)22-9-14(18)19/h3-7H,8-9H2,1-2H3,(H,18,19)",False,-1,"['SID4253468', 'SID402153', 'SID26664680', '24']","['SID4253468', 'SID402153', 'SID26664680', '2-(3-(3-methylbut-2-enyl)-1,4-dioxo-1,4-dihydronaphthalen-2-yloxy)acetic acid']"
CHEMBL1559734,,,Small molecule,,402.46,21,26,2.12,135.83,7.0,3.0,0.0,6.0,N,0.25,3.0,MOL,-1,27.0,-1.67,C16H14N6O3S2,NC(S)=NN=Cc1ccc(-c2ccc(S(=O)(=O)Nc3ncccn3)cc2)o1,UYKWMBZZQYPKCP-UHFFFAOYSA-N,"InChI=1S/C16H14N6O3S2/c17-15(26)21-20-10-12-4-7-14(25-12)11-2-5-13(6-3-11)27(23,24)22-16-18-8-1-9-19-16/h1-10H,(H3,17,21,26)(H,18,19,22)",False,-1,['SID85271320'],['SID85271320']
CHEMBL1594286,,,Small molecule,,268.25,40,58,1.91,111.16,7.0,1.0,0.0,3.0,N,0.67,2.0,MOL,-1,18.0,-2.27,C9H8N4O4S,Cc1nc(C)c(C(=O)Nc2ncc([N+](=O)[O-])s2)o1,AXGZEJAPZLZJRW-UHFFFAOYSA-N,"InChI=1S/C9H8N4O4S/c1-4-7(17-5(2)11-4)8(14)12-9-10-3-6(18-9)13(15)16/h3H,1-2H3,(H,10,12,14)",False,-1,['SID24815995'],['SID24815995']
CHEMBL2058156,,,Small molecule,,410.9,10,17,5.95,64.35,4.0,1.0,1.0,5.0,N,0.56,3.0,MOL,-1,29.0,-1.06,C23H23ClN2O3,COc1cccc(-n2nc(C(=O)O)cc2-c2ccc(C3CCCCC3)c(Cl)c2)c1,BNALUYKEGYUHQC-UHFFFAOYSA-N,"InChI=1S/C23H23ClN2O3/c1-29-18-9-5-8-17(13-18)26-22(14-21(25-26)23(27)28)16-10-11-19(20(24)12-16)15-6-3-2-4-7-15/h5,8-15H,2-4,6-7H2,1H3,(H,27,28)",False,-1,"['4', 'TC-LPA5-4', 'TC-LPA5-4', '10; TCLPA54', 'TC-LPA5-4', 'TC-LPA5-4', 'TC LPA5 4', '25']","['5-(3-chloro-4-cyclohexylphenyl)-1-(3-methoxyphenyl)-1H-pyrazole-3-carboxylic acid', 'TC-LPA5-4', 'TC-LPA5-4', '5-(3-chloro-4-cyclohexylphenyl)-1-(3-methoxyphenyl)-1H-pyrazole-3-carboxylic acid', 'TC-LPA5-4', 'TC-LPA5-4', '5-(3-chloro-4-cyclohexylphenyl)-1-(3-methoxyphenyl)-1H-pyrazole-3-carboxylic acid', '5-(3-chloro-4-cyclohexylphenyl)-1-(3-methoxyphenyl)-1H-pyrazole-3-carboxylic acid']"
CHEMBL4518026,,,Unknown,,351.29,24,24,3.54,23.55,2.0,0.0,0.0,1.0,N,0.77,1.0,MOL,-1,21.0,-0.86,C17H23BrN2O,CN1CCCCC12CCCN(C(=O)c1cccc(Br)c1)C2,NVONPXVWJHNPKK-UHFFFAOYSA-N,"InChI=1S/C17H23BrN2O/c1-19-10-3-2-8-17(19)9-5-11-20(13-17)16(21)14-6-4-7-15(18)12-14/h4,6-7,12H,2-3,5,8-11,13H2,1H3",False,-1,['3'],"['(3-bromophenyl)(1-methyl-1,8-diazaspiro[5.5]undecan-8-yl)methanone']"
CHEMBL4578411,,,Unknown,,309.21,24,24,2.27,32.34,2.0,1.0,0.0,1.0,N,0.86,1.0,MOL,-1,18.0,-0.9,C14H17BrN2O,O=C(c1cccc(Br)c1)N1CCC[C@@H]2CNC[C@@H]21,LCIYVWHFUUXPBW-YPMHNXCESA-N,"InChI=1S/C14H17BrN2O/c15-12-5-1-3-10(7-12)14(18)17-6-2-4-11-8-16-9-13(11)17/h1,3,5,7,11,13,16H,2,4,6,8-9H2/t11-,13+/m1/s1",False,-1,['16'],"['(3-bromophenyl)((4aR,7aR)-octahydro-1H-pyrrolo[3,4-b]pyridin-1-yl)methanone']"
CHEMBL1721451,,,Small molecule,,521.58,89,104,5.59,40.62,4.0,0.0,1.0,14.0,N,0.35,1.0,MOL,-1,32.0,-0.11,C28H45BrN2O2,Br.CCN(CC)CC(C)(C)C(=O)/C=C/c1ccc(/C=C/C(=O)C(C)(C)CN(CC)CC)cc1,SWXPHXAJGCVPTH-ZGWGUCJNSA-N,"InChI=1S/C28H44N2O2.BrH/c1-9-29(10-2)21-27(5,6)25(31)19-17-23-13-15-24(16-14-23)18-20-26(32)28(7,8)22-30(11-3)12-4;/h13-20H,9-12,21-22H2,1-8H3;1H/b19-17+,20-18+;",False,-1,"['SID483541', 'SID92764806']","['SID483541', 'SID92764806']"
CHEMBL1300836,,,Small molecule,,276.72,36,58,2.72,57.76,4.0,2.0,0.0,1.0,N,0.64,3.0,MOL,-1,18.0,-1.19,C14H13ClN2O2,Cc1ccc2nc(-c3ccc(O)c(O)c3)cn2c1.Cl,YWAYDKKWJDMLAH-UHFFFAOYSA-N,"InChI=1S/C14H12N2O2.ClH/c1-9-2-5-14-15-11(8-16(14)7-9)10-3-4-12(17)13(18)6-10;/h2-8,17-18H,1H3;1H",False,-1,['SID49645297'],['SID49645297']
CHEMBL1503182,,,Small molecule,,343.37,23,25,1.67,106.84,7.0,1.0,0.0,5.0,N,0.71,3.0,MOL,-1,24.0,-2.7,C15H13N5O3S,CC(=O)c1ccc(S(=O)(=O)Nc2cccc(-n3cnnn3)c2)cc1,XLTHEKBLNNWAGE-UHFFFAOYSA-N,"InChI=1S/C15H13N5O3S/c1-11(21)12-5-7-15(8-6-12)24(22,23)17-13-3-2-4-14(9-13)20-10-16-18-19-20/h2-10,17H,1H3",False,-1,['SID49822976'],['SID49822976']
CHEMBL5398398,,,,,600.04,5,5,3.87,65.99,8.0,1.0,0.0,7.0,N,0.54,3.0,MOL,-1,36.0,-1.27,C28H41Cl3N6O2,COc1cc2nc(N3CCCN(C)CC3)nc(NC3CCN(Cc4ccccc4)CC3)c2cc1OC.Cl.Cl.Cl,FMURUEPQXKJIPS-UHFFFAOYSA-N,"InChI=1S/C28H38N6O2.3ClH/c1-32-12-7-13-34(17-16-32)28-30-24-19-26(36-3)25(35-2)18-23(24)27(31-28)29-22-10-14-33(15-11-22)20-21-8-5-4-6-9-21;;;/h4-6,8-9,18-19,22H,7,10-17,20H2,1-3H3,(H,29,30,31);3*1H",False,-1,['17; BIX-01294'],"['N-(1-benzylpiperidin-4-yl)-6,7-dimethoxy-2-(4-methyl-1,4-diazepan-1-yl)quinazolin-4-amine trihydrochloride']"
CHEMBL1307301,,,Small molecule,,319.38,18,26,2.91,74.68,3.0,1.0,0.0,5.0,N,0.92,2.0,MOL,-1,22.0,-1.61,C16H17NO4S,CCN(c1ccccc1)S(=O)(=O)c1cc(C(=O)O)ccc1C,BWSIREDWHPPKSD-UHFFFAOYSA-N,"InChI=1S/C16H17NO4S/c1-3-17(14-7-5-4-6-8-14)22(20,21)15-11-13(16(18)19)10-9-12(15)2/h4-11H,3H2,1-2H3,(H,18,19)",False,-1,['SID14745409'],['SID14745409']
CHEMBL5982206,,,,,545.65,1,3,3.66,133.89,11.0,2.0,2.0,7.0,N,0.31,5.0,MOL,-1,39.0,-1.1,C27H28FN9OS,COc1ccc(-c2cc(Cn3cnc4c(N)ncnc43)c(N3CCC[C@](N)(Cc4nccs4)C3)cn2)cc1F,UDPCSTXMWNKTFW-MHZLTWQESA-N,"InChI=1S/C27H28FN9OS/c1-38-22-4-3-17(9-19(22)28)20-10-18(13-37-16-35-24-25(29)33-15-34-26(24)37)21(12-32-20)36-7-2-5-27(30,14-36)11-23-31-6-8-39-23/h3-4,6,8-10,12,15-16H,2,5,7,11,13-14,30H2,1H3,(H2,29,33,34)/t27-/m0/s1",False,-1,['BDBM567856'],"['US11420970, Example 57']"
CHEMBL1712631,,,Small molecule,,210.22,23,29,0.39,94.66,5.0,3.0,0.0,0.0,N,0.55,2.0,MOL,-1,14.0,-1.11,C7H6N4O2S,Cc1nc2c(=O)[nH]c(=S)[nH]c2nc1O,JZIIMNMIDVPMED-UHFFFAOYSA-N,"InChI=1S/C7H6N4O2S/c1-2-5(12)9-4-3(8-2)6(13)11-7(14)10-4/h1H3,(H3,9,10,11,12,13,14)",False,-1,['SID89855535'],['SID89855535']
CHEMBL1432707,,,Small molecule,,316.31,57,87,0.62,85.8,7.0,0.0,0.0,2.0,N,0.58,1.0,MOL,-1,23.0,-0.21,C16H16N2O5,COC(=O)c1cc(C)nc2c1C(=O)C(=O)C=C2N1CCOCC1,FKVLEVTZACLFAJ-UHFFFAOYSA-N,"InChI=1S/C16H16N2O5/c1-9-7-10(16(21)22-2)13-14(17-9)11(8-12(19)15(13)20)18-3-5-23-6-4-18/h7-8H,3-6H2,1-2H3",False,-1,['SID47203861'],['SID47203861']
CHEMBL216973,,,Small molecule,,144.18,17,17,1.82,38.91,2.0,1.0,0.0,0.0,Y,0.57,2.0,MOL,-1,11.0,-0.56,C9H8N2,Nc1cccc2cnccc12,DTVYNUOOZIKEEX-UHFFFAOYSA-N,"InChI=1S/C9H8N2/c10-9-3-1-2-7-6-11-5-4-8(7)9/h1-6H,10H2",False,-1,"['SID4248661', '51Q', 'F2']","['SID4248661', '5-aminoisoquinoline', 'isoquinolin-5-amine']"
CHEMBL1307247,,,Small molecule,,345.31,33,39,2.41,138.84,8.0,3.0,0.0,6.0,N,0.41,2.0,MOL,-1,25.0,0.02,C16H15N3O6,C=CCc1cc(/C=C/c2nc(O)c([N+](=O)[O-])c(O)n2)cc(OC)c1O,NKFDRYHNKCJHRL-AATRIKPKSA-N,"InChI=1S/C16H15N3O6/c1-3-4-10-7-9(8-11(25-2)14(10)20)5-6-12-17-15(21)13(19(23)24)16(22)18-12/h3,5-8,20H,1,4H2,2H3,(H2,17,18,21,22)/b6-5+",False,-1,['SID24787023'],['SID24787023']
CHEMBL1413740,,,Small molecule,,255.79,16,25,1.72,32.5,3.0,1.0,0.0,2.0,Y,0.77,1.0,MOL,-1,16.0,-1.6,C13H22ClN3,CCN1CCN(c2ccc(N)cc2C)CC1.Cl,KTUWPMXXVHBSNE-UHFFFAOYSA-N,"InChI=1S/C13H21N3.ClH/c1-3-15-6-8-16(9-7-15)13-5-4-12(14)10-11(13)2;/h4-5,10H,3,6-9,14H2,1-2H3;1H",False,-1,['SID24828986'],['SID24828986']
CHEMBL5173281,,,,,350.85,1,1,4.35,67.63,4.0,1.0,0.0,3.0,N,0.76,3.0,MOL,-1,25.0,-1.06,C20H19ClN4,Cc1cc(CN)cc(C)c1-c1ncn(C)c1-c1ccc(C#N)c(Cl)c1,GQOBCNOTJYWOJO-UHFFFAOYSA-N,"InChI=1S/C20H19ClN4/c1-12-6-14(9-22)7-13(2)18(12)19-20(25(3)11-24-19)15-4-5-16(10-23)17(21)8-15/h4-8,11H,9,22H2,1-3H3",False,-1,['18'],"['4-(4-(4-(aminomethyl)-2,6-dimethylphenyl)-1-methyl-1H-imidazol-5-yl)-2-chlorobenzonitrile']"
CHEMBL4741274,,,Unknown,,296.35,1,2,3.75,44.1,2.0,0.0,0.0,4.0,N,0.86,2.0,MOL,-1,22.0,-2.03,C18H17FN2O,CC(C)N(Cc1ccc(F)cc1)C(=O)c1ccc(C#N)cc1,REXZEFNBTMBHPS-UHFFFAOYSA-N,"InChI=1S/C18H17FN2O/c1-13(2)21(12-15-5-9-17(19)10-6-15)18(22)16-7-3-14(11-20)4-8-16/h3-10,13H,12H2,1-2H3",False,-1,['3c'],['4-cyano-N-(4-fluorobenzyl)-N-isopropylbenzamide']
CHEMBL4851342,,,Unknown,,536.1,1,1,5.04,78.51,4.0,2.0,1.0,7.0,N,0.37,4.0,MOL,-1,36.0,-1.4,C29H30ClN3O3S,Cl.O=C(c1ccccc1)N1CCC(Nc2cccc3c(S(=O)(=O)NCc4ccccc4)cccc23)CC1,SXLSVAUFMVIGBC-UHFFFAOYSA-N,"InChI=1S/C29H29N3O3S.ClH/c33-29(23-11-5-2-6-12-23)32-19-17-24(18-20-32)31-27-15-7-14-26-25(27)13-8-16-28(26)36(34,35)30-21-22-9-3-1-4-10-22;/h1-16,24,30-31H,17-21H2;1H",False,-1,['11aa'],['5-((1-Benzoylpiperidin-4-yl)amino)-N-benzylnaphthalene-1-sulfonamide hydrochloride']
CHEMBL4483751,,,Unknown,,493.23,24,25,3.68,20.31,1.0,0.0,0.0,1.0,N,0.69,1.0,MOL,-1,22.0,-0.6,C18H26BrIN2O,C[N+]1(C)CCCCC12CCN(C(=O)c1cccc(Br)c1)CC2.[I-],CAJNHWRSOJRCFY-UHFFFAOYSA-M,"InChI=1S/C18H26BrN2O.HI/c1-21(2)13-4-3-8-18(21)9-11-20(12-10-18)17(22)15-6-5-7-16(19)14-15;/h5-7,14H,3-4,8-13H2,1-2H3;1H/q+1;/p-1",False,-1,['6'],"['9-(3-bromobenzoyl)-1,1-dimethyl-9-aza-1-azoniaspiro[5.5]undecane-1-ium iodide']"
CHEMBL5418169,,,,,475.85,3,3,1.56,119.83,7.0,3.0,0.0,5.0,N,0.59,1.0,MOL,-1,32.0,-0.17,C20H21ClF3N3O5,C[C@@](O)(C(=O)N1CCC(O)(CCNC2=C(Cl)C(=O)c3cccnc3C2=O)CC1)C(F)(F)F,WEFIEAQCGYECIG-GOSISDBHSA-N,"InChI=1S/C20H21ClF3N3O5/c1-18(31,20(22,23)24)17(30)27-9-5-19(32,6-10-27)4-8-26-14-12(21)15(28)11-3-2-7-25-13(11)16(14)29/h2-3,7,26,31-32H,4-6,8-10H2,1H3/t18-/m1/s1",False,-1,['14f'],"['(R)-6-chloro-7-((2-(4-hydroxy-1-(3,3,3-trifluoro-2-hydroxy-2-methylpropanoyl)piperidin-4-yl)ethyl)amino)quinoline-5,8-dione']"
CHEMBL5422549,,,,,355.78,29,67,1.32,88.16,5.0,2.0,0.0,3.0,N,0.8,1.0,MOL,-1,25.0,-0.02,C18H14ClN3O3,CC#CC(=O)NC12CC(NC3=C(Cl)C(=O)c4ncccc4C3=O)(C1)C2,XLARJZRINWFNRT-UHFFFAOYSA-N,"InChI=1S/C18H14ClN3O3/c1-2-4-11(23)21-17-7-18(8-17,9-17)22-14-12(19)16(25)13-10(15(14)24)5-3-6-20-13/h3,5-6,22H,7-9H2,1H3,(H,21,23)",False,-1,"['12', '6', '15a']","['N-(3-((7-chloro-5,8-dioxo-5,8-dihydroquinolin-6-yl)amino)bicyclo[1.1.1]pentan-1-yl)but-2-ynamide', 'N-[3-[(7-chloro-5,8-dioxo-6-quinolyl)amino]-1-bicyclo[1.1.1]pentanyl]but-2-ynamide', 'N-(3-((7-chloro-5,8-dioxo-5,8-dihydroquinolin-6-yl)amino)bicyclo[1.1.1]pentan-1-yl)but-2-ynamide']"
CHEMBL1702473,,,Small molecule,,218.21,78,90,0.59,82.28,5.0,1.0,0.0,1.0,N,0.75,1.0,MOL,-1,16.0,0.68,C11H10N2O3,COC1=C(N)C(=O)c2nc(C)ccc2C1=O,FKAAKWCKLUDXOB-UHFFFAOYSA-N,"InChI=1S/C11H10N2O3/c1-5-3-4-6-8(13-5)10(15)7(12)11(16-2)9(6)14/h3-4H,12H2,1-2H3",False,-1,"['SID421992', 'SID92764020']","['SID421992', 'SID92764020']"
CHEMBL5397372,,,,,417.82,1,1,2.46,82.53,6.0,2.0,0.0,5.0,N,0.77,1.0,MOL,-1,28.0,-0.26,C18H19ClF3N3O3,CC(C)(O)[C@H](F)CNC1=C(Cl)C(=O)c2ccc(N3CCC(F)(F)C3)nc2C1=O,WTNXGPFUKLSEJW-SNVBAGLBSA-N,"InChI=1S/C18H19ClF3N3O3/c1-17(2,28)10(20)7-23-14-12(19)15(26)9-3-4-11(24-13(9)16(14)27)25-6-5-18(21,22)8-25/h3-4,10,23,28H,5-8H2,1-2H3/t10-/m1/s1",False,-1,['13b'],"['(R)-6-chloro-2-(3,3-difluoropyrrolidin-1-yl)-7-((2-fluoro-3-hydroxy-3-methylbutyl)amino)quinoline-5,8-dione']"
CHEMBL1542748,,,Small molecule,,502.47,54,78,6.0,7.12,2.0,0.0,1.0,3.0,N,0.52,3.0,MOL,-1,27.0,-0.91,C24H27IN2S,CCN1/C(=C/c2ccc3cc(C)cc(C)c3[n+]2CC)Sc2cc(C)ccc21.[I-],YXJOHKAAKQPDFR-UHFFFAOYSA-M,"InChI=1S/C24H27N2S.HI/c1-6-25-20(10-9-19-13-17(4)12-18(5)24(19)25)15-23-26(7-2)21-11-8-16(3)14-22(21)27-23;/h8-15H,6-7H2,1-5H3;1H/q+1;/p-1",False,-1,"['SID24809849', 'SID87349591']","['SID24809849', 'SID87349591']"
CHEMBL1597938,,,Small molecule,,277.41,15,21,3.93,30.49,3.0,1.0,0.0,8.0,N,0.73,1.0,MOL,-1,20.0,0.39,C17H27NO2,CCNCCC(CCC(C)C)c1ccc2c(c1)OCO2,FZIPBALKOKMKJE-UHFFFAOYSA-N,"InChI=1S/C17H27NO2/c1-4-18-10-9-14(6-5-13(2)3)15-7-8-16-17(11-15)20-12-19-16/h7-8,11,13-14,18H,4-6,9-10,12H2,1-3H3",False,-1,['SID26665862'],['SID26665862']
CHEMBL4854792,,,Unknown,,376.91,1,1,3.38,49.41,3.0,1.0,0.0,5.0,N,0.77,3.0,MOL,-1,24.0,-1.4,C19H21ClN2O2S,CN(C)c1cccc2c(S(=O)(=O)NCc3ccccc3)cccc12.Cl,NRPQXCUNIXZUIU-UHFFFAOYSA-N,"InChI=1S/C19H20N2O2S.ClH/c1-21(2)18-12-6-11-17-16(18)10-7-13-19(17)24(22,23)20-14-15-8-4-3-5-9-15;/h3-13,20H,14H2,1-2H3;1H",False,-1,['11s'],['N-benzyl-5-(dimethylamino)naphthalene-1-sulfonamide hydrochloride']
CHEMBL1465693,,,Small molecule,,337.42,26,34,4.42,53.68,4.0,1.0,0.0,3.0,N,0.57,3.0,MOL,-1,25.0,-0.22,C21H23NO3,CN(Cc1c(O)ccc2c1oc(=O)c1ccccc12)C1CCCCC1,YQIBCBWHGJLCTN-UHFFFAOYSA-N,"InChI=1S/C21H23NO3/c1-22(14-7-3-2-4-8-14)13-18-19(23)12-11-16-15-9-5-6-10-17(15)21(24)25-20(16)18/h5-6,9-12,14,23H,2-4,7-8,13H2,1H3",False,-1,"['SID50101706', 'SID858685']","['SID50101706', 'SID858685']"
CHEMBL5564607,,,,,281.28,2,2,0.75,115.53,8.0,1.0,0.0,4.0,N,0.75,3.0,MOL,-1,21.0,-1.35,C13H11N7O,N#Cc1ccc(OCCn2cnc3c(N)ncnc32)cn1,BZWSHAQVPTYVSN-UHFFFAOYSA-N,"InChI=1S/C13H11N7O/c14-5-9-1-2-10(6-16-9)21-4-3-20-8-19-11-12(15)17-7-18-13(11)20/h1-2,6-8H,3-4H2,(H2,15,17,18)",False,-1,['19'],['5-(2-(6-amino-9H-purin-9-yl)ethoxy)picolinonitrile']
CHEMBL1404761,,,Small molecule,,390.38,41,51,3.05,112.23,7.0,1.0,0.0,2.0,N,0.67,3.0,MOL,-1,28.0,-1.38,C19H10N4O4S,N=C1/C(=C/c2coc3ccccc3c2=O)C(=O)N=C2SC(c3ccco3)=NN12,UARFBVIJVRZJPS-JLZHIMPBSA-N,"InChI=1S/C19H10N4O4S/c20-16-12(8-10-9-27-13-5-2-1-4-11(13)15(10)24)17(25)21-19-23(16)22-18(28-19)14-6-3-7-26-14/h1-9,20H/b12-8-,20-16?",False,-1,['SID26663042'],['SID26663042']
CHEMBL1493528,,,Small molecule,,409.83,40,53,1.5,49.47,4.0,1.0,0.0,3.0,N,0.59,3.0,MOL,-1,23.0,-0.8,C18H20ClN3O6,OCC[n+]1c2ccccc2nc2ccc(N3CCOCC3)cc21.[O-][Cl+3]([O-])([O-])[O-],WMRQNJSFDYKMES-UHFFFAOYSA-M,"InChI=1S/C18H20N3O2.ClHO4/c22-10-7-21-17-4-2-1-3-15(17)19-16-6-5-14(13-18(16)21)20-8-11-23-12-9-20;2-1(3,4)5/h1-6,13,22H,7-12H2;(H,2,3,4,5)/q+1;/p-1",False,-1,"['GNF-Pf-5159', 'SID26666108']","['GNF-Pf-5159', 'SID26666108']"
CHEMBL1334670,,,Small molecule,,500.51,52,82,3.87,129.12,8.0,2.0,1.0,7.0,N,0.32,4.0,MOL,-1,37.0,-1.15,C27H24N4O6,O=C(O)CCCNc1cc(N2CCN(C(=O)c3ccco3)CC2)c2noc3c2c1C(=O)c1ccccc1-3,NNRNOBWREPANOV-UHFFFAOYSA-N,"InChI=1S/C27H24N4O6/c32-21(33)8-3-9-28-18-15-19(30-10-12-31(13-11-30)27(35)20-7-4-14-36-20)24-23-22(18)25(34)16-5-1-2-6-17(16)26(23)37-29-24/h1-2,4-7,14-15,28H,3,8-13H2,(H,32,33)",False,-1,['SID49734932'],['SID49734932']
CHEMBL3189151,,,Small molecule,,400.44,30,43,1.01,115.57,10.0,3.0,0.0,5.0,N,0.38,2.0,MOL,-1,29.0,-1.34,C19H24N6O4,Oc1ccc(/C=N/Nc2cc(N3CCOCC3)nc(N3CCOCC3)n2)cc1O,PQVJKQYWNAZHTI-DEDYPNTBSA-N,"InChI=1S/C19H24N6O4/c26-15-2-1-14(11-16(15)27)13-20-23-17-12-18(24-3-7-28-8-4-24)22-19(21-17)25-5-9-29-10-6-25/h1-2,11-13,26-27H,3-10H2,(H,21,22,23)/b20-13+",False,-1,['SID17505155'],['SID17505155']
CHEMBL1525715,,,Small molecule,,470.6,13,15,4.28,83.56,7.0,2.0,0.0,10.0,N,0.26,3.0,MOL,-1,33.0,-1.05,C24H30N4O4S,CCN(CC)CCCN(Cc1cc2cc3c(cc2nc1O)OCO3)C(S)=NCc1ccco1,BHGIVCCJQHUEQW-UHFFFAOYSA-N,"InChI=1S/C24H30N4O4S/c1-3-27(4-2)8-6-9-28(24(33)25-14-19-7-5-10-30-19)15-18-11-17-12-21-22(32-16-31-21)13-20(17)26-23(18)29/h5,7,10-13H,3-4,6,8-9,14-16H2,1-2H3,(H,25,33)(H,26,29)",False,-1,['SID24801971'],['SID24801971']
CHEMBL1565762,,,Small molecule,,307.35,24,35,2.61,46.61,4.0,0.0,0.0,1.0,N,0.69,2.0,MOL,-1,23.0,-0.47,C19H17NO3,Cc1ccc(N2CCOCC2)c2c1C(=O)c1ccccc1C2=O,CFDWVLUCOSBPRG-UHFFFAOYSA-N,"InChI=1S/C19H17NO3/c1-12-6-7-15(20-8-10-23-11-9-20)17-16(12)18(21)13-4-2-3-5-14(13)19(17)22/h2-7H,8-11H2,1H3",False,-1,['SID17503735'],['SID17503735']
CHEMBL4755270,,,Unknown,,338.39,1,2,3.11,47.94,4.0,1.0,0.0,3.0,N,0.94,2.0,MOL,-1,25.0,-1.38,C19H19FN4O,O=C(c1ccc(N2CNC=N2)cc1)N1CCCC1c1ccc(F)cc1,KGGCDCLRIGGOAO-UHFFFAOYSA-N,"InChI=1S/C19H19FN4O/c20-16-7-3-14(4-8-16)18-2-1-11-23(18)19(25)15-5-9-17(10-6-15)24-13-21-12-22-24/h3-10,12,18H,1-2,11,13H2,(H,21,22)",False,-1,['2g'],"['(4-(4,5-dihydro-1H-1,2,4-triazol-1-yl)phenyl)(2-(4-fluorophenyl)pyrrolidin-1-yl)methanone']"
CHEMBL1721330,,,Small molecule,,505.56,95,119,3.41,11.53,2.0,0.0,0.0,2.0,N,0.5,4.0,MOL,-1,27.0,-0.4,C25H26F3N3O3S,CN(C)c1ccc(C=c2c3ccccc3n3c2c2c([n+]3C)CCCC2)cc1.O=S(=O)([O-])C(F)(F)F,DOARKRWMRODJNP-UHFFFAOYSA-M,"InChI=1S/C24H26N3.CHF3O3S/c1-25(2)18-14-12-17(13-15-18)16-21-19-8-4-7-11-23(19)27-24(21)20-9-5-6-10-22(20)26(27)3;2-1(3,4)8(5,6)7/h4,7-8,11-16H,5-6,9-10H2,1-3H3;(H,5,6,7)/q+1;/p-1",False,-1,"['SID535641', 'SID92764869']","['SID535641', 'SID92764869']"
CHEMBL1698845,,,Small molecule,,492.15,113,137,6.8,9.49,2.0,0.0,1.0,10.0,N,0.36,2.0,MOL,-1,34.0,-0.37,C31H42ClN3,CCN(CC)c1ccc(C(=C2C=CC(=[N+](CC)CC)C=C2)c2ccc(N(CC)CC)cc2)cc1.[Cl-],JVICFMRAVNKDOE-UHFFFAOYSA-M,"InChI=1S/C31H42N3.ClH/c1-7-32(8-2)28-19-13-25(14-20-28)31(26-15-21-29(22-16-26)33(9-3)10-4)27-17-23-30(24-18-27)34(11-5)12-6;/h13-24H,7-12H2,1-6H3;1H/q+1;/p-1",False,-1,"['SID92764754', 'SID539488', 'SID57261406', '0008675:01']","['SID92764754', 'SID539488', 'SID57261406', 'CO-ADD:0137075']"
CHEMBL1611796,,,Small molecule,,329.74,22,35,3.4,68.12,5.0,1.0,0.0,3.0,N,0.69,2.0,MOL,-1,23.0,-0.29,C17H12ClNO4,COc1cc(/C=C2\C(=O)ON=C2c2ccc(Cl)cc2)ccc1O,POXCIMKSKKNYEL-JYRVWZFOSA-N,"InChI=1S/C17H12ClNO4/c1-22-15-9-10(2-7-14(15)20)8-13-16(19-23-17(13)21)11-3-5-12(18)6-4-11/h2-9,20H,1H3/b13-8-",False,-1,['SID47194693'],['SID47194693']
CHEMBL4787424,,,Unknown,,254.26,1,2,2.63,52.89,2.0,1.0,0.0,3.0,Y,0.91,2.0,MOL,-1,19.0,-1.93,C15H11FN2O,N#Cc1ccc(C(=O)NCc2ccc(F)cc2)cc1,NYFFIXPNCVQTME-UHFFFAOYSA-N,"InChI=1S/C15H11FN2O/c16-14-7-3-12(4-8-14)10-18-15(19)13-5-1-11(9-17)2-6-13/h1-8H,10H2,(H,18,19)",False,-1,['3b'],['4-cyano-N-(4-fluorobenzyl)benzamide']
CHEMBL4858426,,,Unknown,,392.35,1,1,1.7,84.22,4.0,3.0,0.0,4.0,N,0.75,2.0,MOL,-1,22.0,-0.97,C16H23Cl2N3O2S,Cl.Cl.Nc1cccc2c(S(=O)(=O)NCC3CCCNC3)cccc12,SLAFNIUQZLNWNZ-UHFFFAOYSA-N,"InChI=1S/C16H21N3O2S.2ClH/c17-15-7-1-6-14-13(15)5-2-8-16(14)22(20,21)19-11-12-4-3-9-18-10-12;;/h1-2,5-8,12,18-19H,3-4,9-11,17H2;2*1H",False,-1,['11l'],['5-Amino-N-(piperidin-3-ylmethyl)naphthalene-1-sulfonamide dihydrochloride']
CHEMBL1214186,SINEFUNGIN,COMPOUND 57926|LILLY 57926|LY-57926|SINEFUNGIN|SINEFUNGINA|SINEFUNGINE,Small molecule,2.0,381.39,53,153,-2.06,208.65,11.0,6.0,2.0,7.0,N,0.31,2.0,MOL,0,27.0,1.25,C15H23N7O5,Nc1ncnc2c1ncn2[C@@H]1O[C@H](C[C@@H](N)CC[C@H](N)C(=O)O)[C@@H](O)[C@H]1O,LMXOHSDXUQEUSF-YECHIGJVSA-N,"InChI=1S/C15H23N7O5/c16-6(1-2-7(17)15(25)26)3-8-10(23)11(24)14(27-8)22-5-21-9-12(18)19-4-20-13(9)22/h4-8,10-11,14,23-24H,1-3,16-17H2,(H,25,26)(H2,18,19,20)/t6-,7-,8+,10+,11+,14+/m0/s1",False,0,"['SIN', 'SINEFUNGIN', 'sinefungin', 'Sinefungin', 'Sinefungin', 'Sinefungin', 'Sinefungin', '6', 'SIN', 'natural sinefungin (1a)', 'synthetic sinefungin(1a)', 'Sinefungin', '4', 'Sinefungin', 'SINEFUNGIN', '1', 'Sinefungin', '16', 'Sinefungin', 'Sinefungin', 'Sinefungin', 'Sinefungin', 'Sinefungin', 'SF', 'Sinefungin', 'Sinefungin', 'Sinefungin', '2', 'Sinefungin', '3', 'Sinefungin', 'Sinefungin', 'Sinefungin', 'Sinefungin', '10', 'Sinefungin', 'EUB0002319a', 'Sinefungin', 'Sinefungin', 'Sinefungin', 'SFG', '26', 'SFG', 'Sinefungin', 'EUB0002319a', 'EUB0002319a', '45', '6', 'Sinefungin', 'Sinefungin', '2', 'Sinefungin', 'SINEFUNGIN']","['Sinefungin', 'SINEFUNGIN', 'sinefungin', 'Sinefungin', 'Sinefungin', 'Sinefungin', 'Sinefungin', 'sinefungin', 'sinefungin', '2,5-Diamino-6-[5-(6-amino-purin-9-yl)-3,4-dihydroxy-tetrahydro-furan-2-yl]-hexanoic acid (natural sinefungin)', '2,5-Diamino-6-[5-(6-amino-purin-9-yl)-3,4-dihydroxy-tetrahydro-furan-2-yl]-hexanoic acid', 'Sinefungin', 'Sinefungin', 'Sinefungin', 'SINEFUNGIN', 'Sinefungin', 'Sinefungin', 'Sinefungin', 'Sinefungin', 'Sinefungin', 'Sinefungin', 'Sinefungin', 'Sinefungin', 'Sinefungin', 'Sinefungin', 'Sinefungin', 'Sinefungin', 'Sinefungin', 'Sinefungin', 'Sinefungin', 'Sinefungin', 'Sinefungin', 'Sinefungin', 'Sinefungin', 'Sinefungin', 'Sinefungin', 'Sinefungin', 'Sinefungin', 'Sinefungin', 'Sinefungin', 'Sinefungin', 'Sinefungin', 'Sinefungin', 'Sinefungin', 'Sinefungin', 'Sinefungin', 'Sinefungin', 'Sinefungin', 'Sinefungin', 'Sinefungin', 'Sinefungin', 'Sinefungin', 'SINEFUNGIN']"
CHEMBL1414834,,,Small molecule,,262.18,19,26,1.67,32.5,3.0,1.0,0.0,1.0,Y,0.74,1.0,MOL,-1,15.0,-1.51,C11H17Cl2N3,CN1CCN(c2ccc(N)cc2Cl)CC1.Cl,OGALTJHGPZGBRS-UHFFFAOYSA-N,"InChI=1S/C11H16ClN3.ClH/c1-14-4-6-15(7-5-14)11-3-2-9(13)8-10(11)12;/h2-3,8H,4-7,13H2,1H3;1H",False,-1,['SID24818711'],['SID24818711']
CHEMBL1304357,,,Small molecule,,264.33,18,22,3.86,27.05,3.0,0.0,0.0,3.0,N,0.72,3.0,MOL,-1,20.0,-1.64,C17H16N2O,COc1ccc(-n2c(C)ccc2-c2ccccc2)cn1,RZEWICLMMHSCJX-UHFFFAOYSA-N,"InChI=1S/C17H16N2O/c1-13-8-10-16(14-6-4-3-5-7-14)19(13)15-9-11-17(20-2)18-12-15/h3-12H,1-2H3",False,-1,['SID47196109'],['SID47196109']
CHEMBL1309811,,,Small molecule,,185.7,12,12,1.84,12.03,1.0,1.0,0.0,4.0,N,0.64,1.0,MOL,-1,11.0,-0.07,C10H16ClN,CNCCCc1ccccc1.Cl,XKHCUFJKGWJLNO-UHFFFAOYSA-N,"InChI=1S/C10H15N.ClH/c1-11-9-5-8-10-6-3-2-4-7-10;/h2-4,6-7,11H,5,8-9H2,1H3;1H",False,-1,['SID14727329'],['SID14727329']
CHEMBL1885228,,,Small molecule,,385.4,15,19,3.48,60.17,4.0,2.0,0.0,7.0,N,0.77,2.0,MOL,-1,21.0,-0.42,C17H28N3O5P,COc1cc(NCCCCC(C)N)c2nccc(C)c2c1.O=P(O)(O)O,RSXFNBYEJRRGCQ-UHFFFAOYSA-N,"InChI=1S/C17H25N3O.H3O4P/c1-12-7-9-20-17-15(12)10-14(21-3)11-16(17)19-8-5-4-6-13(2)18;1-5(2,3)4/h7,9-11,13,19H,4-6,8,18H2,1-3H3;(H3,1,2,3,4)",False,-1,['SID99361026'],['SID99361026']
CHEMBL1505549,,,Small molecule,,470.73,14,18,4.89,47.0,5.0,2.0,0.0,11.0,N,0.21,2.0,MOL,-1,33.0,-1.82,C26H42N6S,CCCN(CCC)CCCN=C(S)Nc1ccc2nc(N3CCN(CC)CC3)cc(C)c2c1,JOWHAUBDIRDYTL-UHFFFAOYSA-N,"InChI=1S/C26H42N6S/c1-5-12-31(13-6-2)14-8-11-27-26(33)28-22-9-10-24-23(20-22)21(4)19-25(29-24)32-17-15-30(7-3)16-18-32/h9-10,19-20H,5-8,11-18H2,1-4H3,(H2,27,28,33)",False,-1,"['SID162403673', 'SID24810457']","['SID162403673', 'SID24810457']"
CHEMBL364729,,,Small molecule,,245.88,11,11,2.52,34.14,2.0,0.0,0.0,0.0,Y,0.49,0.0,MOL,-1,12.0,0.11,C6Cl4O2,O=C1C(=O)C(Cl)=C(Cl)C(Cl)=C1Cl,VRGCYEIGVVTZCC-UHFFFAOYSA-N,InChI=1S/C6Cl4O2/c7-1-2(8)4(10)6(12)5(11)3(1)9,False,-1,"['55', 'SID121283723']","['3,4,5,6-Tetrachloro-[1,2]benzoquinone', 'SID121283723']"
CHEMBL5412582,,,,,413.83,1,1,0.15,122.99,8.0,4.0,0.0,5.0,N,0.54,1.0,MOL,-1,28.0,-0.16,C18H21ClFN3O5,CC(C)(O)[C@H](F)CNC1=C(Cl)C(=O)c2ccc(N3C[C@@H](O)[C@H](O)C3)nc2C1=O,DXACPKKTRNCLLA-GMTAPVOTSA-N,"InChI=1S/C18H21ClFN3O5/c1-18(2,28)11(20)5-21-15-13(19)16(26)8-3-4-12(22-14(8)17(15)27)23-6-9(24)10(25)7-23/h3-4,9-11,21,24-25,28H,5-7H2,1-2H3/t9-,10-,11-/m1/s1",False,-1,['13c'],"['6-chloro-2-((3R,4R)-3,4-dihydroxypyrrolidin-1-yl)-7-(((R)-2-fluoro-3-hydroxy-3-methylbutyl)amino)quinoline-5,8-dione']"
CHEMBL1308904,,,Small molecule,,303.7,34,46,3.44,94.46,5.0,2.0,0.0,3.0,N,0.39,2.0,MOL,-1,21.0,-0.5,C15H10ClNO4,Cc1occc1C(=O)/C(C#N)=C/c1cc(O)c(O)c(Cl)c1,ABTYXTTVFMYFEZ-ONNFQVAWSA-N,"InChI=1S/C15H10ClNO4/c1-8-11(2-3-21-8)14(19)10(7-17)4-9-5-12(16)15(20)13(18)6-9/h2-6,18,20H,1H3/b10-4+",False,-1,['SID49672972'],['SID49672972']
CHEMBL3193053,,,Small molecule,,387.4,25,34,3.27,96.94,7.0,2.0,0.0,5.0,N,0.4,4.0,MOL,-1,29.0,-0.87,C22H17N3O4,O=c1c2ccccc2nc(COc2ccccc2)n1/N=C/c1ccc(O)c(O)c1,XVNHNKLSZJISOP-YDZHTSKRSA-N,"InChI=1S/C22H17N3O4/c26-19-11-10-15(12-20(19)27)13-23-25-21(14-29-16-6-2-1-3-7-16)24-18-9-5-4-8-17(18)22(25)28/h1-13,26-27H,14H2/b23-13+",False,-1,['SID26671416'],['SID26671416']
CHEMBL3193184,,,Small molecule,,495.51,22,25,2.42,133.26,10.0,1.0,0.0,6.0,N,0.32,3.0,MOL,-1,35.0,-1.33,C24H21N3O7S,CCOC(=O)C1=C(C)N=c2s/c(=C\c3ccc(O)c([N+](=O)[O-])c3)c(=O)n2C1c1ccccc1OC,FIDCXUJDBRDPRI-UNOMPAQXSA-N,"InChI=1S/C24H21N3O7S/c1-4-34-23(30)20-13(2)25-24-26(21(20)15-7-5-6-8-18(15)33-3)22(29)19(35-24)12-14-9-10-17(28)16(11-14)27(31)32/h5-12,21,28H,4H2,1-3H3/b19-12-",False,-1,['SID47198063'],['SID47198063']
CHEMBL1548104,,,Small molecule,,217.66,8,9,2.36,60.47,3.0,0.0,0.0,0.0,N,0.63,1.0,MOL,-1,15.0,-1.05,C11H8ClN3,N#Cc1c(Cl)nc2c(c1C#N)CCCC2,YVDFEJVMDXVRSV-UHFFFAOYSA-N,InChI=1S/C11H8ClN3/c12-11-9(6-14)8(5-13)7-3-1-2-4-10(7)15-11/h1-4H2,False,-1,['SID26659390'],['SID26659390']
CHEMBL1735482,,,Small molecule,,253.06,97,116,1.03,73.05,4.0,1.0,0.0,0.0,N,0.75,1.0,MOL,-1,14.0,0.13,C9H5BrN2O2,NC1=C(Br)C(=O)c2ncccc2C1=O,XZBBOHUCBTXJQY-UHFFFAOYSA-N,"InChI=1S/C9H5BrN2O2/c10-5-6(11)8(13)4-2-1-3-12-7(4)9(5)14/h1-3H,11H2",False,-1,"['105808', 'SID406251', 'SID92763962', 'NSC105808', 'NSC 105808']","['6-amino-7-bromo-5,8-quinolinedione', 'SID406251', 'SID92763962', '6-amino-7-bromoquinoline-5,8-dione', '6-amino-7-bromoquinoline-5,8-dione']"
CHEMBL1459149,,,Small molecule,,329.84,97,147,3.61,56.84,4.0,2.0,0.0,4.0,N,0.77,1.0,MOL,-1,23.0,-1.14,C17H20ClN5,CCN1CCCC1CNc1[nH]cnc2c3cc(Cl)ccc3nc1-2,TZCZVSAUNQBVFA-UHFFFAOYSA-N,"InChI=1S/C17H20ClN5/c1-2-23-7-3-4-12(23)9-19-17-16-15(20-10-21-17)13-8-11(18)5-6-14(13)22-16/h5-6,8,10,12,19H,2-4,7,9H2,1H3,(H,20,21)",False,-1,"['MMV396678', 'MMV396678', 'MMV396678', 'MMV396678', 'MMV396678', 'MMV396678', 'MMV396678', 'MMV396678', 'MMV396678', 'MMV396678', 'MMV396678', 'MMV396678', 'MMV396678', 'MMV396678', 'MMV396678', 'MMV396678', 'MMV396678', 'SID863604', 'MMV396678', 'MMV396678', 'MMV396678', 'MMV396678', 'MMV396678']","[None, None, None, None, None, None, None, None, None, None, None, None, None, 'MMV396678', None, 'MMV396678', 'MMV396678', 'SID863604', None, None, None, None, None]"
CHEMBL1502018,,,Small molecule,,382.37,47,68,2.24,132.8,6.0,4.0,0.0,8.0,N,0.47,2.0,MOL,-1,28.0,-0.11,C20H18N2O6,O=C(O)CCNc1ccc(NCCC(=O)O)c2c1C(=O)c1ccccc1C2=O,PANBVVFPWHIMKB-UHFFFAOYSA-N,"InChI=1S/C20H18N2O6/c23-15(24)7-9-21-13-5-6-14(22-10-8-16(25)26)18-17(13)19(27)11-3-1-2-4-12(11)20(18)28/h1-6,21-22H,7-10H2,(H,23,24)(H,25,26)",False,-1,['SID49679494'],['SID49679494']
CHEMBL1382081,,,Small molecule,,490.54,17,20,2.6,138.55,10.0,1.0,0.0,4.0,N,0.39,2.0,MOL,-1,32.0,-1.61,C19H14N4O6S3,COc1cc(/C=C2\C(=N)N3N=C(S(C)(=O)=O)SC3=NC2=O)ccc1OC(=O)c1cccs1,UTGDASUVEMUUHM-GEVAWUEVSA-N,"InChI=1S/C19H14N4O6S3/c1-28-13-9-10(5-6-12(13)29-17(25)14-4-3-7-30-14)8-11-15(20)23-18(21-16(11)24)31-19(22-23)32(2,26)27/h3-9,20H,1-2H3/b11-8+,20-15?",False,-1,['SID49824594'],['SID49824594']
CHEMBL1416601,,,Small molecule,,450.56,25,28,3.11,84.94,7.0,1.0,0.0,6.0,N,0.53,2.0,MOL,-1,29.0,-1.54,C19H18N2O5S3,COc1ccc(OC)c(/C=C2\SC(=S)N(NS(=O)(=O)c3ccc(C)cc3)C2=O)c1,KRYIDHBPISMBFP-BOPFTXTBSA-N,"InChI=1S/C19H18N2O5S3/c1-12-4-7-15(8-5-12)29(23,24)20-21-18(22)17(28-19(21)27)11-13-10-14(25-2)6-9-16(13)26-3/h4-11,20H,1-3H3/b17-11-",False,-1,['SID49646750'],['SID49646750']
CHEMBL1709354,,,Small molecule,,191.14,69,77,0.45,87.49,5.0,2.0,0.0,0.0,N,0.58,1.0,MOL,-1,14.0,0.67,C9H5NO4,O=C1C=C(O)c2nc(O)ccc2C1=O,ZWAPXFSJEWYYJE-UHFFFAOYSA-N,"InChI=1S/C9H5NO4/c11-5-3-6(12)9(14)4-1-2-7(13)10-8(4)5/h1-3,11H,(H,10,13)",False,-1,"['SID93577039', 'SID407806']","['SID93577039', 'SID407806']"
CHEMBL1359620,,,Small molecule,,356.43,28,35,3.16,92.26,7.0,1.0,0.0,8.0,N,0.49,3.0,MOL,-1,26.0,-1.14,C19H24N4O3,CCCCCOC(=O)c1c(N)n(CCOC)c2nc3ccccc3nc12,AUNBXDNKTWEARI-UHFFFAOYSA-N,"InChI=1S/C19H24N4O3/c1-3-4-7-11-26-19(24)15-16-18(23(17(15)20)10-12-25-2)22-14-9-6-5-8-13(14)21-16/h5-6,8-9H,3-4,7,10-12,20H2,1-2H3",False,-1,['SID14740895'],['SID14740895']
CHEMBL1989853,,,Small molecule,,348.4,44,64,4.07,73.13,5.0,2.0,0.0,2.0,N,0.86,2.0,MOL,-1,26.0,-0.42,C21H20N2O3,O=C1/C(=N\c2cccc(O)c2)C(N2CCCCC2)=C(O)c2ccccc21,OSBOEEGXPMPJJY-PYCFMQQDSA-N,"InChI=1S/C21H20N2O3/c24-15-8-6-7-14(13-15)22-18-19(23-11-4-1-5-12-23)21(26)17-10-3-2-9-16(17)20(18)25/h2-3,6-10,13,24,26H,1,4-5,11-12H2/b22-18-",False,-1,"['SID17412672', 'GNF-Pf-5007', 'GNF-Pf-5007']","['SID17412672', 'GNF-Pf-5007', 'GNF-Pf-5007']"
CHEMBL4856783,,,Unknown,,348.86,1,1,2.9,72.19,3.0,2.0,0.0,4.0,N,0.73,3.0,MOL,-1,22.0,-1.19,C17H17ClN2O2S,Cl.Nc1cccc2cc(S(=O)(=O)NCc3ccccc3)ccc12,AAKYWGGYXHRYCA-UHFFFAOYSA-N,"InChI=1S/C17H16N2O2S.ClH/c18-17-8-4-7-14-11-15(9-10-16(14)17)22(20,21)19-12-13-5-2-1-3-6-13;/h1-11,19H,12,18H2;1H",False,-1,['10b'],['5-Amino-N-benzylnaphthalene-2-sulfonamide hydrochloride']
CHEMBL3195409,,,Small molecule,,288.33,41,65,1.81,89.77,5.0,4.0,0.0,3.0,N,0.3,2.0,MOL,-1,20.0,-1.84,C13H12N4O2S,Oc1cccc(/C=N/NC(=S)Nc2cccnc2)c1O,HXIMYTSGBYXOQJ-VIZOYTHASA-N,"InChI=1S/C13H12N4O2S/c18-11-5-1-3-9(12(11)19)7-15-17-13(20)16-10-4-2-6-14-8-10/h1-8,18-19H,(H2,16,17,20)/b15-7+",False,-1,['SID22401691'],['SID22401691']
CHEMBL1502832,,,Small molecule,,424.98,14,26,4.63,42.32,5.0,1.0,0.0,8.0,N,0.57,3.0,MOL,-1,30.0,-1.83,C24H29ClN4O,CCN1CCC(CNCc2cn(-c3ccc(OC)cc3)nc2-c2ccccc2Cl)C1,ZRGMBGUBVCLYCQ-UHFFFAOYSA-N,"InChI=1S/C24H29ClN4O/c1-3-28-13-12-18(16-28)14-26-15-19-17-29(20-8-10-21(30-2)11-9-20)27-24(19)22-6-4-5-7-23(22)25/h4-11,17-18,26H,3,12-16H2,1-2H3",False,-1,['SID24798870'],['SID24798870']
CHEMBL1308055,,,Small molecule,,447.93,39,46,3.06,107.95,7.0,1.0,0.0,2.0,N,0.56,2.0,MOL,-1,29.0,-2.21,C18H14ClN5O3S2,Cc1ccc(-n2cccc2/C=C2/C(=N)N3C(=NC2=O)SN=C3S(C)(=O)=O)cc1Cl,LDXIDWXNUJDJMV-JMPIQFJJSA-N,"InChI=1S/C18H14ClN5O3S2/c1-10-5-6-12(9-14(10)19)23-7-3-4-11(23)8-13-15(20)24-17(21-16(13)25)28-22-18(24)29(2,26)27/h3-9,20H,1-2H3/b13-8-,20-15?",False,-1,['SID17505596'],['SID17505596']
CHEMBL1727678,,,Small molecule,,557.59,109,125,4.21,20.76,3.0,0.0,0.0,4.0,N,0.42,5.0,MOL,-1,31.0,-0.55,C28H26F3N3O4S,COc1cc(N(C)C)ccc1C=c1c2ccccc2n2c1cc(-c1ccccc1)[n+]2C.O=S(=O)([O-])C(F)(F)F,OTUQBJVZQSQBAC-UHFFFAOYSA-M,"InChI=1S/C27H26N3O.CHF3O3S/c1-28(2)21-15-14-20(27(17-21)31-4)16-23-22-12-8-9-13-24(22)30-26(23)18-25(29(30)3)19-10-6-5-7-11-19;2-1(3,4)8(5,6)7/h5-18H,1-4H3;(H,5,6,7)/q+1;/p-1",False,-1,"['SID526489', 'SID92764863']","['SID526489', 'SID92764863']"
CHEMBL483206,,,Small molecule,,304.25,18,24,1.19,127.45,7.0,5.0,0.0,1.0,N,0.5,2.0,MOL,-1,22.0,1.96,C15H12O7,O=C1c2cc(O)c(O)cc2OC(c2ccc(O)c(O)c2)C1O,JIVANWVLNGMSOX-UHFFFAOYSA-N,"InChI=1S/C15H12O7/c16-8-2-1-6(3-9(8)17)15-14(21)13(20)7-4-10(18)11(19)5-12(7)22-15/h1-5,14-19,21H",False,-1,"['SID87335392', 'NSC-36398', 'NSC-36398']","['SID87335392', '2-(3,4-dihydroxyphenyl)-3,6,7-trihydroxychroman-4-one', '2-(3,4-dihydroxyphenyl)-3,6,7-trihydroxychroman-4-one']"
CHEMBL1527008,,,Small molecule,,251.24,47,71,3.05,52.33,4.0,0.0,0.0,1.0,N,0.52,3.0,MOL,-1,19.0,-0.27,C15H9NO3,COc1ccc2noc3c2c1C(=O)c1ccccc1-3,FCRLYYQMRWSKIT-UHFFFAOYSA-N,"InChI=1S/C15H9NO3/c1-18-11-7-6-10-12-13(11)14(17)8-4-2-3-5-9(8)15(12)19-16-10/h2-7H,1H3",False,-1,"['SID96099496', 'SID7973721']","['SID96099496', 'SID7973721']"
CHEMBL1165723,,,Small molecule,,247.68,49,84,2.29,46.17,3.0,1.0,0.0,3.0,Y,0.83,1.0,MOL,-1,17.0,-0.25,C13H10ClNO2,C=CCNC1=C(Cl)C(=O)c2ccccc2C1=O,PYIGZVBXHAUBPU-UHFFFAOYSA-N,"InChI=1S/C13H10ClNO2/c1-2-7-15-11-10(14)12(16)8-5-3-4-6-9(8)13(11)17/h2-6,15H,1,7H2",False,-1,"['SID134970398', 'SID22416871', 'SID134418986', '3f']","['SID134970398', 'SID22416871', 'SID134418986', '2-(Allylamino)-3-chloronaphthalene-1,4-dione']"
CHEMBL1604260,,,Small molecule,,281.76,6,6,3.12,21.26,2.0,1.0,0.0,5.0,N,0.87,2.0,MOL,-1,18.0,-1.12,C15H17ClFNO,CNCc1ccccc1OCc1ccccc1F.Cl,MBBMAKWZUDINJQ-UHFFFAOYSA-N,"InChI=1S/C15H16FNO.ClH/c1-17-10-12-6-3-5-9-15(12)18-11-13-7-2-4-8-14(13)16;/h2-9,17H,10-11H2,1H3;1H",False,-1,['SID24793486'],['SID24793486']
CHEMBL1969046,,,Small molecule,,460.51,56,78,4.37,112.9,5.0,2.0,0.0,5.0,N,0.58,3.0,MOL,-1,33.0,-0.93,C25H20N2O5S,Cc1ccc(S(=O)(=O)/N=C2\C=C(Nc3cccc(C(=O)O)c3)C(=O)c3ccccc32)c(C)c1,RUWHEBZPTCVEMQ-SZXQPVLSSA-N,"InChI=1S/C25H20N2O5S/c1-15-10-11-23(16(2)12-15)33(31,32)27-21-14-22(24(28)20-9-4-3-8-19(20)21)26-18-7-5-6-17(13-18)25(29)30/h3-14,26H,1-2H3,(H,29,30)/b27-21+",False,-1,['SID49736658'],['SID49736658']
CHEMBL1896348,,,Small molecule,,284.23,20,33,-0.84,139.81,8.0,2.0,0.0,6.0,N,0.4,2.0,MOL,-1,20.0,-1.09,C10H12N4O6,O=[N+]([O-])c1ccc(N(CCO)CCO)c2c1no[n+]2[O-],TXBLXYIFRHQOPU-UHFFFAOYSA-N,"InChI=1S/C10H12N4O6/c15-5-3-12(4-6-16)8-2-1-7(13(17)18)9-10(8)14(19)20-11-9/h1-2,15-16H,3-6H2",False,-1,['SID99360563'],['SID99360563']
CHEMBL4739882,,,Unknown,,334.38,1,2,3.31,62.56,4.0,0.0,0.0,2.0,N,0.85,2.0,MOL,-1,25.0,-1.19,C20H18N2O3,N#Cc1ccc(C(=O)N2CCCC2c2ccc3c(c2)OCCO3)cc1,RWQVOCGUFUWPDN-UHFFFAOYSA-N,"InChI=1S/C20H18N2O3/c21-13-14-3-5-15(6-4-14)20(23)22-9-1-2-17(22)16-7-8-18-19(12-16)25-11-10-24-18/h3-8,12,17H,1-2,9-11H2",False,-1,['2d'],"['4-(2-(2,3-dihydrobenzo[b][1,4]dioxin-6-yl)pyrrolidine-1-carbonyl)benzonitrile']"
CHEMBL1608375,,,Small molecule,,348.88,25,49,4.8,30.95,2.0,1.0,0.0,4.0,N,0.58,4.0,MOL,-1,24.0,-0.37,C22H21ClN2,Cl.NCCc1c(-c2ccccc2)n(-c2ccccc2)c2ccccc12,SDMXRFZUROVBSS-UHFFFAOYSA-N,"InChI=1S/C22H20N2.ClH/c23-16-15-20-19-13-7-8-14-21(19)24(18-11-5-2-6-12-18)22(20)17-9-3-1-4-10-17;/h1-14H,15-16,23H2;1H",False,-1,['SID24811518'],['SID24811518']
CHEMBL1321572,,,Small molecule,,415.45,59,75,2.37,131.12,7.0,3.0,0.0,2.0,N,0.51,2.0,MOL,-1,28.0,-1.03,C18H13N3O5S2,CS(=O)(=O)c1ccc2c(c1)SC1=NC(=O)/C(=C/c3ccc(O)c(O)c3)C(=N)N12,RQRNKANQNVONRU-NVMOYFHGSA-N,"InChI=1S/C18H13N3O5S2/c1-28(25,26)10-3-4-12-15(8-10)27-18-20-17(24)11(16(19)21(12)18)6-9-2-5-13(22)14(23)7-9/h2-8,19,22-23H,1H3/b11-6+,19-16?",False,-1,['SID26671498'],['SID26671498']
CHEMBL1737002,,,Small molecule,,267.31,24,36,1.86,77.84,4.0,2.0,0.0,2.0,N,0.81,2.0,MOL,-1,18.0,-0.49,C12H13NO4S,CN(C)c1ccc2cc(S(=O)(=O)O)cc(O)c2c1,LRPIENHBUQIGPP-UHFFFAOYSA-N,"InChI=1S/C12H13NO4S/c1-13(2)9-4-3-8-5-10(18(15,16)17)7-12(14)11(8)6-9/h3-7,14H,1-2H3,(H,15,16,17)",False,-1,['SID89853613'],['SID89853613']
CHEMBL1604719,,,Small molecule,,482.35,27,33,4.45,66.84,5.0,1.0,0.0,6.0,N,0.48,2.0,MOL,-1,28.0,-1.77,C19H13BrFNO4S2,O=C(O)CN1C(=O)/C(=C\c2cc(Br)ccc2OCc2ccc(F)cc2)SC1=S,BASITIPBIUQUOT-LZYBPNLTSA-N,"InChI=1S/C19H13BrFNO4S2/c20-13-3-6-15(26-10-11-1-4-14(21)5-2-11)12(7-13)8-16-18(25)22(9-17(23)24)19(27)28-16/h1-8H,9-10H2,(H,23,24)/b16-8+",False,-1,['SID49668152'],['SID49668152']
CHEMBL1455014,,,Small molecule,,394.45,18,23,2.52,138.29,9.0,3.0,0.0,10.0,N,0.18,2.0,MOL,-1,27.0,-1.04,C17H22N4O5S,CCOC(=O)CCCCC(=O)c1[nH]c(O)nc1CSc1nc(C)cc(O)n1,VYXKATGJKODPQR-UHFFFAOYSA-N,"InChI=1S/C17H22N4O5S/c1-3-26-14(24)7-5-4-6-12(22)15-11(19-16(25)21-15)9-27-17-18-10(2)8-13(23)20-17/h8H,3-7,9H2,1-2H3,(H,18,20,23)(H2,19,21,25)",False,-1,"['SID87338777', 'SID4262628']","['SID87338777', 'SID4262628']"
CHEMBL3798846,,,Small molecule,,555.6,311,547,3.9,80.91,6.0,2.0,1.0,6.0,N,0.48,3.0,MOL,-1,40.0,-1.53,C29H32F3N5O3,CN1CCN(c2ccc(-c3cccc(CN4CCOCC4)c3)cc2NC(=O)c2c[nH]c(=O)cc2C(F)(F)F)CC1,DJOVLOYCGXNVPI-UHFFFAOYSA-N,"InChI=1S/C29H32F3N5O3/c1-35-7-9-37(10-8-35)26-6-5-22(21-4-2-3-20(15-21)19-36-11-13-40-14-12-36)16-25(26)34-28(39)23-18-33-27(38)17-24(23)29(30,31)32/h2-6,15-18H,7-14,19H2,1H3,(H,33,38)(H,34,39)",False,-1,"['16d; OICR-9429', 'OICR-9429', 'OICR-9429', 'OICR-9429', 'OICR-9429', 'EUB0000211b', 'EUB0000211b', 'OICR-9429', 'EUB0000211b', 'OICR-9429', 'EUB0000211b', 'OICR-9429', 'OICR-9429', 'OICR-9429', 'EUB0000211b', 'EUB0000211b', 'Chemical probe: OICR-9429', 'EUB0000211b', 'EUB0000211b', '1; OICR-9429', 'EUB0000211b', 'Chemical Probe: OICR-9429; 1', 'Chemical probe: OICR-9429', 'Chemical Probe: OICR-9429', 'Chemical Probe: OICR-9429', 'Chemical Probe: OICR-9429', 'EUB0000211b', 'EUB0000211b', 'OICR-9429', 'BDBM50164794', 'BDBM50164794']","[N-(4-(4-Methylpiperazin-1-yl)-3'-(morpholinomethyl)-[1,1'-biphenyl]-3-yl)-6-oxo-4-(trifluoromethyl)-1,6-dihydropyridine-3-carboxamide"", ""N-(4-(4-methylpiperazin-1-yl)-3'-(morpholinomethyl)biphenyl-3-yl)-6-oxo-4-(trifluoromethyl)-1,6-dihydropyridine-3-carboxamide"", 'OICR-9429', 'OICR-9429', 'OICR-9429', 'OICR-9429', 'OICR-9429', 'OICR-9429', 'OICR-9429', 'N-[2-(4-methylpiperazin-1-yl)-5-[3-(morpholinomethyl)phenyl]phenyl]-6-oxo-4-(trifluoromethyl)-1H-pyridine-3-carboxamide', 'OICR-9429', 'OICR-9429', ""N-[4-(4-methylpiperazin-1-yl)-3'-[(morpholin-4-yl)methyl]-[1,1'-biphenyl]-3-yl]-6-oxo-4-(trifluoromethyl)-1,6-dihydropyridine-3-carboxamide"", 'OICR-9429', 'OICR-9429', 'OICR-9429', 'OICR-9429', 'OICR-9429', 'OICR-9429', ""N-(4-(4-methylpiperazin-1-yl)-3'-(morpholinomethyl)-[1,1'-biphenyl]-3-yl)-6-oxo-4-(trifluoromethyl)-1,6-dihydropyridine-3-carboxamide"", 'OICR-9429', 'OICR-9429', 'OICR-9429', 'OICR-9429', 'OICR-9429', 'OIRC-9429', 'OICR-9429', 'OICR-9429', ""N-(4-(4-methylpiperazin-1-yl)-3'-(morpholinomethyl)-[1,1'-biphenyl]-3-yl)-6-oxo-4-(trifluoromethyl)-1,6-dihydropyridine-3-carboxamide"", 'CHEMBL3798846::US11174250, Example Table4.1.1::US11319299, Comp. No. 57', 'CHEMBL3798846::US11174250, Example Table4.1.1::US11319299, Comp. No. 57']"""
CHEMBL1340288,,,Small molecule,,334.17,46,57,3.0,50.52,3.0,0.0,0.0,1.0,N,0.81,2.0,MOL,-1,20.0,-1.05,C15H12BrNO3,O=C(c1coc(=O)c(Br)c1)N1CCCc2ccccc21,OPFYRSXNSBYGDF-UHFFFAOYSA-N,"InChI=1S/C15H12BrNO3/c16-12-8-11(9-20-15(12)19)14(18)17-7-3-5-10-4-1-2-6-13(10)17/h1-2,4,6,8-9H,3,5,7H2",False,-1,['SID857868'],['SID857868']
CHEMBL1562466,,,Small molecule,,260.25,29,38,0.65,83.83,5.0,2.0,0.0,1.0,N,0.77,1.0,MOL,-1,19.0,0.91,C14H12O5,CC(=O)C1=C(C)OC2(O)c3ccccc3C(=O)C12O,RSHLNQWVQAWODW-UHFFFAOYSA-N,"InChI=1S/C14H12O5/c1-7(15)11-8(2)19-14(18)10-6-4-3-5-9(10)12(16)13(11,14)17/h3-6,17-18H,1-2H3",False,-1,['SID26662280'],['SID26662280']
CHEMBL1378634,,,Small molecule,,349.26,34,43,2.2,83.47,4.0,2.0,0.0,2.0,N,0.64,2.0,MOL,-1,25.0,-0.44,C17H10F3NO4,O=C(NC1(O)C(=O)c2ccccc2C1=O)c1ccc(C(F)(F)F)cc1,MCLXGPFUHLXFEK-UHFFFAOYSA-N,"InChI=1S/C17H10F3NO4/c18-17(19,20)10-7-5-9(6-8-10)15(24)21-16(25)13(22)11-3-1-2-4-12(11)14(16)23/h1-8,25H,(H,21,24)",False,-1,['SID26730327'],['SID26730327']
CHEMBL1501990,,,Small molecule,,281.27,40,52,1.18,83.47,4.0,2.0,0.0,2.0,N,0.64,2.0,MOL,-1,21.0,-0.03,C16H11NO4,O=C(NC1(O)C(=O)c2ccccc2C1=O)c1ccccc1,FICSYWUBABJDHB-UHFFFAOYSA-N,"InChI=1S/C16H11NO4/c18-13-11-8-4-5-9-12(11)14(19)16(13,21)17-15(20)10-6-2-1-3-7-10/h1-9,21H,(H,17,20)",False,-1,['SID4242461'],['SID4242461']
CHEMBL5270736,,,,,221.28,5,14,1.79,62.15,5.0,2.0,0.0,1.0,N,0.72,2.0,MOL,-1,15.0,-0.76,C10H11N3OS,CC1CN1c1cc(O)c2nc(N)sc2c1,PHBIAWCGMOCBGF-UHFFFAOYSA-N,"InChI=1S/C10H11N3OS/c1-5-4-13(5)6-2-7(14)9-8(3-6)15-10(11)12-9/h2-3,5,14H,4H2,1H3,(H2,11,12)",False,-1,"['119', '23; BT5', '19; BT5', '30; BT5']","['2-Amino-6-(2-methylaziridin-1-yl)benzo[d]thiazol-4-ol', '2-amino-6-(2-methylaziridin-1-yl)benzo[d]thiazol-4-ol', '2-amino-6-(2-methylaziridin-1-yl)-1,3-benzothiazol-4-ol', '2-amino-6-(2-methylaziridin-1-yl)benzo[d]thiazol-4-ol']"
CHEMBL1493011,,,Small molecule,,330.48,41,49,2.22,58.2,6.0,2.0,0.0,2.0,N,0.6,0.0,MOL,-1,19.0,-0.27,C11H10N2O2S4,C/C(C/C(C)=C1/SC(=S)NC1=O)=C1\SC(=S)NC1=O,WCTMKYSKFWOZEY-YDFGWWAZSA-N,"InChI=1S/C11H10N2O2S4/c1-4(6-8(14)12-10(16)18-6)3-5(2)7-9(15)13-11(17)19-7/h3H2,1-2H3,(H,12,14,16)(H,13,15,17)/b6-4+,7-5+",False,-1,['SID24822771'],['SID24822771']
CHEMBL1586869,,,Small molecule,,370.42,42,53,2.73,99.09,7.0,1.0,0.0,1.0,N,0.61,2.0,MOL,-1,25.0,-1.28,C16H10N4O3S2,CSC1=NSC2=NC(=O)/C(=C/c3coc4ccccc4c3=O)C(=N)N12,AMBSMJGRIPOLHJ-RBKZQELPSA-N,"InChI=1S/C16H10N4O3S2/c1-24-16-19-25-15-18-14(22)10(13(17)20(15)16)6-8-7-23-11-5-3-2-4-9(11)12(8)21/h2-7,17H,1H3/b10-6+,17-13?",False,-1,['SID17505635'],['SID17505635']
CHEMBL1698715,,,Small molecule,,264.32,94,107,3.97,34.14,2.0,0.0,0.0,0.0,N,0.67,2.0,MOL,-1,20.0,0.14,C18H16O2,Cc1ccc2c(c1C)-c1c(ccc(C)c1C)C(=O)C2=O,JTMGCXDRWXHOND-UHFFFAOYSA-N,"InChI=1S/C18H16O2/c1-9-5-7-13-15(11(9)3)16-12(4)10(2)6-8-14(16)18(20)17(13)19/h5-8H,1-4H3",False,-1,"['SID424047', 'SID92764023']","['SID424047', 'SID92764023']"
CHEMBL1420511,,,Small molecule,,317.34,11,11,2.95,21.26,2.0,1.0,0.0,5.0,N,0.79,2.0,MOL,-1,17.0,-0.23,C17H19NO5,CNCCOc1ccccc1-c1ccccc1.O=C(O)C(=O)O,RKXIXTWCGMSGEK-UHFFFAOYSA-N,"InChI=1S/C15H17NO.C2H2O4/c1-16-11-12-17-15-10-6-5-9-14(15)13-7-3-2-4-8-13;3-1(4)2(5)6/h2-10,16H,11-12H2,1H3;(H,3,4)(H,5,6)",False,-1,['SID14736994'],['SID14736994']
CHEMBL1575649,,,Small molecule,,344.42,49,73,3.33,72.8,6.0,3.0,0.0,3.0,N,0.45,2.0,MOL,-1,23.0,-1.02,C16H12N2O3S2,O=C1/C(=C/c2ccc(O)c(O)c2)SC(=S)N1Nc1ccccc1,ATKORQIIELSXJL-ZROIWOOFSA-N,"InChI=1S/C16H12N2O3S2/c19-12-7-6-10(8-13(12)20)9-14-15(21)18(16(22)23-14)17-11-4-2-1-3-5-11/h1-9,17,19-20H/b14-9-",False,-1,['SID24781164'],['SID24781164']
CHEMBL1334307,,,Small molecule,,336.35,57,87,2.81,81.43,5.0,1.0,0.0,5.0,N,0.57,3.0,MOL,-1,25.0,-0.76,C19H16N2O4,COCCCNC(=O)c1ccc2c3c(onc13)-c1ccccc1C2=O,LXUKGKQDBOPMHC-UHFFFAOYSA-N,"InChI=1S/C19H16N2O4/c1-24-10-4-9-20-19(23)14-8-7-13-15-16(14)21-25-18(15)12-6-3-2-5-11(12)17(13)22/h2-3,5-8H,4,9-10H2,1H3,(H,20,23)",False,-1,['SID26659725'],['SID26659725']
CHEMBL1475400,,,Small molecule,,201.22,13,20,2.37,42.35,3.0,1.0,0.0,3.0,Y,0.83,2.0,MOL,-1,15.0,-0.63,C12H11NO2,Oc1cc(OCc2ccccc2)ccn1,DOVNUEPFPBWTSV-UHFFFAOYSA-N,"InChI=1S/C12H11NO2/c14-12-8-11(6-7-13-12)15-9-10-4-2-1-3-5-10/h1-8H,9H2,(H,13,14)",False,-1,"['561', 'SID57261408']","[None, 'SID57261408']"
CHEMBL1323428,,,Small molecule,,446.58,22,27,3.65,75.71,6.0,1.0,0.0,7.0,N,0.4,2.0,MOL,-1,29.0,-1.52,C20H18N2O4S3,C=CCOc1ccc(/C=C2\SC(=S)N(NS(=O)(=O)c3ccc(C)cc3)C2=O)cc1,FQUXGTRQWSCZGS-AQTBWJFISA-N,"InChI=1S/C20H18N2O4S3/c1-3-12-26-16-8-6-15(7-9-16)13-18-19(23)22(20(27)28-18)21-29(24,25)17-10-4-14(2)5-11-17/h3-11,13,21H,1,12H2,2H3/b18-13-",False,-1,['SID49646756'],['SID49646756']
CHEMBL1874616,,,Small molecule,,333.34,12,15,1.83,71.52,4.0,0.0,0.0,4.0,N,0.8,2.0,MOL,-1,23.0,-1.62,C16H12FNO4S,O=C1C(=O)N(CCS(=O)(=O)c2ccccc2)c2ccc(F)cc21,RFOUVFXWSFJGGM-UHFFFAOYSA-N,"InChI=1S/C16H12FNO4S/c17-11-6-7-14-13(10-11)15(19)16(20)18(14)8-9-23(21,22)12-4-2-1-3-5-12/h1-7,10H,8-9H2",False,-1,['SID49821403'],['SID49821403']
CHEMBL1328964,,,Small molecule,,462.62,11,12,3.53,79.65,7.0,2.0,0.0,12.0,N,0.22,2.0,MOL,-1,32.0,-0.8,C23H34N4O4S,CCN(CC)CCCN(Cc1cc2cc3c(cc2nc1O)OCO3)C(S)=NCCCOC,PZBVKNNXQXXEHQ-UHFFFAOYSA-N,"InChI=1S/C23H34N4O4S/c1-4-26(5-2)9-7-10-27(23(32)24-8-6-11-29-3)15-18-12-17-13-20-21(31-16-30-20)14-19(17)25-22(18)28/h12-14H,4-11,15-16H2,1-3H3,(H,24,32)(H,25,28)",False,-1,['SID49644448'],['SID49644448']
CHEMBL4797205,,,Unknown,,325.8,8,11,3.19,70.12,3.0,1.0,0.0,4.0,N,0.94,2.0,MOL,-1,23.0,-1.2,C18H16ClN3O,N#Cc1ccc(C(C(N)=O)N2CCC2c2ccc(Cl)cc2)cc1,HJVJIZUPAQKKKD-UHFFFAOYSA-N,"InChI=1S/C18H16ClN3O/c19-15-7-5-13(6-8-15)16-9-10-22(16)17(18(21)23)14-3-1-12(11-20)2-4-14/h1-8,16-17H,9-10H2,(H2,21,23)",False,-1,"['1', 'MMV1727047']","['2-(2-(4-chlorophenyl)azetidin-1-yl)-2-(4-cyanophenyl)acetamide', 'MMV1727047']"
CHEMBL1869352,,,Small molecule,,402.87,11,13,4.83,32.34,3.0,1.0,0.0,4.0,N,0.79,2.0,MOL,-1,25.0,-1.41,C18H18ClF3N2OS,CCNCCC(=O)N1c2ccccc2Sc2ccc(C(F)(F)F)cc21.Cl,IVVXAIGKECOKKV-UHFFFAOYSA-N,"InChI=1S/C18H17F3N2OS.ClH/c1-2-22-10-9-17(24)23-13-5-3-4-6-15(13)25-16-8-7-12(11-14(16)23)18(19,20)21;/h3-8,11,22H,2,9-10H2,1H3;1H",False,-1,['SID47198073'],['SID47198073']
CHEMBL4847273,,,Unknown,,348.86,1,1,2.9,72.19,3.0,2.0,0.0,4.0,N,0.73,3.0,MOL,-1,22.0,-1.31,C17H17ClN2O2S,Cl.Nc1ccc2cc(S(=O)(=O)NCc3ccccc3)ccc2c1,ILALCSSNZLQOIX-UHFFFAOYSA-N,"InChI=1S/C17H16N2O2S.ClH/c18-16-8-6-15-11-17(9-7-14(15)10-16)22(20,21)19-12-13-4-2-1-3-5-13;/h1-11,19H,12,18H2;1H",False,-1,['10c'],['6-Amino-N-benzylnaphthalene-2-sulfonamide hydrochloride']
CHEMBL1539235,,,Small molecule,,288.1,30,34,0.87,59.75,4.0,0.0,0.0,1.0,N,0.77,1.0,MOL,-1,16.0,-1.21,C10H10BrNO4,O=C(c1coc(=O)c(Br)c1)N1CCOCC1,FNUVJTCGUJKSEQ-UHFFFAOYSA-N,"InChI=1S/C10H10BrNO4/c11-8-5-7(6-16-10(8)14)9(13)12-1-3-15-4-2-12/h5-6H,1-4H2",False,-1,"['SID860621', 'SID87345872']","['SID860621', 'SID87345872']"
CHEMBL57013,,,Small molecule,,520.5,118,147,3.3,187.17,12.0,4.0,2.0,6.0,N,0.35,3.0,MOL,-1,38.0,0.79,C26H24N4O8,COC(=O)c1nc(-c2ccc3c(n2)C(=O)C(=N)C(OC)=C3O)c(N)c(-c2ccc(OC)c(OC)c2O)c1C,FJZWVTQJLJAQAE-UHFFFAOYSA-N,"InChI=1S/C26H24N4O8/c1-10-15(11-7-9-14(35-2)24(36-3)21(11)31)16(27)20(30-18(10)26(34)38-5)13-8-6-12-19(29-13)23(33)17(28)25(37-4)22(12)32/h6-9,28,31-32H,27H2,1-5H3",False,-1,"['SID26732565', 'SID99124', '1b', '45384']","['SID26732565', 'SID99124', '5-Amino-6-(7-amino-6-methoxy-5,8-dioxo-5,8-dihydro-quinolin-2-yl)-4-(2-hydroxy-3,4-dimethoxy-phenyl)-3-methyl-pyridine-2-carboxylic acid methyl ester', '5-Amino-6-(7-amino-6-methoxy-5,8-dioxo-5,8-dihydro-quinolin-2-yl)-4-(2-hydroxy-3,4-dimethoxy-phenyl)-3-methyl-pyridine-2-carboxylic acid methyl ester']"
CHEMBL3304020,,,Small molecule,,526.54,35,49,1.21,192.62,11.0,6.0,3.0,4.0,N,0.27,2.0,MOL,-1,38.0,1.79,C27H30N2O9,COc1cccc2c1C(=N)c1c(O)c3c(c(O)c1C2=O)C[C@@](O)(C(C)=O)C[C@@H]3O[C@H]1C[C@H](N)[C@H](O)[C@H](C)O1,BLLIIPIJZPKUEG-HPTNQIKVSA-N,"InChI=1S/C27H30N2O9/c1-10-23(31)14(28)7-17(37-10)38-16-9-27(35,11(2)30)8-13-19(16)26(34)20-21(25(13)33)24(32)12-5-4-6-15(36-3)18(12)22(20)29/h4-6,10,14,16-17,23,29,31,33-35H,7-9,28H2,1-3H3/t10-,14-,16-,17-,23+,27-/m0/s1",False,-1,['SID92763431'],['SID92763431']
CHEMBL3197080,,,Small molecule,,330.3,25,29,1.77,115.95,7.0,1.0,0.0,6.0,N,0.49,2.0,MOL,-1,24.0,-1.6,C15H14N4O5,COc1cc(OC)c([N+](=O)[O-])cc1/C=N/NC(=O)c1ccncc1,GSBSAZLHADMKOJ-RQZCQDPDSA-N,"InChI=1S/C15H14N4O5/c1-23-13-8-14(24-2)12(19(21)22)7-11(13)9-17-18-15(20)10-3-5-16-6-4-10/h3-9H,1-2H3,(H,18,20)/b17-9+",False,-1,['SID24820429'],['SID24820429']
CHEMBL1966984,,,Small molecule,,516.46,26,37,1.03,211.28,11.0,7.0,3.0,7.0,N,0.16,2.0,MOL,-1,37.0,1.48,C25H24O12,O=C(/C=C/c1ccc(O)c(O)c1)OC1C(O)CC(OC(=O)/C=C/c2ccc(O)c(O)c2)(C(=O)O)CC1O,IYXQRCXQQWUFQV-FCXRPNKRSA-N,"InChI=1S/C25H24O12/c26-15-5-1-13(9-17(15)28)3-7-21(32)36-23-19(30)11-25(24(34)35,12-20(23)31)37-22(33)8-4-14-2-6-16(27)18(29)10-14/h1-10,19-20,23,26-31H,11-12H2,(H,34,35)/b7-3+,8-4+",False,-1,"['91529', 'SID26666815']","['1,4-bis((E)-3-(3,4-dihydroxyphenyl)acryloyloxy)-3,5-dihydroxycyclohexanecarboxylic acid', 'SID26666815']"
CHEMBL1516638,,,Small molecule,,327.34,31,32,2.59,89.53,6.0,0.0,0.0,5.0,N,0.48,2.0,MOL,-1,24.0,-0.5,C18H17NO5,COCC(C)OC(=O)/C(C#N)=C\c1coc2ccc(C)cc2c1=O,TVOBMKFZGKKXRA-QPEQYQDCSA-N,"InChI=1S/C18H17NO5/c1-11-4-5-16-15(6-11)17(20)14(10-23-16)7-13(8-19)18(21)24-12(2)9-22-3/h4-7,10,12H,9H2,1-3H3/b13-7-",False,-1,['SID22414709'],['SID22414709']
CHEMBL1725485,,,Small molecule,,250.26,91,99,2.3,59.06,4.0,1.0,0.0,2.0,N,0.83,2.0,MOL,-1,19.0,-0.18,C15H10N2O2,O=C1C=C(Nc2cccnc2)c2ccccc2C1=O,HZFXWCMVFFTFJE-UHFFFAOYSA-N,"InChI=1S/C15H10N2O2/c18-14-8-13(17-10-4-3-7-16-9-10)11-5-1-2-6-12(11)15(14)19/h1-9,17H",False,-1,"['SID92763790', 'SID498931']","['SID92763790', 'SID498931']"
CHEMBL1300776,,,Small molecule,,338.47,20,29,4.96,6.48,2.0,0.0,0.0,6.0,N,0.73,2.0,MOL,-1,25.0,-1.28,C22H27FN2,CCN(CC)c1ccc(CN2CC=C(c3ccc(F)cc3)CC2)cc1,JFDUNNTVXUDHSF-UHFFFAOYSA-N,"InChI=1S/C22H27FN2/c1-3-25(4-2)22-11-5-18(6-12-22)17-24-15-13-20(14-16-24)19-7-9-21(23)10-8-19/h5-13H,3-4,14-17H2,1-2H3",False,-1,['SID14734678'],['SID14734678']
CHEMBL1518905,,,Small molecule,,485.02,73,137,6.34,6.25,1.0,0.0,1.0,4.0,N,0.56,2.0,MOL,-1,29.0,-0.07,C27H33ClN2O4,CCN1/C(=C\C=C\C2=[N+](CC)c3ccccc3C2(C)C)C(C)(C)c2ccccc21.[O-][Cl+3]([O-])([O-])[O-],MNCNXUGQOWTYOP-UHFFFAOYSA-M,"InChI=1S/C27H33N2.ClHO4/c1-7-28-22-16-11-9-14-20(22)26(3,4)24(28)18-13-19-25-27(5,6)21-15-10-12-17-23(21)29(25)8-2;2-1(3,4)5/h9-19H,7-8H2,1-6H3;(H,2,3,4,5)/q+1;/p-1",False,-1,"['SID14745082', 'SID99454010']","['SID14745082', 'SID99454010']"
CHEMBL4852534,,,Unknown,,510.08,1,1,3.15,95.58,5.0,2.0,0.0,7.0,N,0.55,3.0,MOL,-1,32.0,-1.58,C23H28ClN3O4S2,CS(=O)(=O)N1CCC(Nc2cccc3c(S(=O)(=O)NCc4ccccc4)cccc23)CC1.Cl,HCVKAASHSQXMTC-UHFFFAOYSA-N,"InChI=1S/C23H27N3O4S2.ClH/c1-31(27,28)26-15-13-19(14-16-26)25-22-11-5-10-21-20(22)9-6-12-23(21)32(29,30)24-17-18-7-3-2-4-8-18;/h2-12,19,24-25H,13-17H2,1H3;1H",False,-1,['11ac'],['N-benzyl-5-((1-(methylsulfonyl)piperidin-4-yl)amino)naphthalene-1-sulfonamide hydrochloride']
CHEMBL5408020,,,,,324.77,1,1,3.19,59.06,4.0,1.0,0.0,2.0,N,0.92,2.0,MOL,-1,23.0,-0.25,C18H13ClN2O2,O=C1C(NC2CCc3ccccc32)=C(Cl)C(=O)c2ncccc21,BIXZPCJMZXGTTI-UHFFFAOYSA-N,"InChI=1S/C18H13ClN2O2/c19-14-16(17(22)12-6-3-9-20-15(12)18(14)23)21-13-8-7-10-4-1-2-5-11(10)13/h1-6,9,13,21H,7-8H2",False,-1,['12b'],"['7-chloro-6-((2,3-dihydro-1H-inden-1-yl)amino)quinoline-5,8-dione']"
CHEMBL1503014,,,Small molecule,,359.85,15,20,4.2,21.26,2.0,1.0,0.0,8.0,N,0.71,1.0,MOL,-1,18.0,-1.29,C17H26ClNO5,CCC(C)NCCCCOc1ccc(Cl)cc1C.O=C(O)C(=O)O,YNVQGWWYWANXKI-UHFFFAOYSA-N,"InChI=1S/C15H24ClNO.C2H2O4/c1-4-13(3)17-9-5-6-10-18-15-8-7-14(16)11-12(15)2;3-1(4)2(5)6/h7-8,11,13,17H,4-6,9-10H2,1-3H3;(H,3,4)(H,5,6)",False,-1,['SID22416030'],['SID22416030']
CHEMBL1877805,,,Small molecule,,403.91,5,5,3.58,61.88,4.0,1.0,0.0,4.0,N,0.9,2.0,MOL,-1,27.0,-1.1,C21H26ClN3O3,COC(=O)Nc1ccc2c(c1)N(C(=O)CCN(C)C)c1ccccc1CC2.Cl,ORCFMARGENXQGG-UHFFFAOYSA-N,"InChI=1S/C21H25N3O3.ClH/c1-23(2)13-12-20(25)24-18-7-5-4-6-15(18)8-9-16-10-11-17(14-19(16)24)22-21(26)27-3;/h4-7,10-11,14H,8-9,12-13H2,1-3H3,(H,22,26);1H",False,-1,['SID49641301'],['SID49641301']
CHEMBL1470135,,,Small molecule,,316.31,68,100,3.87,64.35,4.0,0.0,0.0,2.0,N,0.53,3.0,MOL,-1,24.0,0.11,C20H12O4,Cc1oc2c(c1C(=O)c1ccccc1)C(=O)C(=O)c1ccccc1-2,XEMFSKXFWNHKIS-UHFFFAOYSA-N,"InChI=1S/C20H12O4/c1-11-15(17(21)12-7-3-2-4-8-12)16-19(23)18(22)13-9-5-6-10-14(13)20(16)24-11/h2-10H,1H3",False,-1,['SID14741966'],['SID14741966']
CHEMBL1521296,,,Small molecule,,334.35,20,23,2.17,98.54,6.0,1.0,0.0,7.0,N,0.48,2.0,MOL,-1,23.0,-1.76,C15H14N2O5S,O=C(COC(=O)c1ccc([N+](=O)[O-])s1)NCCc1ccccc1,CDIZCPPXVIAKBJ-UHFFFAOYSA-N,"InChI=1S/C15H14N2O5S/c18-13(16-9-8-11-4-2-1-3-5-11)10-22-15(19)12-6-7-14(23-12)17(20)21/h1-7H,8-10H2,(H,16,18)",False,-1,['SID57261528'],['SID57261528']
CHEMBL1421529,,,Small molecule,,425.47,19,26,2.83,99.92,6.0,1.0,0.0,5.0,N,0.74,2.0,MOL,-1,30.0,-1.93,C21H19N3O5S,O=C(O)c1cccc(-n2cccc2/C=C2/SC(=O)N(CC(=O)N3CCCC3)C2=O)c1,YPJVJIQRNWFBJE-SFQUDFHCSA-N,"InChI=1S/C21H19N3O5S/c25-18(22-8-1-2-9-22)13-24-19(26)17(30-21(24)29)12-16-7-4-10-23(16)15-6-3-5-14(11-15)20(27)28/h3-7,10-12H,1-2,8-9,13H2,(H,27,28)/b17-12+",False,-1,['SID49725371'],['SID49725371']
CHEMBL1429479,,,Small molecule,,296.28,42,50,2.25,79.62,4.0,1.0,0.0,2.0,N,0.68,2.0,MOL,-1,22.0,-1.02,C16H12N2O4,Cc1ccc(N2C(=O)NC(=O)/C(=C/c3ccoc3)C2=O)cc1,SBMGYJWFXRUVER-JYRVWZFOSA-N,"InChI=1S/C16H12N2O4/c1-10-2-4-12(5-3-10)18-15(20)13(14(19)17-16(18)21)8-11-6-7-22-9-11/h2-9H,1H3,(H,17,19,21)/b13-8-",False,-1,['SID26725982'],['SID26725982']
CHEMBL1870340,,,Small molecule,,475.44,5,6,4.8,79.62,5.0,1.0,0.0,12.0,N,0.45,2.0,MOL,-1,30.0,-1.68,C21H28Cl2N2O4S,CCCN(CCC)CCCNC(=O)c1ccc(CS(=O)(=O)c2c(Cl)cccc2Cl)o1,XZENHNWEAKIQGU-UHFFFAOYSA-N,"InChI=1S/C21H28Cl2N2O4S/c1-3-12-25(13-4-2)14-6-11-24-21(26)19-10-9-16(29-19)15-30(27,28)20-17(22)7-5-8-18(20)23/h5,7-10H,3-4,6,11-15H2,1-2H3,(H,24,26)",False,-1,['SID49668542'],['SID49668542']
CHEMBL1573910,,,Small molecule,,429.44,31,43,0.81,134.99,10.0,2.0,0.0,6.0,N,0.5,2.0,MOL,-1,31.0,-2.0,C19H23N7O5,O=C(NNc1cc(N2CCOCC2)nc(N2CCOCC2)n1)c1ccc([N+](=O)[O-])cc1,MPNPNWNKSXTRFL-UHFFFAOYSA-N,"InChI=1S/C19H23N7O5/c27-18(14-1-3-15(4-2-14)26(28)29)23-22-16-13-17(24-5-9-30-10-6-24)21-19(20-16)25-7-11-31-12-8-25/h1-4,13H,5-12H2,(H,23,27)(H,20,21,22)",False,-1,['SID24803975'],['SID24803975']
CHEMBL3193639,,,Small molecule,,343.39,57,77,3.36,56.36,5.0,0.0,0.0,2.0,N,0.72,3.0,MOL,-1,26.0,-0.59,C21H17N3O2,Cc1c(/N=C2\C=CC(=O)c3ccccc32)c(=O)n(-c2ccccc2)n1C,BPCUUELBULRONU-RELWKKBWSA-N,"InChI=1S/C21H17N3O2/c1-14-20(21(26)24(23(14)2)15-8-4-3-5-9-15)22-18-12-13-19(25)17-11-7-6-10-16(17)18/h3-13H,1-2H3/b22-18+",False,-1,['SID24809810'],['SID24809810']
CHEMBL193872,,,Small molecule,,379.57,16,26,6.09,7.12,3.0,0.0,1.0,4.0,N,0.51,3.0,MOL,-1,26.0,-1.04,C22H23N2S2+,CCN1/C(=C/C(C)=C/c2sc3ccccc3[n+]2CC)Sc2ccccc21,DGBHUSPLAMIWPQ-UHFFFAOYSA-N,"InChI=1S/C22H23N2S2/c1-4-23-17-10-6-8-12-19(17)25-21(23)14-16(3)15-22-24(5-2)18-11-7-9-13-20(18)26-22/h6-15H,4-5H2,1-3H3/q+1",False,-1,"['E2', 'SID124753112', 'PD011561', 'PD011561']","['3-Ethyl-2-{(E)-3-[3-ethyl-3H-benzothiazol-(2Z)-ylidene]-2-methyl-propenyl}-benzothiazol-3-ium', 'SID124753112', 'PD011561', 'PD011561']"
CHEMBL156174,,,Small molecule,,174.16,22,35,0.15,73.05,4.0,1.0,0.0,0.0,N,0.57,1.0,MOL,-1,13.0,0.73,C9H6N2O2,NC1=CC(=O)C(=O)c2cccnc21,WIPMQCOMGHCENO-UHFFFAOYSA-N,"InChI=1S/C9H6N2O2/c10-6-4-7(12)9(13)5-2-1-3-11-8(5)6/h1-4H,10H2",False,-1,"['36', 'SID99356047']","['8-Amino-quinoline-5,6-dione', 'SID99356047']"
CHEMBL1370257,,,Small molecule,,293.28,11,13,0.33,104.94,6.0,2.0,0.0,2.0,N,0.6,1.0,MOL,-1,21.0,-0.72,C13H15N3O5,Cc1cc([N+](=O)[O-])cc2c1NC(=O)C2(O)N1CCOCC1,LLQANBYCBIAPTJ-UHFFFAOYSA-N,"InChI=1S/C13H15N3O5/c1-8-6-9(16(19)20)7-10-11(8)14-12(17)13(10,18)15-2-4-21-5-3-15/h6-7,18H,2-5H2,1H3,(H,14,17)",False,-1,['SID24810687'],['SID24810687']
CHEMBL3144873,,,Small molecule,,357.8,32,35,3.54,80.93,4.0,1.0,0.0,5.0,N,0.56,3.0,MOL,-1,25.0,-1.12,C18H16ClN3O3,Cc1[nH]n(-c2ccccc2)c(=O)c1C(C[N+](=O)[O-])c1ccc(Cl)cc1,RECNITXDQPJVBJ-UHFFFAOYSA-N,"InChI=1S/C18H16ClN3O3/c1-12-17(18(23)22(20-12)15-5-3-2-4-6-15)16(11-21(24)25)13-7-9-14(19)10-8-13/h2-10,16,20H,11H2,1H3",False,-1,['SID17514300'],['SID17514300']
CHEMBL1605867,,,Small molecule,,329.74,22,28,1.77,83.47,4.0,2.0,0.0,3.0,N,0.66,2.0,MOL,-1,23.0,-0.48,C17H12ClNO4,O=C(Cc1ccccc1Cl)NC1(O)C(=O)c2ccccc2C1=O,MBMWDJSCEGUABL-UHFFFAOYSA-N,"InChI=1S/C17H12ClNO4/c18-13-8-4-1-5-10(13)9-14(20)19-17(23)15(21)11-6-2-3-7-12(11)16(17)22/h1-8,23H,9H2,(H,19,20)",False,-1,['SID26730579'],['SID26730579']
CHEMBL1411673,,,Small molecule,,326.31,45,62,1.95,88.85,5.0,1.0,0.0,4.0,N,0.69,2.0,MOL,-1,24.0,-1.36,C17H14N2O5,COc1ccc(CN2C(=O)NC(=O)/C(=C\c3ccco3)C2=O)cc1,YWBQLJPBFAEUSW-NTEUORMPSA-N,"InChI=1S/C17H14N2O5/c1-23-12-6-4-11(5-7-12)10-19-16(21)14(15(20)18-17(19)22)9-13-3-2-8-24-13/h2-9H,10H2,1H3,(H,18,20,22)/b14-9+",False,-1,['SID24823276'],['SID24823276']
CHEMBL1716740,,,Small molecule,,378.49,4,4,2.63,79.62,5.0,1.0,0.0,9.0,N,0.73,2.0,MOL,-1,26.0,-1.98,C19H26N2O4S,CCN(CC)CCNC(=O)c1ccc(CS(=O)(=O)c2ccccc2C)o1,PEJVQFYUTWZIDL-UHFFFAOYSA-N,"InChI=1S/C19H26N2O4S/c1-4-21(5-2)13-12-20-19(22)17-11-10-16(25-17)14-26(23,24)18-9-7-6-8-15(18)3/h6-11H,4-5,12-14H2,1-3H3,(H,20,22)",False,-1,['SID49668514'],['SID49668514']
CHEMBL1578670,,,Small molecule,,379.4,42,57,4.76,112.21,6.0,2.0,0.0,3.0,N,0.39,4.0,MOL,-1,27.0,-0.64,C19H13N3O4S,O=S(=O)(O)c1cccc2c(N=Nc3ccc(O)c4ncccc34)cccc12,CWPNTHMHJUMFNM-UHFFFAOYSA-N,"InChI=1S/C19H13N3O4S/c23-17-10-9-16(14-6-3-11-20-19(14)17)22-21-15-7-1-5-13-12(15)4-2-8-18(13)27(24,25)26/h1-11,23H,(H,24,25,26)",False,-1,['SID49731967'],['SID49731967']
CHEMBL1385413,,,Small molecule,,322.32,43,58,2.81,79.62,4.0,1.0,0.0,3.0,N,0.7,2.0,MOL,-1,24.0,-1.3,C18H14N2O4,Cc1ccc(N2C(=O)NC(=O)/C(=C\C=C\c3ccco3)C2=O)cc1,KAAOWFYJWYUWIZ-XEXQVEHGSA-N,"InChI=1S/C18H14N2O4/c1-12-7-9-13(10-8-12)20-17(22)15(16(21)19-18(20)23)6-2-4-14-5-3-11-24-14/h2-11H,1H3,(H,19,21,23)/b4-2+,15-6+",False,-1,['SID26726094'],['SID26726094']
CHEMBL1701931,,,Small molecule,,392.5,6,6,2.45,67.23,5.0,1.0,0.0,9.0,N,0.61,3.0,MOL,-1,29.0,-1.72,C23H28N4O2,CCN(CC)CCNC(=O)Cc1nn(Cc2ccccc2)c(=O)c2ccccc12,MFVYFRSYSRUWIO-UHFFFAOYSA-N,"InChI=1S/C23H28N4O2/c1-3-26(4-2)15-14-24-22(28)16-21-19-12-8-9-13-20(19)23(29)27(25-21)17-18-10-6-5-7-11-18/h5-13H,3-4,14-17H2,1-2H3,(H,24,28)",False,-1,['SID24808349'],['SID24808349']
CHEMBL1981122,,,Small molecule,,545.53,23,32,,,,,,,,,,MOL,-1,,,C23H23N5O9S,CN(C)C=O.O=C(O)c1ccccc1NS(=O)(=O)c1ccc(N/N=C/c2ccc(O)c(O)c2)c([N+](=O)[O-])c1,KAMLCBILIKVWEO-YUZSSDIYSA-N,"InChI=1S/C20H16N4O8S.C3H7NO/c25-18-8-5-12(9-19(18)26)11-21-22-16-7-6-13(10-17(16)24(29)30)33(31,32)23-15-4-2-1-3-14(15)20(27)28;1-4(2)3-5/h1-11,22-23,25-26H,(H,27,28);3H,1-2H3/b21-11+;",False,-1,['SID57262252'],['SID57262252']
CHEMBL3198784,,,Small molecule,,369.37,21,28,3.67,109.33,6.0,2.0,0.0,6.0,N,0.51,3.0,MOL,-1,27.0,-0.1,C20H19NO6,CCOC(=O)c1c(C)oc2c1c(/C=N/CCC(=O)O)c(O)c1ccccc12,RUZRZEJIFSSCIA-UFFVCSGVSA-N,"InChI=1S/C20H19NO6/c1-3-26-20(25)16-11(2)27-19-13-7-5-4-6-12(13)18(24)14(17(16)19)10-21-9-8-15(22)23/h4-7,10,24H,3,8-9H2,1-2H3,(H,22,23)/b21-10+",False,-1,['SID24833410'],['SID24833410']
CHEMBL1310120,,,Small molecule,,255.07,26,32,2.89,39.44,3.0,0.0,0.0,1.0,Y,0.57,1.0,MOL,-1,14.0,-0.41,C10H7BrO3,CC1=C/C(=C\c2ccc(Br)o2)C(=O)O1,MDNPWZAMXKTAQO-FNORWQNLSA-N,"InChI=1S/C10H7BrO3/c1-6-4-7(10(12)13-6)5-8-2-3-9(11)14-8/h2-5H,1H3/b7-5+",False,-1,['SID17514101'],['SID17514101']
CHEMBL1471498,,,Small molecule,,398.37,22,35,3.41,110.02,8.0,0.0,0.0,7.0,N,0.34,3.0,MOL,-1,29.0,-0.29,C20H18N2O7,COc1cc(C(=O)c2nccc3cc(OC)c(OC)cc23)c([N+](=O)[O-])cc1OC,YQHPOSDABMOWAK-UHFFFAOYSA-N,"InChI=1S/C20H18N2O7/c1-26-15-7-11-5-6-21-19(12(11)8-16(15)27-2)20(23)13-9-17(28-3)18(29-4)10-14(13)22(24)25/h5-10H,1-4H3",False,-1,"['SID104222652', 'SID24796013']","['SID104222652', 'SID24796013']"
CHEMBL1464721,,,Small molecule,,327.72,59,80,3.33,83.47,4.0,2.0,0.0,3.0,N,0.9,2.0,MOL,-1,23.0,-0.45,C17H10ClNO4,O=C(O)c1cccc(NC2=C(Cl)C(=O)c3ccccc3C2=O)c1,TYLPTGMQARBNQU-UHFFFAOYSA-N,"InChI=1S/C17H10ClNO4/c18-13-14(19-10-5-3-4-9(8-10)17(22)23)16(21)12-7-2-1-6-11(12)15(13)20/h1-8,19H,(H,22,23)",False,-1,"['SID24823866', '22e']","['SID24823866', '3-(3-Chloro-1,4-dioxo-1,4-dihydro-naphthalen-2-ylamino)benzoic acid']"
CHEMBL418052,S-ADENOSYLHOMOCYSTEINE,,Small molecule,,384.42,61,229,-1.44,182.63,11.0,5.0,1.0,7.0,N,0.35,2.0,MOL,-1,26.0,0.83,C14H20N6O5S,Nc1ncnc2c1ncn2[C@@H]1O[C@H](CSCC[C@H](N)C(=O)O)[C@@H](O)[C@H]1O,ZJUKTBDSGOFHSH-WFMPWKQPSA-N,"InChI=1S/C14H20N6O5S/c15-6(14(23)24)1-2-26-3-7-9(21)10(22)13(25-7)20-5-19-8-11(16)17-4-18-12(8)20/h4-7,9-10,13,21-22H,1-3,15H2,(H,23,24)(H2,16,17,18)/t6-,7+,9+,10+,13+/m0/s1",False,-1,"['SAH', 'SAH', 'S-adenosyl-L-homocysteine', 'SAH', 'AdoHcy', '7', '9', 'D,L-5', 'SAH', 'S-adenosyl-L-homocysteine', 'SAH', '(+/-)-1, SAH', 'SAH', 'BDBM50009672', 'D-SAH', '1a, L-SAH', 'SAH', 'S-ADENOSYLHOMOCYSTEINE', 'SAH', 'SAH', 'SAH', 'SAH', 'SAH', 'AdoHcy', '4; AdoHcy', 'L-SAH', 'S-adenosyl-L-homocysteine', 'SAH', '5', '1, AdoHcy', 'S-adenosyl-L-homocysteine', 'SAH', 'L-SAH', 'SAH', 'SAH', 'BDBM50009672', 'SAH', 'SAH', 'BDBM50009672', 'SAH', 'SAH', '1, SAH', 'SAH', 'SAH', 'SAH', '1; SAH', 'SAH', 'SAM', 'SAH', 'SAH', 'SAH', 'SAH', 'SAH', 'SAH', 'SAH', 'S-ADENOSYLHOMOCYSTEINE', 'SAH', 'SAH', 'SAH', 'SAH', 'SAH', 'SAH', 'SAH']","['2-Amino-4-[5-(6-amino-purin-9-yl)-3,4-dihydroxy-tetrahydro-furan-2-ylmethylsulfanyl]-butyric acid (SAH)', '(S)-2-amino-4-(((2S,3S,4R,5R)-5-(6-amino-9H-purin-9-yl)-3,4-dihydroxytetrahydrofuran-2-yl)methylthio)butanoic acid', 'S-adenosyl-L-homocysteine', 'S-adenosylhomocysteine', '2-amino-4-[5-(6-amino-9H-9-purinyl)-3,4-dihydroxy-(2S,3S,4R,5R)-tetrahydro-2-furanylmethylsulfonio]butanoate', '(S)-2-Amino-4-[(2S,3S,4R,5R)-5-(6-amino-purin-9-yl)-3,4-dihydroxy-tetrahydro-furan-2-ylmethylsulfanyl]-butyric acid', '2-Amino-4-[5-(6-amino-purin-9-yl)-3,4-dihydroxy-tetrahydro-furan-2-ylmethylsulfanyl]-butyric acid', '2-Amino-4-[(2S,3S,4R,5R)-5-(6-amino-purin-9-yl)-3,4-dihydroxy-tetrahydro-furan-2-ylmethylsulfanyl]-butyric acid', '(S)-2-amino-4-(((2S,3S,4R,5R)-5-(6-amino-9H-purin-9-yl)-3,4-dihydroxytetrahydrofuran-2-yl)methylthio)butanoic acid', '4-[5-(6-amino-9H-9-purinyl)-3,4-dihydroxy-(3S,4R)-tetrahydro-2-furanylmethylsulfanyl]-2-ammonio-(2S)-butanoate', 'S-Adenosyl homocysteine', '(+/-)-2-amino-4-(((2S,3S,4R,5R)-5-(6-amino-9H-purin-9-yl)-3,4-dihydroxy-tetrahydrofuran-2-yl)methylthio)butanoic acid', 'S-Adenosylhomocysteine', AdoHcy::CHEMBL418052::S-(5'-adenosyl)-L-homocysteine::S-(5'-deoxyadenosin-5'-yl)-L-homocysteine::S-[1-(adenin-9-yl)-1,5-dideoxy-beta-D-ribofuranos-5-yl]-L-homocysteine::S-adenosyl-L-homocysteine::SAH::US8895245, S-Adenosyl-L-homocysteine (SAH)::US9175331, 1::US9333217, S-Adenosyl-L-homocysteine (SAH)"", 'S-adenosyl-D-homocysteine', 'S-adenosyl-L-homocysteine', 'S-adenosyl-L-homocysteine', 'S-ADENOSYLHOMOCYSTEINE', 'S-adenosyl-L-homocysteine', 'S-adenosylhomocysteine', 'S-adenosyl-L-homocysteine', 'S-adenosyl-L-homocysteine', 'S-adenosylhomocysteine', 'S-adenosylhomocysteine', '(S)-2-amino-4-(((2S,3S,4R,5R)-5-(6-amino-9H-purin-9-yl)-3,4-dihydroxytetrahydrofuran-2-yl)methylthio)butanoic acid', 'S-adenosyl-L-homocysteine', '(S)-2-Amino-4-[(2S,3S,4R,5R)-5-(6-amino-purin-9-yl)-3,4-dihydroxy-tetrahydro-furan-2-ylmethylsulfanyl]-butyric acid', '(S)-2-amino-4-(((2S,3S,4R,5R)-5-(6-amino-9H-purin-9-yl)-3,4-dihydroxytetrahydrofuran-2-yl)methylthio)butanoic acid', 'L-2-Amino-4-[5-(6-amino-purin-9-yl)-3,4-dihydroxy-tetrahydro-furan-2-ylmethylsulfanyl]-butyric acid', 'S-adenosyl-homocysteine', 'S-adenosyl-L-homocysteine', ""S-(5'-Adenosyl)-L-homocysteine"", '(L-)-S-adenosyl-L-homocysteine', 'S-adenosyl-L-homocysteine', 'S-adenosyl homocysteine', ""AdoHcy::CHEMBL418052::S-(5'-adenosyl)-L-homocysteine::S-(5'-deoxyadenosin-5'-yl)-L-homocysteine::S-[1-(adenin-9-yl)-1,5-dideoxy-beta-D-ribofuranos-5-yl]-L-homocysteine::S-adenosyl-L-homocysteine::SAH::US8895245, S-Adenosyl-L-homocysteine (SAH)::US9175331, 1::US9333217, S-Adenosyl-L-homocysteine (SAH)"", 'S-adenosyl homocysteine', 'S-Adenosylhomocysteine', ""AdoHcy::CHEMBL418052::S-(5'-adenosyl)-L-homocysteine::S-(5'-deoxyadenosin-5'-yl)-L-homocysteine::S-[1-(adenin-9-yl)-1,5-dideoxy-beta-D-ribofuranos-5-yl]-L-homocysteine::S-adenosyl-L-homocysteine::SAH::US8895245, S-Adenosyl-L-homocysteine (SAH)::US9175331, 1::US9333217, S-Adenosyl-L-homocysteine (SAH)"", 'S-adenosyl-L-homocysteine', 'S-adenosyl-L-homocysteine', 'S-adenosyl-L-homocysteine', 'S-adenosylhomocysteine', '(2S)-2-amino-4-[[(2S,3S,4R,5R)-5-(6-aminopurin-9-yl)-3,4-dihydroxy-tetrahydrofuran-2-yl]methylsulfanyl]butanoic acid', 'S-adenosine homocysteine', 'S-Adenosyl-L-homocysteine', 'S-adenosyl homocysteine', '(S)-2-amino-4-(((2S,3S,4R,5R)-5-(6-amino-9H-purin-9-yl)-3,4-dihydroxytetrahydrofuran-2-yl)methylthio)butanoic acid', 'S-adenosylhomocysteine', 'S-Adenosyl-L-homocystein', 'S-adenosyl-L-homocysteine', ""S-(5'-adenosyl)-L-homocysteine"", 'S-adenosyl-L-homocysteine', 'S-Adenosyl homocysteine', 'S-adenosyl-L-homocysteine', 'S-ADENOSYLHOMOCYSTEINE', '(2S)-2-amino-4-[[(2S,3S,4R,5R)-5-(6-aminopurin-9-yl)-3,4-dihydroxy-tetrahydrofuran-2-yl]methylsulfanyl]butanoic acid', 'S-adenosyl-L-homocysteine', 'S-Adenosylhomocysteine', 'S-adenosyl-L-homocysteine', 'S-adenosyl-l-homocysteine', 'S-adenosyl-L-homocysteine', '(2S)-2-amino-4-[[(2S,3S,4R,5R)-5-(6-aminopurin-9-yl)-3,4-dihydroxy-tetrahydrofuran-2-yl]methylsulfanyl]butanoic acid']"""
CHEMBL5401031,,,,,385.85,1,1,2.15,79.37,5.0,1.0,0.0,4.0,N,0.8,1.0,MOL,-1,27.0,-0.28,C20H20ClN3O3,CC#CC(=O)NCCC1CCN(C2=C(Cl)C(=O)c3ncccc3C2=O)CC1,IPXXLQJVFJIFFC-UHFFFAOYSA-N,"InChI=1S/C20H20ClN3O3/c1-2-4-15(25)22-10-6-13-7-11-24(12-8-13)18-16(21)20(27)17-14(19(18)26)5-3-9-23-17/h3,5,9,13H,6-8,10-12H2,1H3,(H,22,25)",False,-1,['15l'],"['N-(2-(1-(7-chloro-5,8-dioxo-5,8-dihydroquinolin-6-yl)piperidin-4-yl)ethyl)but-2-ynamide']"
CHEMBL1462779,,,Small molecule,,385.58,18,28,4.18,43.76,4.0,2.0,0.0,7.0,N,0.43,2.0,MOL,-1,27.0,-1.84,C21H31N5S,CCN(CC)CCN=C(S)Nc1ccc2nc(N3CCCC3)cc(C)c2c1,OIWVPWJASBFTOV-UHFFFAOYSA-N,"InChI=1S/C21H31N5S/c1-4-25(5-2)13-10-22-21(27)23-17-8-9-19-18(15-17)16(3)14-20(24-19)26-11-6-7-12-26/h8-9,14-15H,4-7,10-13H2,1-3H3,(H2,22,23,27)",False,-1,['SID24814096'],['SID24814096']
CHEMBL1714335,,,Small molecule,,968.85,101,118,13.59,127.2,12.0,2.0,3.0,15.0,N,0.07,4.0,MOL,-1,58.0,-0.15,C40H26Cl4O8S6,Cc1ccccc1C1=C/C(=C(\SS/C(C(=O)c2ccc(OCC(=O)O)c(Cl)c2Cl)=C2\C=C(c3ccccc3C)SS2)C(=O)c2ccc(OCC(=O)O)c(Cl)c2Cl)SS1,USTZDWIBEMKHEZ-NXRKLTDKSA-N,"InChI=1S/C40H26Cl4O8S6/c1-19-7-3-5-9-21(19)27-15-29(55-53-27)39(37(49)23-11-13-25(35(43)33(23)41)51-17-31(45)46)57-58-40(30-16-28(54-56-30)22-10-6-4-8-20(22)2)38(50)24-12-14-26(36(44)34(24)42)52-18-32(47)48/h3-16H,17-18H2,1-2H3,(H,45,46)(H,47,48)/b39-29+,40-30+",False,-1,"['SID92763732', 'SID500674']","['SID92763732', 'SID500674']"
CHEMBL1604189,,,Small molecule,,325.39,29,40,3.93,70.42,5.0,2.0,0.0,4.0,N,0.43,3.0,MOL,-1,23.0,-0.78,C18H15NO3S,Cc1cc(SCC(=O)c2ccc(O)c(O)c2)nc2ccccc12,NDUNCUKJSWCQAS-UHFFFAOYSA-N,"InChI=1S/C18H15NO3S/c1-11-8-18(19-14-5-3-2-4-13(11)14)23-10-17(22)12-6-7-15(20)16(21)9-12/h2-9,20-21H,10H2,1H3",False,-1,['SID24780921'],['SID24780921']
CHEMBL131199,,,Small molecule,,324.77,27,35,3.19,59.06,4.0,1.0,0.0,2.0,N,0.92,2.0,MOL,-1,23.0,-0.23,C18H13ClN2O2,O=C1C(Cl)=C(NC2CCc3ccccc32)C(=O)c2ncccc21,QNVSFGNOGHOYKE-UHFFFAOYSA-N,"InChI=1S/C18H13ClN2O2/c19-14-16(18(23)15-12(17(14)22)6-3-9-20-15)21-13-8-7-10-4-1-2-5-11(10)13/h1-6,9,13,21H,7-8H2",False,-1,"['DA3100', 'SID17385379', '11b']","['6-Chloro-7-(indan-1-ylamino)-quinoline-5,8-dione', 'SID17385379', '6-chloro-7-((2,3-dihydro-1H-inden-1-yl)amino)quinoline-5,8-dione']"
CHEMBL1902352,,,Small molecule,,461.61,11,21,4.71,62.75,7.0,1.0,0.0,7.0,N,0.55,3.0,MOL,-1,34.0,-1.18,C27H35N5O2,COc1cc2nc(N3CCCCC3)nc(NC3CCN(Cc4ccccc4)CC3)c2cc1OC,SRRRFZBOHFCCKT-UHFFFAOYSA-N,"InChI=1S/C27H35N5O2/c1-33-24-17-22-23(18-25(24)34-2)29-27(32-13-7-4-8-14-32)30-26(22)28-21-11-15-31(16-12-21)19-20-9-5-3-6-10-20/h3,5-6,9-10,17-18,21H,4,7-8,11-16,19H2,1-2H3,(H,28,29,30)",False,-1,"['3, HKMTI-1-022', '10; HKMTI-1-022', 'SID124896673', '9']","['N-(1-benzylpiperidin-4-yl)-6,7-dimethoxy-2-(piperidin-1-yl)quinazolin-4-amine', 'N-(1-benzylpiperidin-4-yl)-6,7-dimethoxy-2-(piperidin-1-yl)quinazolin-4-amine', 'SID124896673', 'N-(1-Benzylpiperidin-4-yl)-6,7-dimethoxy-2-(piperidin-1-yl)-quinazolin-4-amine']"
CHEMBL1566994,,,Small molecule,,459.51,49,62,2.41,135.45,8.0,3.0,0.0,7.0,N,0.36,3.0,MOL,-1,31.0,-2.05,C19H17N5O5S2,COc1cc(NS(=O)(=O)c2ccc(NC(=S)NC(=O)/C=C/c3ccco3)cc2)ncn1,PPYMPELJQZQIBQ-RMKNXTFCSA-N,"InChI=1S/C19H17N5O5S2/c1-28-18-11-16(20-12-21-18)24-31(26,27)15-7-4-13(5-8-15)22-19(30)23-17(25)9-6-14-3-2-10-29-14/h2-12H,1H3,(H,20,21,24)(H2,22,23,25,30)/b9-6+",False,-1,['SID24780599'],['SID24780599']
CHEMBL1373655,,,Small molecule,,322.32,55,75,3.34,83.11,4.0,1.0,0.0,4.0,N,0.88,2.0,MOL,-1,24.0,-1.21,C18H14N2O4,CC1=NN(c2cccc(C(=O)O)c2)C(=O)/C1=C\C=C\c1ccco1,ZGIGSXLLYRZRLX-NCEJDAPFSA-N,"InChI=1S/C18H14N2O4/c1-12-16(9-3-7-15-8-4-10-24-15)17(21)20(19-12)14-6-2-5-13(11-14)18(22)23/h2-11H,1H3,(H,22,23)/b7-3+,16-9-",False,-1,['SID14727861'],['SID14727861']
CHEMBL1415540,,,Small molecule,,472.34,18,20,2.09,128.76,7.0,4.0,0.0,5.0,N,0.39,2.0,MOL,-1,29.0,-2.03,C16H11Cl2N5O4S2,O=C1NC(=S)NC(=O)C1=NNc1cc(S(=O)(=O)Nc2ccc(Cl)cc2)ccc1Cl,NNIHFQYXTMYODO-UHFFFAOYSA-N,"InChI=1S/C16H11Cl2N5O4S2/c17-8-1-3-9(4-2-8)23-29(26,27)10-5-6-11(18)12(7-10)21-22-13-14(24)19-16(28)20-15(13)25/h1-7,21,23H,(H2,19,20,24,25,28)",False,-1,['SID57262661'],['SID57262661']
CHEMBL5592600,,,,,423.56,2,2,3.49,73.65,7.0,1.0,0.0,8.0,N,0.65,2.0,MOL,-1,31.0,-1.1,C24H33N5O2,COc1cc2c(NC3CCN(C)CC3)cc(C#N)nc2cc1OCCCN1CCCC1,DCCAQKTZHJSEKP-UHFFFAOYSA-N,"InChI=1S/C24H33N5O2/c1-28-11-6-18(7-12-28)26-21-14-19(17-25)27-22-16-24(23(30-2)15-20(21)22)31-13-5-10-29-8-3-4-9-29/h14-16,18H,3-13H2,1-2H3,(H,26,27)",False,-1,['26'],['6-methoxy-4-((1-methylpiperidin-4-yl)amino)-7-(3-(pyrrolidin-1-yl)propoxy)quinoline-2-carbonitrile']
CHEMBL1542693,,,Small molecule,,424.48,46,71,1.83,100.62,6.0,1.0,0.0,4.0,N,0.8,2.0,MOL,-1,30.0,-1.09,C22H20N2O5S,CN(C1=C(NC(=O)c2ccccc2)C(=O)c2ccccc2C1=O)C1CCS(=O)(=O)C1,AHASJIZTACJIMC-UHFFFAOYSA-N,"InChI=1S/C22H20N2O5S/c1-24(15-11-12-30(28,29)13-15)19-18(23-22(27)14-7-3-2-4-8-14)20(25)16-9-5-6-10-17(16)21(19)26/h2-10,15H,11-13H2,1H3,(H,23,27)",False,-1,"['SID87337062', 'SID22404901', 'MMV1287932']","['SID87337062', 'SID22404901', 'MMV1287932']"
CHEMBL1736964,,,Small molecule,,360.41,10,16,0.03,98.36,6.0,2.0,0.0,8.0,N,0.47,0.0,MOL,-1,26.0,-0.31,C18H24N4O4,CCCC(=O)NC1=C(N2CC2)C(=O)C(NC(=O)CCC)=C(N2CC2)C1=O,NXGVCPVLNVWSJF-UHFFFAOYSA-N,"InChI=1S/C18H24N4O4/c1-3-5-11(23)19-13-15(21-7-8-21)18(26)14(20-12(24)6-4-2)16(17(13)25)22-9-10-22/h3-10H2,1-2H3,(H,19,23)(H,20,24)",False,-1,['SID89850956'],['SID89850956']
CHEMBL4877262,,,Unknown,,262.31,1,1,3.16,41.99,2.0,1.0,0.0,3.0,N,0.79,3.0,MOL,-1,20.0,-1.46,C17H14N2O,O=C(NCc1ccccc1)c1cccc2ncccc12,WZPIQCSTPPXCPW-UHFFFAOYSA-N,"InChI=1S/C17H14N2O/c20-17(19-12-13-6-2-1-3-7-13)15-8-4-10-16-14(15)9-5-11-18-16/h1-11H,12H2,(H,19,20)",False,-1,['9b'],['N-benzylquinoline-5-carboxamide']
CHEMBL5562663,,,,,438.49,2,4,4.65,85.25,5.0,2.0,0.0,4.0,N,0.49,4.0,MOL,-1,33.0,-1.16,C26H22N4O3,Cc1ccc(C(=O)Nc2ccccc2)cc1-c1ncn(C)c1-c1ccc2c(c1)OCC(=O)N2,IRSPYYYZACJWSE-UHFFFAOYSA-N,"InChI=1S/C26H22N4O3/c1-16-8-9-18(26(32)28-19-6-4-3-5-7-19)12-20(16)24-25(30(2)15-27-24)17-10-11-21-22(13-17)33-14-23(31)29-21/h3-13,15H,14H2,1-2H3,(H,28,32)(H,29,31)",False,-1,['18'],"['4-Methyl-3-(1-methyl-5-(3-oxo-3,4-dihydro-2H-benzo[b][1,4]oxazin-7-yl)-1H-imidazol-4-yl)-N-phenylbenzamide']"
CHEMBL1563861,,,Small molecule,,299.36,43,64,3.67,78.27,6.0,3.0,0.0,3.0,N,0.64,3.0,MOL,-1,21.0,-1.22,C15H13N3O2S,Cc1cccnc1Nc1nc(-c2ccc(O)c(O)c2)cs1,UPHYVKGODXLYCF-UHFFFAOYSA-N,"InChI=1S/C15H13N3O2S/c1-9-3-2-6-16-14(9)18-15-17-11(8-21-15)10-4-5-12(19)13(20)7-10/h2-8,19-20H,1H3,(H,16,17,18)",False,-1,['SID14723036'],['SID14723036']
CHEMBL5402955,,,,,383.78,1,1,2.0,79.37,5.0,1.0,0.0,5.0,N,0.84,1.0,MOL,-1,26.0,-0.63,C17H16ClF2N3O3,CC(F)(F)C(=O)NCCC1CN(C2=C(Cl)C(=O)c3ncccc3C2=O)C1,BYHKKNJHHWHCQV-UHFFFAOYSA-N,"InChI=1S/C17H16ClF2N3O3/c1-17(19,20)16(26)22-6-4-9-7-23(8-9)13-11(18)15(25)12-10(14(13)24)3-2-5-21-12/h2-3,5,9H,4,6-8H2,1H3,(H,22,26)",False,-1,['15m'],"['N-(2-(1-(7-chloro-5,8-dioxo-5,8-dihydroquinolin-6-yl)azetidin-3-yl)ethyl)-2,2-difluoropropanamide']"
CHEMBL1377031,,,Small molecule,,365.52,17,22,3.99,18.95,4.0,0.0,0.0,7.0,N,0.74,2.0,MOL,-1,27.0,-1.25,C23H31N3O,CCOc1ccccc1N1CCN(C/C=C/c2ccc(N(C)C)cc2)CC1,GOOLXMPLDKAKES-BQYQJAHWSA-N,"InChI=1S/C23H31N3O/c1-4-27-23-10-6-5-9-22(23)26-18-16-25(17-19-26)15-7-8-20-11-13-21(14-12-20)24(2)3/h5-14H,4,15-19H2,1-3H3/b8-7+",False,-1,['SID14734817'],['SID14734817']
CHEMBL5192019,,,,,352.44,1,1,4.98,67.63,4.0,1.0,0.0,2.0,N,0.52,4.0,MOL,-1,27.0,-0.69,C23H20N4,Cc1cc(N)cc(C)c1-c1ncn(C)c1-c1ccc(C#N)c2ccccc12,GDUWTNSBKPOWRR-UHFFFAOYSA-N,"InChI=1S/C23H20N4/c1-14-10-17(25)11-15(2)21(14)22-23(27(3)13-26-22)20-9-8-16(12-24)18-6-4-5-7-19(18)20/h4-11,13H,25H2,1-3H3",False,-1,['27'],"['4-(4-(4-amino-2,6-dimethylphenyl)-1-methyl-1H-imidazol-5-yl)-1-naphthonitrile']"
CHEMBL4858477,,,Unknown,,482.48,1,1,3.82,61.44,4.0,2.0,0.0,6.0,N,0.65,3.0,MOL,-1,29.0,-1.34,C23H29Cl2N3O2S,CN1CCC(Nc2cccc3c(S(=O)(=O)NCc4ccccc4)cccc23)CC1.Cl.Cl,VZENSMFUIBEPBV-UHFFFAOYSA-N,"InChI=1S/C23H27N3O2S.2ClH/c1-26-15-13-19(14-16-26)25-22-11-5-10-21-20(22)9-6-12-23(21)29(27,28)24-17-18-7-3-2-4-8-18;;/h2-12,19,24-25H,13-17H2,1H3;2*1H",False,-1,['11x'],['N-benzyl-5-(1-methylpiperidin-4-ylamino)naphthalene-1-sulfonamide dihydrochloride']
CHEMBL5172625,,,,,288.35,1,1,3.08,67.63,4.0,1.0,0.0,3.0,N,0.8,3.0,MOL,-1,22.0,-1.01,C18H16N4,Cn1cnc(-c2ccc(CN)cc2)c1-c1ccc(C#N)cc1,VDIASFAQDJQIPM-UHFFFAOYSA-N,"InChI=1S/C18H16N4/c1-22-12-21-17(15-6-2-13(10-19)3-7-15)18(22)16-8-4-14(11-20)5-9-16/h2-9,12H,10,19H2,1H3",False,-1,['7'],['4-(4-(4-(aminomethyl)phenyl)-1-methyl-1H-imidazol-5-yl)benzonitrile']
CHEMBL5194309,,,,,306.34,1,1,3.22,67.63,4.0,1.0,0.0,3.0,N,0.81,3.0,MOL,-1,23.0,-1.27,C18H15FN4,Cn1cnc(-c2ccc(CN)cc2F)c1-c1ccc(C#N)cc1,SNEMVSDCWLRRNB-UHFFFAOYSA-N,"InChI=1S/C18H15FN4/c1-23-11-22-17(15-7-4-13(10-21)8-16(15)19)18(23)14-5-2-12(9-20)3-6-14/h2-8,11H,10,21H2,1H3",False,-1,['9'],['4-(4-(4-(aminomethyl)-2-fluorophenyl)-1-methyl-1H-imidazol-5-yl)benzonitrile']
CHEMBL71466,,,Small molecule,,223.62,17,23,1.64,56.26,4.0,0.0,0.0,1.0,N,0.68,1.0,MOL,-1,15.0,1.02,C10H6ClNO3,COC1=CC(=O)c2nc(Cl)ccc2C1=O,FJEPCSBUTWZVLD-UHFFFAOYSA-N,"InChI=1S/C10H6ClNO3/c1-15-7-4-6(13)9-5(10(7)14)2-3-8(11)12-9/h2-4H,1H3",False,-1,"['2b', 'SID121283614']","['2-Chloro-6-methoxy-quinoline-5,8-dione', 'SID121283614']"
CHEMBL1310309,,,Small molecule,,385.45,47,63,3.36,97.47,8.0,2.0,0.0,7.0,N,0.37,3.0,MOL,-1,27.0,-1.41,C19H19N3O4S,CCn1c(SCC(=O)c2ccc(O)c(O)c2)nnc1-c1ccccc1OC,KTFYHNZFXSDSOV-UHFFFAOYSA-N,"InChI=1S/C19H19N3O4S/c1-3-22-18(13-6-4-5-7-17(13)26-2)20-21-19(22)27-11-16(25)12-8-9-14(23)15(24)10-12/h4-10,23-24H,3,11H2,1-2H3",False,-1,"['SID863926', 'SID87346466']","['SID863926', 'SID87346466']"
CHEMBL1982305,,,Small molecule,,446.48,46,72,4.06,112.9,5.0,2.0,0.0,5.0,N,0.61,3.0,MOL,-1,32.0,-0.84,C24H18N2O5S,Cc1ccc(S(=O)(=O)/N=C2\C=C(Nc3cccc(C(=O)O)c3)C(=O)c3ccccc32)cc1,DMZUKUUYYIHXNG-YYADALCUSA-N,"InChI=1S/C24H18N2O5S/c1-15-9-11-18(12-10-15)32(30,31)26-21-14-22(23(27)20-8-3-2-7-19(20)21)25-17-6-4-5-16(13-17)24(28)29/h2-14,25H,1H3,(H,28,29)/b26-21+",False,-1,['SID49716183'],['SID49716183']
CHEMBL1484139,,,Small molecule,,238.33,38,52,3.45,6.48,2.0,0.0,0.0,1.0,N,0.75,2.0,MOL,-1,18.0,0.11,C16H18N2,CN1c2ccccc2N(C)C1(C)c1ccccc1,KRRQMNKTLOKWBN-UHFFFAOYSA-N,"InChI=1S/C16H18N2/c1-16(13-9-5-4-6-10-13)17(2)14-11-7-8-12-15(14)18(16)3/h4-12H,1-3H3",False,-1,['SID17507112'],['SID17507112']
CHEMBL4789766,,,Unknown,,282.37,1,2,3.6,44.1,3.0,0.0,0.0,2.0,N,0.84,2.0,MOL,-1,20.0,-2.18,C16H14N2OS,N#Cc1ccc(C(=O)N2CCCC2c2ccsc2)cc1,ZPPBIPYUGJCEQA-UHFFFAOYSA-N,"InChI=1S/C16H14N2OS/c17-10-12-3-5-13(6-4-12)16(19)18-8-1-2-15(18)14-7-9-20-11-14/h3-7,9,11,15H,1-2,8H2",False,-1,['2e'],['4-(2-(thiophen-3-yl)pyrrolidine-1-carbonyl)benzonitrile']
CHEMBL1352624,,,Small molecule,,376.37,37,44,3.88,108.64,4.0,3.0,0.0,6.0,N,0.57,3.0,MOL,-1,28.0,-1.3,C21H16N2O5,O=C(/C=C/c1ccco1)Nc1cccc(C(=O)Nc2ccccc2C(=O)O)c1,OJLSHCIZPDKONY-ZHACJKMWSA-N,"InChI=1S/C21H16N2O5/c24-19(11-10-16-7-4-12-28-16)22-15-6-3-5-14(13-15)20(25)23-18-9-2-1-8-17(18)21(26)27/h1-13H,(H,22,24)(H,23,25)(H,26,27)/b11-10+",False,-1,['SID26664202'],['SID26664202']
CHEMBL4858012,,,Unknown,,366.85,1,1,3.04,72.19,3.0,2.0,0.0,4.0,N,0.72,3.0,MOL,-1,23.0,-1.43,C17H16ClFN2O2S,Cl.Nc1cccc2c(S(=O)(=O)NCc3ccc(F)cc3)cccc12,COTNVOBELXDQOS-UHFFFAOYSA-N,"InChI=1S/C17H15FN2O2S.ClH/c18-13-9-7-12(8-10-13)11-20-23(21,22)17-6-2-3-14-15(17)4-1-5-16(14)19;/h1-10,20H,11,19H2;1H",False,-1,['11c'],['5-Amino-N-(4-fluorobenzyl)naphthalene-1-sulfonamide hydrochloride']
CHEMBL1398855,,,Small molecule,,264.31,37,50,2.26,92.42,4.0,3.0,0.0,3.0,N,0.58,2.0,MOL,-1,18.0,-0.83,C12H12N2O3S,Nc1ccc(Nc2ccccc2)c(S(=O)(=O)O)c1,HYLOSPCJTPLXSF-UHFFFAOYSA-N,"InChI=1S/C12H12N2O3S/c13-9-6-7-11(12(8-9)18(15,16)17)14-10-4-2-1-3-5-10/h1-8,14H,13H2,(H,15,16,17)",False,-1,"['0015359:01', 'SID26666043']","['CO-ADD:0136226', 'SID26666043']"
CHEMBL4850576,,,Unknown,,373.87,1,1,2.77,95.98,4.0,2.0,0.0,4.0,N,0.72,3.0,MOL,-1,24.0,-1.45,C18H16ClN3O2S,Cl.N#Cc1ccc(CNS(=O)(=O)c2cccc3c(N)cccc23)cc1,JRONXWACAFQJNS-UHFFFAOYSA-N,"InChI=1S/C18H15N3O2S.ClH/c19-11-13-7-9-14(10-8-13)12-21-24(22,23)18-6-2-3-15-16(18)4-1-5-17(15)20;/h1-10,21H,12,20H2;1H",False,-1,['11f'],['5-Amino-N-(4-cyanobenzyl)naphthalene-1-sulfonamide hydrochloride']
CHEMBL1530440,,,Small molecule,,257.33,36,40,3.64,49.33,2.0,2.0,0.0,3.0,N,0.81,1.0,MOL,-1,19.0,0.39,C16H19NO2,CCCC1Nc2ccc(C(=O)O)cc2C2C=CCC12,XFIGYHUNCNSWNJ-UHFFFAOYSA-N,"InChI=1S/C16H19NO2/c1-2-4-14-12-6-3-5-11(12)13-9-10(16(18)19)7-8-15(13)17-14/h3,5,7-9,11-12,14,17H,2,4,6H2,1H3,(H,18,19)",False,-1,['SID22415016'],['SID22415016']
CHEMBL1588052,,,Small molecule,,432.48,41,51,3.3,120.08,7.0,3.0,0.0,7.0,N,0.35,2.0,MOL,-1,29.0,-1.56,C19H16N2O6S2,O=C(CCCN1C(=O)/C(=C\c2ccco2)SC1=S)Nc1ccc(O)cc1C(=O)O,SJAODNWOLMTPGC-XNTDXEJSSA-N,"InChI=1S/C19H16N2O6S2/c22-11-5-6-14(13(9-11)18(25)26)20-16(23)4-1-7-21-17(24)15(29-19(21)28)10-12-3-2-8-27-12/h2-3,5-6,8-10,22H,1,4,7H2,(H,20,23)(H,25,26)/b15-10+",False,-1,['SID49823061'],['SID49823061']
CHEMBL5904536,,,,,512.6,1,3,2.93,129.59,10.0,2.0,1.0,6.0,N,0.36,5.0,MOL,-1,38.0,-1.1,C27H29FN10,Cn1ccc(C[C@@]2(N)CCCN(c3cnc(-c4ccc(F)cc4)cc3Cn3cnc4c(N)ncnc43)C2)n1,IKLHFPLLTONFHI-MHZLTWQESA-N,"InChI=1S/C27H29FN10/c1-36-10-7-21(35-36)12-27(30)8-2-9-37(15-27)23-13-31-22(18-3-5-20(28)6-4-18)11-19(23)14-38-17-34-24-25(29)32-16-33-26(24)38/h3-7,10-11,13,16-17H,2,8-9,12,14-15,30H2,1H3,(H2,29,32,33)/t27-/m0/s1",False,-1,['BDBM567848'],"['US11420970, Example 49']"
CHEMBL5992023,,,,,549.59,1,3,2.0,150.1,10.0,3.0,1.0,6.0,N,0.33,4.0,MOL,-1,40.0,-0.88,C27H29F2N9O2,Nc1ncnc2c1ncn2Cc1cc(-c2ccc(F)c(F)c2)ncc1N1CCCC(N)(C(=O)NC2CCOC2)C1,CWDGKHZJFSMFBP-UHFFFAOYSA-N,"InChI=1S/C27H29F2N9O2/c28-19-3-2-16(8-20(19)29)21-9-17(11-38-15-35-23-24(30)33-14-34-25(23)38)22(10-32-21)37-6-1-5-27(31,13-37)26(39)36-18-4-7-40-12-18/h2-3,8-10,14-15,18H,1,4-7,11-13,31H2,(H,36,39)(H2,30,33,34)",False,-1,['BDBM567884'],"['US11420970, Example 85']"
CHEMBL3183391,,,Small molecule,,480.57,36,43,3.49,109.74,5.0,1.0,0.0,6.0,N,0.58,3.0,MOL,-1,33.0,-0.93,C24H20N2O5S2,CCc1ccc(S(=O)(=O)/N=C2\C=C(NS(=O)(=O)c3ccccc3)C(=O)c3ccccc32)cc1,BVHFEGZKDGKGSM-YYDJUVGSSA-N,"InChI=1S/C24H20N2O5S2/c1-2-17-12-14-19(15-13-17)33(30,31)25-22-16-23(24(27)21-11-7-6-10-20(21)22)26-32(28,29)18-8-4-3-5-9-18/h3-16,26H,2H2,1H3/b25-22+",False,-1,"['SID81066100', 'SID50085906']","['SID81066100', 'SID50085906']"
CHEMBL5750600,,,,,548.99,1,3,3.69,137.55,10.0,2.0,1.0,5.0,N,0.34,5.0,MOL,-1,39.0,-1.07,C26H23ClF2N10,Nc1ncnc2c1ncn2Cc1cc(-c2ccc(F)c(F)c2)ncc1N1CCCC(N)(c2cncc(Cl)n2)C1,UHNGUXHGDOAATH-UHFFFAOYSA-N,"InChI=1S/C26H23ClF2N10/c27-22-10-32-9-21(37-22)26(31)4-1-5-38(12-26)20-8-33-19(15-2-3-17(28)18(29)6-15)7-16(20)11-39-14-36-23-24(30)34-13-35-25(23)39/h2-3,6-10,13-14H,1,4-5,11-12,31H2,(H2,30,34,35)",False,-1,['BDBM568052'],"['US11420970, Example 254']"
CHEMBL5790031,,,,,513.59,1,3,2.43,155.61,11.0,3.0,2.0,5.0,N,0.3,5.0,MOL,-1,38.0,-1.06,C26H28FN11,Cn1cc([C@@]2(N)CCCN(c3cnc(-c4ccc(N)c(F)c4)cc3Cn3cnc4c(N)ncnc43)C2)cn1,FUZARIGBMWEAKD-AREMUKBSSA-N,"InChI=1S/C26H28FN11/c1-36-12-18(9-35-36)26(30)5-2-6-37(13-26)22-10-31-21(16-3-4-20(28)19(27)7-16)8-17(22)11-38-15-34-23-24(29)32-14-33-25(23)38/h3-4,7-10,12,14-15H,2,5-6,11,13,28,30H2,1H3,(H2,29,32,33)/t26-/m1/s1",False,-1,['BDBM568067'],"['US11420970, Example 269']"
CHEMBL5997942,,,,,476.52,1,3,2.43,149.07,9.0,3.0,0.0,6.0,N,0.38,4.0,MOL,-1,35.0,-0.77,C24H25FN8O2,Nc1ncnc2c1ncn2Cc1cc(-c2cccc(F)c2)ncc1N1CCC[C@@](N)(CC(=O)O)C1,NODPKDWJJIWVKH-XMMPIXPASA-N,"InChI=1S/C24H25FN8O2/c25-17-4-1-3-15(7-17)18-8-16(11-33-14-31-21-22(26)29-13-30-23(21)33)19(10-28-18)32-6-2-5-24(27,12-32)9-20(34)35/h1,3-4,7-8,10,13-14H,2,5-6,9,11-12,27H2,(H,34,35)(H2,26,29,30)/t24-/m1/s1",False,-1,['BDBM567858'],"['US11420970, Example 59']"
CHEMBL5892541,,,,,521.58,1,3,2.57,132.08,9.0,2.0,1.0,6.0,N,0.4,4.0,MOL,-1,38.0,-1.09,C26H29F2N9O,CN(C)C(=O)CC1(N)CCCN(c2cnc(-c3ccc(F)c(F)c3)cc2Cn2cnc3c(N)ncnc32)C1,WKRXTRNHYJIKSK-UHFFFAOYSA-N,"InChI=1S/C26H29F2N9O/c1-35(2)22(38)10-26(30)6-3-7-36(13-26)21-11-31-20(16-4-5-18(27)19(28)8-16)9-17(21)12-37-15-34-23-24(29)32-14-33-25(23)37/h4-5,8-9,11,14-15H,3,6-7,10,12-13,30H2,1-2H3,(H2,29,32,33)",False,-1,['BDBM567867'],"['US11420970, Example 68']"
CHEMBL1558296,,,Small molecule,,345.4,13,21,3.73,21.26,2.0,1.0,0.0,7.0,N,0.76,2.0,MOL,-1,19.0,-0.28,C19H23NO5,CNCCCCOc1ccccc1-c1ccccc1.O=C(O)C(=O)O,SSZGTOXSNXBUNZ-UHFFFAOYSA-N,"InChI=1S/C17H21NO.C2H2O4/c1-18-13-7-8-14-19-17-12-6-5-11-16(17)15-9-3-2-4-10-15;3-1(4)2(5)6/h2-6,9-12,18H,7-8,13-14H2,1H3;(H,3,4)(H,5,6)",False,-1,['SID17504473'],['SID17504473']
CHEMBL5887033,,,,,503.59,1,3,2.43,132.08,9.0,2.0,1.0,6.0,N,0.41,4.0,MOL,-1,37.0,-1.01,C26H30FN9O,CN(C)C(=O)C[C@@]1(N)CCCN(c2cnc(-c3cccc(F)c3)cc2Cn2cnc3c(N)ncnc32)C1,MMJIJQPNVAOZLE-SANMLTNESA-N,"InChI=1S/C26H30FN9O/c1-34(2)22(37)11-26(29)7-4-8-35(14-26)21-12-30-20(17-5-3-6-19(27)9-17)10-18(21)13-36-16-33-23-24(28)31-15-32-25(23)36/h3,5-6,9-10,12,15-16H,4,7-8,11,13-14,29H2,1-2H3,(H2,28,31,32)/t26-/m0/s1",False,-1,['BDBM567869'],"['US11420970, Example 70']"
CHEMBL6063957,,,,,494.55,1,3,3.13,121.0,9.0,2.0,0.0,6.0,N,0.42,4.0,MOL,-1,36.0,-0.88,C25H28F2N8O,CO[C@@H](C)[C@@]1(N)CCCN(c2cnc(-c3ccc(F)c(F)c3)cc2Cn2cnc3c(N)ncnc32)C1,GSBRBMILDDIXOW-ODCWNRFASA-N,"InChI=1S/C25H28F2N8O/c1-15(36-2)25(29)6-3-7-34(12-25)21-10-30-20(16-4-5-18(26)19(27)8-16)9-17(21)11-35-14-33-22-23(28)31-13-32-24(22)35/h4-5,8-10,13-15H,3,6-7,11-12,29H2,1-2H3,(H2,28,31,32)/t15-,25+/m0/s1",False,-1,['BDBM567894'],"['US11420970, Example 95']"
CHEMBL5843575,,,,,448.51,1,3,2.59,121.0,9.0,2.0,0.0,5.0,N,0.48,4.0,MOL,-1,33.0,-0.98,C23H25FN8O,COc1ccc(-c2cc(Cn3cnc4c(N)ncnc43)c(N3CCC[C@@H](N)C3)cn2)c(F)c1,GVRCWKKEZZEBSP-OAHLLOKOSA-N,"InChI=1S/C23H25FN8O/c1-33-16-4-5-17(18(24)8-16)19-7-14(20(9-27-19)31-6-2-3-15(25)11-31)10-32-13-30-21-22(26)28-12-29-23(21)32/h4-5,7-9,12-13,15H,2-3,6,10-11,25H2,1H3,(H2,26,28,29)/t15-/m1/s1",False,-1,['BDBM567805'],"['US11420970, Example 6']"
CHEMBL5786123,,,,,518.6,1,3,3.14,130.23,10.0,2.0,1.0,8.0,N,0.36,4.0,MOL,-1,38.0,-0.62,C27H31FN8O2,COc1ccc(-c2cc(Cn3cnc4c(N)ncnc43)c(N3CCC[C@](N)(COC4CC4)C3)cn2)cc1F,GPTYHWNTLKIMDK-HHHXNRCGSA-N,"InChI=1S/C27H31FN8O2/c1-37-23-6-3-17(9-20(23)28)21-10-18(12-36-16-34-24-25(29)32-15-33-26(24)36)22(11-31-21)35-8-2-7-27(30,13-35)14-38-19-4-5-19/h3,6,9-11,15-16,19H,2,4-5,7-8,12-14,30H2,1H3,(H2,29,32,33)/t27-/m1/s1",False,-1,['BDBM567830'],"['US11420970, Example 31']"
CHEMBL1574857,,,Small molecule,,323.4,42,52,2.9,70.75,5.0,1.0,0.0,6.0,N,0.64,1.0,MOL,-1,21.0,-1.44,C14H13NO4S2,O=C(O)CCCN1C(=O)/C(=C/C=C/c2ccco2)SC1=S,HDZLAVLCJJTXIJ-PZXDNKHOSA-N,"InChI=1S/C14H13NO4S2/c16-12(17)7-2-8-15-13(18)11(21-14(15)20)6-1-4-10-5-3-9-19-10/h1,3-6,9H,2,7-8H2,(H,16,17)/b4-1+,11-6-",False,-1,['SID26663247'],['SID26663247']
CHEMBL1408320,,,Small molecule,,354.36,56,92,3.21,83.97,5.0,0.0,0.0,5.0,N,0.61,2.0,MOL,-1,26.0,-1.27,C19H18N2O5,CC(C)N1C(=O)/C(=C/C=C/c2ccco2)C(=O)N(Cc2ccco2)C1=O,NOFSRFCBRFFHJD-KJWHQMAJSA-N,"InChI=1S/C19H18N2O5/c1-13(2)21-18(23)16(9-3-6-14-7-4-10-25-14)17(22)20(19(21)24)12-15-8-5-11-26-15/h3-11,13H,12H2,1-2H3/b6-3+,16-9+",False,-1,['SID17406808'],['SID17406808']
CHEMBL1592490,,,Small molecule,,210.28,10,11,3.51,15.6,2.0,0.0,0.0,1.0,N,0.7,2.0,MOL,-1,16.0,-0.36,C14H14N2,CCc1ccc2cccc3c2c1N=CN3C,KSDXTGVBVLZEIX-UHFFFAOYSA-N,"InChI=1S/C14H14N2/c1-3-10-7-8-11-5-4-6-12-13(11)14(10)15-9-16(12)2/h4-9H,3H2,1-2H3",False,-1,['SID47195958'],['SID47195958']
CHEMBL5771947,,,,,544.99,1,3,3.1,141.23,10.0,3.0,1.0,7.0,N,0.32,4.0,MOL,-1,38.0,-0.68,C25H27ClF2N8O2,COc1ccc(-c2cc(Cn3cnc4c(N)ncnc43)c(N3CCC[C@](N)([C@H](O)C(F)F)C3)cn2)cc1Cl,HAUUVFIKNSTTCL-PXDATVDWSA-N,"InChI=1S/C25H27ClF2N8O2/c1-38-19-4-3-14(7-16(19)26)17-8-15(10-36-13-34-20-23(29)32-12-33-24(20)36)18(9-31-17)35-6-2-5-25(30,11-35)21(37)22(27)28/h3-4,7-9,12-13,21-22,37H,2,5-6,10-11,30H2,1H3,(H2,29,32,33)/t21-,25-/m1/s1",False,-1,['BDBM567924'],"['US11420970, Example 125']"
CHEMBL1599965,,,Small molecule,,319.74,47,64,2.31,74.68,4.0,1.0,0.0,2.0,N,0.91,1.0,MOL,-1,22.0,-0.34,C16H14ClNO4,O=C1C(Cl)=C(N2CCC(C(=O)O)CC2)C(=O)c2ccccc21,IDNPIBRUVOVNQA-UHFFFAOYSA-N,"InChI=1S/C16H14ClNO4/c17-12-13(18-7-5-9(6-8-18)16(21)22)15(20)11-4-2-1-3-10(11)14(12)19/h1-4,9H,5-8H2,(H,21,22)",False,-1,['SID26664204'],['SID26664204']
CHEMBL1504679,,,Small molecule,,291.31,53,73,3.35,92.93,4.0,3.0,0.0,2.0,N,0.5,3.0,MOL,-1,22.0,-0.91,C17H13N3O2,Cc1ccc2[nH]c(/C(C#N)=C/c3ccc(O)c(O)c3)nc2c1,BXDFTYGBSOXXIK-KPKJPENVSA-N,"InChI=1S/C17H13N3O2/c1-10-2-4-13-14(6-10)20-17(19-13)12(9-18)7-11-3-5-15(21)16(22)8-11/h2-8,21-22H,1H3,(H,19,20)/b12-7+",False,-1,"['SID49645303', 'DNDI1417156']","['SID49645303', 'DNDI1417156']"
CHEMBL3197600,,,Small molecule,,445.88,12,14,2.84,109.99,7.0,2.0,0.0,8.0,N,0.41,3.0,MOL,-1,30.0,-1.72,C20H16ClN3O5S,O=C(COc1ccccc1)N/N=C/c1sc(=O)n(Cc2cccc(C(=O)O)c2)c1Cl,RJCKYOPHCILSDY-LSHDLFTRSA-N,"InChI=1S/C20H16ClN3O5S/c21-18-16(10-22-23-17(25)12-29-15-7-2-1-3-8-15)30-20(28)24(18)11-13-5-4-6-14(9-13)19(26)27/h1-10H,11-12H2,(H,23,25)(H,26,27)/b22-10+",False,-1,['SID26658751'],['SID26658751']
CHEMBL1383632,,,Small molecule,,452.56,36,57,4.34,86.26,5.0,0.0,0.0,4.0,N,0.55,3.0,MOL,-1,31.0,-0.72,C23H20N2O4S2,CC(C)(C)c1cc[n+](C2=C([N-]S(=O)(=O)c3cccs3)C(=O)c3ccccc3C2=O)cc1,ZBTKOIIDPFROGY-UHFFFAOYSA-N,"InChI=1S/C23H20N2O4S2/c1-23(2,3)15-10-12-25(13-11-15)20-19(24-31(28,29)18-9-6-14-30-18)21(26)16-7-4-5-8-17(16)22(20)27/h4-14H,1-3H3",False,-1,['SID26661469'],['SID26661469']
CHEMBL4864181,,,Unknown,,431.0,1,1,5.06,58.2,3.0,2.0,1.0,6.0,N,0.61,3.0,MOL,-1,28.0,-1.21,C23H27ClN2O2S,Cl.O=S(=O)(NCc1ccccc1)c1cccc2c(NC3CCCCC3)cccc12,PQFBYQUOCMFKCX-UHFFFAOYSA-N,"InChI=1S/C23H26N2O2S.ClH/c26-28(27,24-17-18-9-3-1-4-10-18)23-16-8-13-20-21(23)14-7-15-22(20)25-19-11-5-2-6-12-19;/h1,3-4,7-10,13-16,19,24-25H,2,5-6,11-12,17H2;1H",False,-1,['11v'],['N-berizyl-5-(cyclohexylamino)naphthalene-1-sulfonamide hydrochloride']
CHEMBL3798468,,,Small molecule,,572.13,20,30,3.06,110.85,5.0,3.0,1.0,7.0,N,0.47,2.0,MOL,-1,39.0,-1.18,C28H34ClN5O4S,O=C1Cc2cc(C(=O)N[C@H]3C[C@H]4CC[C@@H](C3)N4S(=O)(=O)N3CCC(NCc4ccccc4)CC3)c(Cl)cc2N1,SSDPURPCLGSTBN-NUNAXRQHSA-N,"InChI=1S/C28H34ClN5O4S/c29-25-16-26-19(13-27(35)32-26)12-24(25)28(36)31-21-14-22-6-7-23(15-21)34(22)39(37,38)33-10-8-20(9-11-33)30-17-18-4-2-1-3-5-18/h1-5,12,16,20-23,30H,6-11,13-15,17H2,(H,31,36)(H,32,35)/t21-,22+,23-",False,-1,"['EPZ030456', 'Chemical probe: EPZ030456', 'BDBM378459']","['N-[(1R,3r,5S)-8-[4-(benzylamino)piperidine-1-sulfonyl]-8-azabicyclo[3.2.1]octan-3-yl]-6-chloro-2-oxo-2,3-dihydro-1H-indole-5-carboxamide', 'EPZ030456', 'N-((1R,3r,5S)-8-((4-(benzylamino)piperidin-1-yl)sulfonyl)-8-azabicyclo[3.2.1]octan-3-yl)-6-chloro-2-oxoindoline-5-carboxamide::US10266526, Compound 592']"
CHEMBL1611768,,,Small molecule,,366.89,19,24,4.12,25.24,3.0,0.0,0.0,4.0,N,0.56,3.0,MOL,-1,25.0,-0.44,C22H23ClN2O,Cc1c(CN(C)C)c2c(n1Cc1ccccc1)C(=O)c1ccccc1-2.Cl,WBFJIRSNRMTYJR-UHFFFAOYSA-N,"InChI=1S/C22H22N2O.ClH/c1-15-19(14-23(2)3)20-17-11-7-8-12-18(17)22(25)21(20)24(15)13-16-9-5-4-6-10-16;/h4-12H,13-14H2,1-3H3;1H",False,-1,['SID14725267'],['SID14725267']
CHEMBL1518104,,,Small molecule,,313.35,14,15,2.46,30.49,3.0,1.0,0.0,7.0,N,0.72,1.0,MOL,-1,16.0,-0.86,C15H23NO6,CNCCCOc1cccc(OC(C)C)c1.O=C(O)C(=O)O,QMZYKEUSJYYMLS-UHFFFAOYSA-N,"InChI=1S/C13H21NO2.C2H2O4/c1-11(2)16-13-7-4-6-12(10-13)15-9-5-8-14-3;3-1(4)2(5)6/h4,6-7,10-11,14H,5,8-9H2,1-3H3;(H,3,4)(H,5,6)",False,-1,['SID14731388'],['SID14731388']
CHEMBL1535216,,,Small molecule,,320.37,45,58,2.45,88.41,5.0,2.0,0.0,3.0,N,0.66,1.0,MOL,-1,22.0,-0.78,C15H16N2O4S,O=C1NC(=O)C(=Cc2ccc(SC3CCCCC3)o2)C(=O)N1,FWKDJZICUNRHMG-UHFFFAOYSA-N,"InChI=1S/C15H16N2O4S/c18-13-11(14(19)17-15(20)16-13)8-9-6-7-12(21-9)22-10-4-2-1-3-5-10/h6-8,10H,1-5H2,(H2,16,17,18,19,20)",False,-1,['SID24823859'],['SID24823859']
CHEMBL1613238,,,Small molecule,,430.33,69,102,4.38,7.12,1.0,0.0,0.0,4.0,N,0.65,3.0,MOL,-1,23.0,-0.3,C21H23IN2,CC[n+]1ccc(/C=C/c2ccc(N(C)C)cc2)c2ccccc21.[I-],JCZSVLFFRUHAFE-UHFFFAOYSA-M,"InChI=1S/C21H23N2.HI/c1-4-23-16-15-18(20-7-5-6-8-21(20)23)12-9-17-10-13-19(14-11-17)22(2)3;/h5-16H,4H2,1-3H3;1H/q+1;/p-1",False,-1,"['SID85274136', 'SID24804543']","['SID85274136', 'SID24804543']"
CHEMBL1986829,,,Small molecule,,415.32,67,72,2.68,60.37,6.0,0.0,0.0,3.0,N,0.54,4.0,MOL,-1,24.0,-1.18,C17H15BrN6S,Cc1nc(-[n+]2nc(-c3ccncc3)nn2-c2ccccc2)sc1C.[Br-],MWQYGERRFZWKHL-UHFFFAOYSA-M,"InChI=1S/C17H15N6S.BrH/c1-12-13(2)24-17(19-12)23-21-16(14-8-10-18-11-9-14)20-22(23)15-6-4-3-5-7-15;/h3-11H,1-2H3;1H/q+1;/p-1",False,-1,"['SID121286303', 'SID487252']","['SID121286303', 'SID487252']"
CHEMBL1571704,,,Small molecule,,434.43,36,45,4.43,113.06,7.0,2.0,0.0,4.0,N,0.58,3.0,MOL,-1,31.0,-1.08,C22H14N2O6S,N=C1S/C(=C\c2ccc(-c3ccccc3C(=O)O)o2)C(=O)N1c1ccc2c(c1)OCO2,HMHHYXVEIIMULW-ZSJQBNEXSA-N,"InChI=1S/C22H14N2O6S/c23-22-24(12-5-7-17-18(9-12)29-11-28-17)20(25)19(31-22)10-13-6-8-16(30-13)14-3-1-2-4-15(14)21(26)27/h1-10,23H,11H2,(H,26,27)/b19-10-,23-22?",False,-1,['SID24803697'],['SID24803697']
CHEMBL1488474,,,Small molecule,,331.33,42,60,3.19,106.24,5.0,3.0,0.0,3.0,N,0.39,3.0,MOL,-1,25.0,-0.83,C19H13N3O3,N#C/C(=C\c1ccc(O)c(O)c1)C(=O)Nc1cccc2ncccc12,NCKDSNIIFZTKKN-UKTHLTGXSA-N,"InChI=1S/C19H13N3O3/c20-11-13(9-12-6-7-17(23)18(24)10-12)19(25)22-16-5-1-4-15-14(16)3-2-8-21-15/h1-10,23-24H,(H,22,25)/b13-9+",False,-1,['SID49680534'],['SID49680534']
CHEMBL1451059,,,Small molecule,,280.41,47,60,2.78,46.94,4.0,2.0,0.0,8.0,N,0.72,1.0,MOL,-1,20.0,-0.24,C16H28N2O2,CCN(CC)Cc1cc(O)c(CN(CC)CC)cc1O,NVTLOLOYAHYCBL-UHFFFAOYSA-N,"InChI=1S/C16H28N2O2/c1-5-17(6-2)11-13-9-16(20)14(10-15(13)19)12-18(7-3)8-4/h9-10,19-20H,5-8,11-12H2,1-4H3",False,-1,['SID24837955'],['SID24837955']
CHEMBL210208,PYROGALLOL RED,,Small molecule,,400.36,66,86,2.93,145.27,7.0,4.0,0.0,2.0,N,0.23,2.0,MOL,-1,28.0,0.69,C19H12O8S,O=c1ccc2c(-c3ccccc3S(=O)(=O)O)c3ccc(O)c(O)c3oc-2c1O,JTZKNOUMMWIARI-UHFFFAOYSA-N,"InChI=1S/C19H12O8S/c20-12-7-5-10-15(9-3-1-2-4-14(9)28(24,25)26)11-6-8-13(21)17(23)19(11)27-18(10)16(12)22/h1-8,20,22-23H,(H,24,25,26)",False,-1,"['SID57264392', 'BU15', 'Pyrogallol red', 'PR', 'PR']","['SID57264392', '2-(4,5,6-trihydroxy-3-oxo-3H-xanthen-9-yl)benzenesulfonic acid', 'Pyrogallol red', 'pyrogallol red', 'Pyrogallol red']"
CHEMBL1580854,,,Small molecule,,288.33,8,8,2.89,79.29,4.0,2.0,0.0,4.0,N,0.9,2.0,MOL,-1,20.0,-1.32,C14H12N2O3S,CC(=O)Nc1ccc(Sc2ccccc2C(=O)O)cn1,FURRGCDQVWCZHU-UHFFFAOYSA-N,"InChI=1S/C14H12N2O3S/c1-9(17)16-13-7-6-10(8-15-13)20-12-5-3-2-4-11(12)14(18)19/h2-8H,1H3,(H,18,19)(H,15,16,17)",False,-1,['SID49679250'],['SID49679250']
CHEMBL1528737,,,Small molecule,,287.27,23,27,2.3,96.6,4.0,2.0,0.0,4.0,N,0.84,2.0,MOL,-1,21.0,-0.95,C15H13NO5,Cc1cc(C=O)c(C)n1-c1cc(C(=O)O)cc(C(=O)O)c1,NERVHJAUYJSQQN-UHFFFAOYSA-N,"InChI=1S/C15H13NO5/c1-8-3-12(7-17)9(2)16(8)13-5-10(14(18)19)4-11(6-13)15(20)21/h3-7H,1-2H3,(H,18,19)(H,20,21)",False,-1,['SID24794914'],['SID24794914']
CHEMBL1542895,,,Small molecule,,365.57,15,20,3.15,44.29,7.0,1.0,0.0,7.0,N,0.6,2.0,MOL,-1,24.0,-2.35,C17H27N5S2,CCN(CC)CCNc1nc(SC)nc2sc3c(c12)CCN(C)C3,YWNFILIWSMKDLW-UHFFFAOYSA-N,"InChI=1S/C17H27N5S2/c1-5-22(6-2)10-8-18-15-14-12-7-9-21(3)11-13(12)24-16(14)20-17(19-15)23-4/h5-11H2,1-4H3,(H,18,19,20)",False,-1,['SID49647406'],['SID49647406']
CHEMBL357992,,,Small molecule,,640.59,98,116,1.37,207.72,14.0,5.0,2.0,5.0,N,0.1,5.0,MOL,-1,46.0,1.55,C32H32O14,COC1C(O)C(C)OC(OC2C(Oc3cccc4c(O)c5c(=O)oc6ccc(C)c7c(=O)oc(c34)c5c67)OC(C)C(O)C2O)C1O,PONPPNYZKHNPKZ-UHFFFAOYSA-N,"InChI=1S/C32H32O14/c1-10-8-9-15-18-16(10)29(38)45-26-17-13(23(35)20(19(18)26)30(39)43-15)6-5-7-14(17)44-32-28(24(36)21(33)11(2)42-32)46-31-25(37)27(40-4)22(34)12(3)41-31/h5-9,11-12,21-22,24-25,27-28,31-37H,1-4H3",False,-1,"['SID124754291', 'SID92763927', '0005159:01', 'SID538981']","['SID124754291', 'SID92763927', 'CO-ADD:0137168', 'SID538981']"
CHEMBL4794545,,,Unknown,,251.33,1,2,3.66,20.31,1.0,0.0,0.0,2.0,N,0.8,2.0,MOL,-1,19.0,-0.98,C17H17NO,O=C(c1ccccc1)N1CCCC1c1ccccc1,VGLDPRMMLHHHPP-UHFFFAOYSA-N,"InChI=1S/C17H17NO/c19-17(15-10-5-2-6-11-15)18-13-7-12-16(18)14-8-3-1-4-9-14/h1-6,8-11,16H,7,12-13H2",False,-1,['2h'],['phenyl(2-phenylpyrrolidin-1-yl)methanone']
CHEMBL1723955,,,Small molecule,,311.77,59,85,3.35,46.17,3.0,1.0,0.0,4.0,N,0.94,2.0,MOL,-1,22.0,-0.24,C18H14ClNO2,O=C1C(Cl)=C(NCCc2ccccc2)C(=O)c2ccccc21,PNCKVMGGVODNEF-UHFFFAOYSA-N,"InChI=1S/C18H14ClNO2/c19-15-16(20-11-10-12-6-2-1-3-7-12)18(22)14-9-5-4-8-13(14)17(15)21/h1-9,20H,10-11H2",False,-1,"['12', '10', '20', 'SID87335718', '0041098:01', '29']","['2-Chloro-3-(phenethylamino)naphthalene-1,4-dione', '2-Chloro-3-(phenethylamino)naphthalene-1,4-dione', '2-chloro-3-(phenethylamino)naphthalene-1,4-dione', 'SID87335718', 'CO-ADD:0136602', '2-Chloro-3-(phenethylamine)naphthalene-1,4-dione']"
CHEMBL1378605,,,Small molecule,,401.42,34,44,3.58,91.64,4.0,2.0,0.0,5.0,N,0.5,3.0,MOL,-1,30.0,-1.39,C23H19N3O4,Cc1ccc(CN2C(=O)N/C(=C\c3cccn3-c3cccc(C(=O)O)c3)C2=O)cc1,XKZAGDFZPGQDNX-MOSHPQCFSA-N,"InChI=1S/C23H19N3O4/c1-15-7-9-16(10-8-15)14-26-21(27)20(24-23(26)30)13-19-6-3-11-25(19)18-5-2-4-17(12-18)22(28)29/h2-13H,14H2,1H3,(H,24,30)(H,28,29)/b20-13-",False,-1,['SID24823048'],['SID24823048']
CHEMBL1458891,,,Small molecule,,390.26,49,79,4.23,69.89,4.0,2.0,0.0,2.0,N,0.59,2.0,MOL,-1,23.0,-0.51,C17H12BrNO3S,Cc1ccc(C2=NC(=O)/C(=C/c3cc(O)c(O)c(Br)c3)S2)cc1,MUQKQSJCEVWZCU-ZSOIEALJSA-N,"InChI=1S/C17H12BrNO3S/c1-9-2-4-11(5-3-9)17-19-16(22)14(23-17)8-10-6-12(18)15(21)13(20)7-10/h2-8,20-21H,1H3/b14-8-",False,-1,"['7', 'SID24804069', '9', '42']","['5-(3-bromo-4,5-dihydroxybenzylidene)-2-p-tolylthiazol-4(5H)-one', 'SID24804069', '5-(3-bromo-4,5-dihydroxybenzylidene)-2-p-tolylthiazol-4(5H)-one', '(Z)-5-(3-bromo-4,5-dihydroxybenzylidene)-2-(p-tolyl)thiazol-4(5H)-one']"
CHEMBL2000196,,,Small molecule,,310.38,39,53,3.65,49.74,4.0,0.0,0.0,2.0,N,0.8,2.0,MOL,-1,22.0,-0.78,C17H14N2O2S,CC(=O)N(/N=C1\Sc2ccccc2C1=O)c1ccccc1C,OBPOWEVMSNKZCM-ZCXUNETKSA-N,"InChI=1S/C17H14N2O2S/c1-11-7-3-5-9-14(11)19(12(2)20)18-17-16(21)13-8-4-6-10-15(13)22-17/h3-10H,1-2H3/b18-17-",False,-1,['SID14742458'],['SID14742458']
CHEMBL1605713,,,Small molecule,,243.31,24,34,2.31,53.07,4.0,1.0,0.0,3.0,N,0.9,2.0,MOL,-1,18.0,-0.77,C14H17N3O,Nc1ncc(-c2ccccc2)n1CC1CCCO1,NPNLOCUVZQPZPT-UHFFFAOYSA-N,"InChI=1S/C14H17N3O/c15-14-16-9-13(11-5-2-1-3-6-11)17(14)10-12-7-4-8-18-12/h1-3,5-6,9,12H,4,7-8,10H2,(H2,15,16)",False,-1,['SID847355'],['SID847355']
CHEMBL4867190,,,Unknown,,392.86,1,1,2.6,109.49,4.0,3.0,0.0,5.0,N,0.61,3.0,MOL,-1,25.0,-0.96,C18H17ClN2O4S,Cl.Nc1cccc2c(S(=O)(=O)NCc3ccc(C(=O)O)cc3)cccc12,KRSHKEVGHHNGLP-UHFFFAOYSA-N,"InChI=1S/C18H16N2O4S.ClH/c19-16-5-1-4-15-14(16)3-2-6-17(15)25(23,24)20-11-12-7-9-13(10-8-12)18(21)22;/h1-10,20H,11,19H2,(H,21,22);1H",False,-1,['11h'],['4-(((5-Aminonaphthalene)-1-sulfonamido)methyl)benzoicacid hydrochloride']
CHEMBL1708493,,,Small molecule,,440.54,87,108,1.23,122.72,8.0,6.0,1.0,14.0,N,0.21,2.0,MOL,-1,32.0,-0.05,C24H32N4O4,O=C1c2cccc(NCCCNCCO)c2C(=O)c2cccc(NCCCNCCO)c21,ZDFMCUHFIYMYTO-UHFFFAOYSA-N,"InChI=1S/C24H32N4O4/c29-15-13-25-9-3-11-27-19-7-1-5-17-21(19)24(32)18-6-2-8-20(22(18)23(17)31)28-12-4-10-26-14-16-30/h1-2,5-8,25-30H,3-4,9-16H2",False,-1,"['SID92763917', 'SID462145']","['SID92763917', 'SID462145']"
CHEMBL1364967,,,Small molecule,,323.35,28,32,3.31,68.53,4.0,1.0,0.0,3.0,N,0.8,3.0,MOL,-1,24.0,-0.32,C19H17NO4,COc1cccc(=O)c2c(C)n(-c3ccc(C(=O)O)cc3)c(C)c12,DOYOMWGGFUTYAT-UHFFFAOYSA-N,"InChI=1S/C19H17NO4/c1-11-17-15(21)5-4-6-16(24-3)18(17)12(2)20(11)14-9-7-13(8-10-14)19(22)23/h4-10H,1-3H3,(H,22,23)",False,-1,['SID24803405'],['SID24803405']
CHEMBL60824,"4-AMINO-[1,2]NAPHTHOQUINONE",,Small molecule,,173.17,16,27,0.75,60.16,3.0,1.0,0.0,0.0,N,0.59,1.0,MOL,-1,13.0,0.93,C10H7NO2,NC1=CC(=O)C(=O)c2ccccc21,IGONFFFOEMASIA-UHFFFAOYSA-N,"InChI=1S/C10H7NO2/c11-8-5-9(12)10(13)7-4-2-1-3-6(7)8/h1-5H,11H2",False,-1,"['ANQ', 'SID89852173', '1']","['4-amino-1,2-naphthoquinone', 'SID89852173', '4-Amino-[1,2]naphthoquinone']"
CHEMBL4875996,,,Unknown,,334.83,1,1,3.22,72.19,3.0,2.0,0.0,3.0,N,0.73,3.0,MOL,-1,21.0,-1.22,C16H15ClN2O2S,Cl.Nc1cccc2c(S(=O)(=O)Nc3ccccc3)cccc12,IQJUFMCVDUEPGY-UHFFFAOYSA-N,"InChI=1S/C16H14N2O2S.ClH/c17-15-10-4-9-14-13(15)8-5-11-16(14)21(19,20)18-12-6-2-1-3-7-12;/h1-11,18H,17H2;1H",False,-1,['11a'],['5-Amino-N-phenylnaphthalene-1-sulfonamide hydrochloride']
CHEMBL171632,,,Small molecule,,280.33,33,46,2.29,74.64,5.0,1.0,0.0,1.0,N,0.86,1.0,MOL,-1,21.0,-0.29,C16H16N4O,CC1(C)C=C2C(=NN(c3ccccc3)C(N)=C2C#N)CO1,XQJQZTOXHGIQCA-UHFFFAOYSA-N,"InChI=1S/C16H16N4O/c1-16(2)8-12-13(9-17)15(18)20(19-14(12)10-21-16)11-6-4-3-5-7-11/h3-8H,10,18H2,1-2H3",False,-1,"['35', '1', 'SID49642396']","['3-amino-6,6-dimethyl-2-phenyl-6,8-dihydro-2H-pyrano[3,4-c]pyridazine-4-carbonitrile', '3-Amino-6,6-dimethyl-2-phenyl-2,8-dihydro-6H-pyrano[3,4-c]pyridazine-4-carbonitrile', 'SID49642396']"
CHEMBL1331791,,,Small molecule,,297.31,25,30,1.87,83.44,4.0,3.0,0.0,3.0,N,0.6,2.0,MOL,-1,22.0,-0.5,C16H15N3O3,N=C(NCc1ccc2c(c1)OCO2)NC(=O)c1ccccc1,OSXQYLJAXOZOJV-UHFFFAOYSA-N,"InChI=1S/C16H15N3O3/c17-16(19-15(20)12-4-2-1-3-5-12)18-9-11-6-7-13-14(8-11)22-10-21-13/h1-8H,9-10H2,(H3,17,18,19,20)",False,-1,"['SID24783847', 'SID104219440']","['SID24783847', 'SID104219440']"
CHEMBL5184147,,,,,466.59,1,1,6.42,79.94,5.0,1.0,1.0,4.0,N,0.38,4.0,MOL,-1,35.0,-0.85,C29H30N4O2,Cc1cc(CNC(=O)OC(C)(C)C)cc(C)c1-c1ncn(C)c1-c1ccc(C#N)c2ccccc12,BHMJALVOJSQILD-UHFFFAOYSA-N,"InChI=1S/C29H30N4O2/c1-18-13-20(16-31-28(34)35-29(3,4)5)14-19(2)25(18)26-27(33(6)17-32-26)24-12-11-21(15-30)22-9-7-8-10-23(22)24/h7-14,17H,16H2,1-6H3,(H,31,34)",False,-1,['28'],"['tert-butyl (4-(5-(4-cyanonaphthalen-1-yl)-1-methyl-1H-imidazol-4-yl)-3,5-dimethylbenzyl)carbamate']"
CHEMBL1430659,,,Small molecule,,328.8,23,30,2.2,40.39,2.0,0.0,0.0,2.0,Y,0.41,2.0,MOL,-1,22.0,0.0,C18H17ClN2O2,CN(C=[N+](C)C)c1cccc2c1C(=O)c1ccccc1C2=O.[Cl-],AYSCDUFCEXUMGS-UHFFFAOYSA-M,"InChI=1S/C18H17N2O2.ClH/c1-19(2)11-20(3)15-10-6-9-14-16(15)18(22)13-8-5-4-7-12(13)17(14)21;/h4-11H,1-3H3;1H/q+1;/p-1",False,-1,['SID22407015'],['SID22407015']
CHEMBL4872729,,,Unknown,,373.87,1,1,2.77,95.98,4.0,2.0,0.0,4.0,N,0.72,3.0,MOL,-1,24.0,-1.54,C18H16ClN3O2S,Cl.N#Cc1cccc(CNS(=O)(=O)c2cccc3c(N)cccc23)c1,ZWMBOKWAMGMDBI-UHFFFAOYSA-N,"InChI=1S/C18H15N3O2S.ClH/c19-11-13-4-1-5-14(10-13)12-21-24(22,23)18-9-3-6-15-16(18)7-2-8-17(15)20;/h1-10,21H,12,20H2;1H",False,-1,['11g'],['5-Amino-N-(3-cyanobenzyl)naphthalene-1-sulfonamide hydrochloride']
CHEMBL4867601,,,Unknown,,354.9,1,1,3.28,72.19,3.0,2.0,0.0,4.0,N,0.85,2.0,MOL,-1,22.0,-1.0,C17H23ClN2O2S,Cl.Nc1cccc2c(S(=O)(=O)NCC3CCCCC3)cccc12,RQKYXYZZYQKIQO-UHFFFAOYSA-N,"InChI=1S/C17H22N2O2S.ClH/c18-16-10-4-9-15-14(16)8-5-11-17(15)22(20,21)19-12-13-6-2-1-3-7-13;/h4-5,8-11,13,19H,1-3,6-7,12,18H2;1H",False,-1,['11k'],['5-Amino-N-(cyclohexylmethyl)naphthalene-1-sulfonamide hydrochloride']
CHEMBL4864770,,,Unknown,,348.86,1,1,2.9,72.19,3.0,2.0,0.0,4.0,N,0.73,3.0,MOL,-1,22.0,-1.19,C17H17ClN2O2S,Cl.Nc1ccc2c(S(=O)(=O)NCc3ccccc3)cccc2c1,KHYLNIDLOFHPLU-UHFFFAOYSA-N,"InChI=1S/C17H16N2O2S.ClH/c18-15-9-10-16-14(11-15)7-4-8-17(16)22(20,21)19-12-13-5-2-1-3-6-13;/h1-11,19H,12,18H2;1H",False,-1,['10a'],['6-Amino-N-benzylnaphthalene-1-sulfonamide hydrochloride']
CHEMBL1536970,,,Small molecule,,391.42,14,16,3.94,39.72,4.0,1.0,0.0,6.0,N,0.88,2.0,MOL,-1,22.0,-0.85,C20H25NO7,COc1ccc(C)cc1NCc1ccc(OC)c(C)c1OC.O=C(O)C(=O)O,CFCXBYDDKGUNMH-UHFFFAOYSA-N,"InChI=1S/C18H23NO3.C2H2O4/c1-12-6-8-17(21-4)15(10-12)19-11-14-7-9-16(20-3)13(2)18(14)22-5;3-1(4)2(5)6/h6-10,19H,11H2,1-5H3;(H,3,4)(H,5,6)",False,-1,['SID47201278'],['SID47201278']
CHEMBL1448387,,,Small molecule,,302.28,57,139,1.32,110.38,6.0,5.0,0.0,0.0,N,0.47,2.0,MOL,-1,22.0,2.2,C16H14O6,Oc1cc2c(cc1O)[C@H]1c3ccc(O)c(O)c3OC[C@@]1(O)C2,WZUVPPKBWHMQCE-CJNGLKHVSA-N,"InChI=1S/C16H14O6/c17-10-2-1-8-13-9-4-12(19)11(18)3-7(9)5-16(13,21)6-22-15(8)14(10)20/h1-4,13,17-21H,5-6H2/t13-,16+/m1/s1",False,-1,"['SID17389864', 'SID26754409', 'SID57260893', 'SID144208384']","['SID17389864', 'SID26754409', 'SID57260893', 'SID144208384']"
CHEMBL1311895,,,Small molecule,,232.29,5,6,0.12,50.08,6.0,0.0,0.0,1.0,N,0.7,2.0,MOL,-1,17.0,-2.22,C11H16N6,CN1CCN(c2ncnc3c2cnn3C)CC1,UPBVCVUSEFDVOW-UHFFFAOYSA-N,"InChI=1S/C11H16N6/c1-15-3-5-17(6-4-15)11-9-7-14-16(2)10(9)12-8-13-11/h7-8H,3-6H2,1-2H3",False,-1,['SID26730305'],['SID26730305']
CHEMBL1705697,,,Small molecule,,328.32,16,22,2.11,86.74,6.0,0.0,0.0,2.0,N,0.47,1.0,MOL,-1,24.0,1.53,C18H16O6,CC(=O)Oc1cccc2c1C(=O)C1CC=CC(OC(C)=O)C1C2=O,NPMJTXFWZBYDJF-UHFFFAOYSA-N,"InChI=1S/C18H16O6/c1-9(19)23-13-7-3-5-11-15(13)17(21)12-6-4-8-14(24-10(2)20)16(12)18(11)22/h3-5,7-8,12,14,16H,6H2,1-2H3",False,-1,['SID93577270'],['SID93577270']
CHEMBL4568659,,,Unknown,,323.23,24,27,2.62,23.55,2.0,0.0,0.0,1.0,N,0.79,1.0,MOL,-1,19.0,-0.94,C15H19BrN2O,CN1CCC[C@@H]2CN(C(=O)c3cccc(Br)c3)C[C@@H]21,JQHFWTQMADAODG-OCCSQVGLSA-N,"InChI=1S/C15H19BrN2O/c1-17-7-3-5-12-9-18(10-14(12)17)15(19)11-4-2-6-13(16)8-11/h2,4,6,8,12,14H,3,5,7,9-10H2,1H3/t12-,14+/m1/s1",False,-1,['13'],"['(3-bromophenyl)((4aR,7aR)-1-methyltetrahydro-1H-pyrrolo[3,4-b]pyridin-6(2H,7H,7aH)-yl)methanone']"
CHEMBL4532789,,,Unknown,,337.26,24,24,3.15,23.55,2.0,0.0,0.0,1.0,N,0.79,1.0,MOL,-1,20.0,-0.88,C16H21BrN2O,CN1CCCC12CCCN(C(=O)c1cccc(Br)c1)C2,LPBCDJYCPDKVJH-UHFFFAOYSA-N,"InChI=1S/C16H21BrN2O/c1-18-9-3-7-16(18)8-4-10-19(12-16)15(20)13-5-2-6-14(17)11-13/h2,5-6,11H,3-4,7-10,12H2,1H3",False,-1,['19'],"['(3-bromophenyl)(1-methyl-1,7-diazaspiro[4.5]decan-7-yl)methanone']"
CHEMBL5070897,,,Unknown,,469.4,97,223,5.62,49.41,3.0,1.0,1.0,2.0,N,0.53,3.0,MOL,-1,29.0,-1.2,C23H21BrN2O2S,Cc1cc(C)cc([C@@H]2c3cc(C)ccc3NC(=O)CN2C(=O)c2ccc(Br)s2)c1,NIPTUMFVYBXSMZ-JOCHJYFZSA-N,"InChI=1S/C23H21BrN2O2S/c1-13-4-5-18-17(11-13)22(16-9-14(2)8-15(3)10-16)26(12-21(27)25-18)23(28)19-6-7-20(24)29-19/h4-11,22H,12H2,1-3H3,(H,25,27)/t22-/m1/s1",False,-1,"['EUB0000271b', 'EUB0000271b', 'EUB0000271b', 'EUB0000271b', '(R)-2', 'EUB0000271b', 'EUB0000271b', 'EUB0000271b', 'EUB0000271b', 'EUB0000271b', 'EUB0000271b']","['SGC6870', 'SGC6870', 'SGC6870', 'SGC6870', '(R)-4-(5-bromothiophene-2-carbonyl)-5-(3,5-dimethylphenyl)-7-methyl-4,5-dihydro-1H-benzo[e][1,4]diazepin-2(3H)-one', 'SGC6870', 'SGC6870', 'SGC6870', 'SGC6870', 'SGC6870', 'SGC6870']"
CHEMBL1353524,,,Small molecule,,499.68,14,16,4.12,81.92,7.0,1.0,0.0,9.0,N,0.45,3.0,MOL,-1,35.0,-1.99,C26H37N5O3S,CCN(CC)CCCNC(=O)C1CCN(C(=O)c2oc3cc4sc(N(C)C)nc4cc3c2C)CC1,MWMBJZAYJDTAMB-UHFFFAOYSA-N,"InChI=1S/C26H37N5O3S/c1-6-30(7-2)12-8-11-27-24(32)18-9-13-31(14-10-18)25(33)23-17(3)19-15-20-22(16-21(19)34-23)35-26(28-20)29(4)5/h15-16,18H,6-14H2,1-5H3,(H,27,32)",False,-1,['SID49714986'],['SID49714986']
CHEMBL2143066,,,Small molecule,,335.46,4,5,3.81,56.36,5.0,1.0,0.0,7.0,N,0.67,3.0,MOL,-1,25.0,-1.87,C20H25N5,CCN(CC)CCCNc1cc(C)c(C#N)c2nc3ccccc3n12,VKOGSPFWOXJGEP-UHFFFAOYSA-N,"InChI=1S/C20H25N5/c1-4-24(5-2)12-8-11-22-19-13-15(3)16(14-21)20-23-17-9-6-7-10-18(17)25(19)20/h6-7,9-10,13,22H,4-5,8,11-12H2,1-3H3",False,-1,['SID103074992'],['SID103074992']
CHEMBL4521515,,,Unknown,,337.26,25,26,3.05,32.34,2.0,1.0,0.0,1.0,N,0.85,1.0,MOL,-1,20.0,-1.02,C16H21BrN2O,O=C(c1cccc(Br)c1)N1CCC2(CCNCC2)CC1,SSHPFMANNQDART-UHFFFAOYSA-N,"InChI=1S/C16H21BrN2O/c17-14-3-1-2-13(12-14)15(20)19-10-6-16(7-11-19)4-8-18-9-5-16/h1-3,12,18H,4-11H2",False,-1,"['1h', '23']","['(3-Bromophenyl)(3,9-diazaspiro[5.5]undecan-3-yl)methanone', '(3-bromophenyl)(3,9-diazaspiro[5.5]undecan-3-yl)methanone']"
CHEMBL5407373,,,,,475.85,1,1,1.56,119.83,7.0,3.0,0.0,5.0,N,0.59,1.0,MOL,-1,32.0,-0.19,C20H21ClF3N3O5,C[C@@](O)(C(=O)N1CCC(O)(CCNC2=C(Cl)C(=O)c3ncccc3C2=O)CC1)C(F)(F)F,SQBZRQOYHKHXQB-GOSISDBHSA-N,"InChI=1S/C20H21ClF3N3O5/c1-18(31,20(22,23)24)17(30)27-9-5-19(32,6-10-27)4-8-26-14-12(21)16(29)13-11(15(14)28)3-2-7-25-13/h2-3,7,26,31-32H,4-6,8-10H2,1H3/t18-/m1/s1",False,-1,['15f'],"['(R)-7-chloro-6-((2-(4-hydroxy-1-(3,3,3-trifluoro-2-hydroxy-2-methylpropanoyl)piperidin-4-yl)ethyl)amino)quinoline-5,8-dione']"
CHEMBL1700547,,,Small molecule,,415.43,17,22,0.97,138.88,8.0,3.0,0.0,3.0,N,0.49,1.0,MOL,-1,29.0,-1.3,C18H17N5O5S,N=C1/C(=C\c2ccc(O)c(O)c2)C(=O)N=C2SC(CC(=O)N3CCOCC3)=NN12,BNHUKQZSNOYGSJ-DHIYZDIGSA-N,"InChI=1S/C18H17N5O5S/c19-16-11(7-10-1-2-12(24)13(25)8-10)17(27)20-18-23(16)21-14(29-18)9-15(26)22-3-5-28-6-4-22/h1-2,7-8,19,24-25H,3-6,9H2/b11-7+,19-16?",False,-1,['SID49829300'],['SID49829300']
CHEMBL1335687,,,Small molecule,,336.35,55,80,3.12,79.62,4.0,1.0,0.0,3.0,N,0.69,2.0,MOL,-1,25.0,-1.15,C19H16N2O4,Cc1cc(C)cc(N2C(=O)NC(=O)/C(=C\C=C\c3ccco3)C2=O)c1,PCXJQWHDXBGRHP-FWPHUCDGSA-N,"InChI=1S/C19H16N2O4/c1-12-9-13(2)11-14(10-12)21-18(23)16(17(22)20-19(21)24)7-3-5-15-6-4-8-25-15/h3-11H,1-2H3,(H,20,22,24)/b5-3+,16-7+",False,-1,['SID22416870'],['SID22416870']
CHEMBL1883935,,,Small molecule,,358.49,6,6,4.64,41.05,5.0,1.0,0.0,8.0,N,0.6,3.0,MOL,-1,25.0,-2.06,C19H23FN4S,CCN(CC)CCCNc1ncnc2scc(-c3ccc(F)cc3)c12,LOJPHQUCHILPOX-UHFFFAOYSA-N,"InChI=1S/C19H23FN4S/c1-3-24(4-2)11-5-10-21-18-17-16(12-25-19(17)23-13-22-18)14-6-8-15(20)9-7-14/h6-9,12-13H,3-5,10-11H2,1-2H3,(H,21,22,23)",False,-1,['SID49642290'],['SID49642290']
CHEMBL1472210,,,Small molecule,,468.26,30,40,3.38,108.57,5.0,2.0,0.0,3.0,N,0.35,3.0,MOL,-1,30.0,-1.05,C21H14BrN3O5,COC(=O)c1[nH]c2ccccc2c1/C=C1\C(=O)NC(=O)N(c2ccc(Br)cc2)C1=O,XYUWUCGGVFTFSZ-XNTDXEJSSA-N,"InChI=1S/C21H14BrN3O5/c1-30-20(28)17-14(13-4-2-3-5-16(13)23-17)10-15-18(26)24-21(29)25(19(15)27)12-8-6-11(22)7-9-12/h2-10,23H,1H3,(H,24,26,29)/b15-10+",False,-1,['SID17505602'],['SID17505602']
CHEMBL5170450,,,,,495.67,25,35,4.52,78.96,7.0,2.0,0.0,11.0,N,0.35,2.0,MOL,-1,36.0,-1.1,C28H41N5O3,C=CC(=O)Nc1cc(NC2CCN(C(C)C)CC2)c2cc(OC)c(OCCCN3CCCC3)cc2n1,FNRUPVONTWZCGL-UHFFFAOYSA-N,"InChI=1S/C28H41N5O3/c1-5-28(34)31-27-19-24(29-21-9-14-33(15-10-21)20(2)3)22-17-25(35-4)26(18-23(22)30-27)36-16-8-13-32-11-6-7-12-32/h5,17-21H,1,6-16H2,2-4H3,(H2,29,30,31,34)",False,-1,"['8; MS8511', '6']","['N-(4-((1-isopropylpiperidin-4-yl)amino)-6-methoxy-7-(3-(pyrrolidin-1-yl)propoxy)quinolin-2-yl)acrylamide', 'N-(4-((1-isopropylpiperidin-4-yl)amino)-6-methoxy-7-(3-(pyrrolidin-1-yl)propoxy)quinolin-2-yl)acrylamide']"
CHEMBL1445897,,,Small molecule,,301.33,18,23,3.06,92.01,5.0,2.0,0.0,5.0,N,0.7,3.0,MOL,-1,21.0,-1.73,C14H11N3O3S,O=C(O)c1ccc(CSc2n[nH]c(-c3ccco3)n2)cc1,LIYZIZRMJOSGGE-UHFFFAOYSA-N,"InChI=1S/C14H11N3O3S/c18-13(19)10-5-3-9(4-6-10)8-21-14-15-12(16-17-14)11-2-1-7-20-11/h1-7H,8H2,(H,18,19)(H,15,16,17)",False,-1,['SID4254903'],['SID4254903']
CHEMBL4746525,,,Unknown,,396.49,91,174,2.83,81.75,3.0,2.0,0.0,4.0,N,0.82,1.0,MOL,-1,29.0,-0.84,C22H28N4O3,C[C@H]1CC(=O)Nc2cc(C(=O)NCCC3CC3)ccc2N1C(=O)N1CC2CC2C1,CKFRXCBNKKOFGO-IGEOTXOUSA-N,"InChI=1S/C22H28N4O3/c1-13-8-20(27)24-18-10-15(21(28)23-7-6-14-2-3-14)4-5-19(18)26(13)22(29)25-11-16-9-17(16)12-25/h4-5,10,13-14,16-17H,2-3,6-9,11-12H2,1H3,(H,23,28)(H,24,27)/t13-,16?,17?/m0/s1",False,-1,"['EUB0000221b', 'EUB0000221b', 'EUB0000221b', 'EUB0000221b', 'EUB0000221b', 'EUB0000221b', 'EUB0000221b', 'EUB0000221b', 'EUB0000221b', 'Chemical probe: BAY-6035; Compound 31', 'EUB0000221b']","['BAY-6035', 'BAY-6035', 'BAY-6035', 'BAY-6035', 'BAY-6035', 'BAY-6035', 'BAY-6035', 'BAY-6035', 'BAY-6035', '(2S)-1-(3-azabicyclo[3.1.0]hex-3-ylcarbonyl)-N-(2-cyclopropylethyl)-2-methyl-4-oxo-2,3,4,5-tetrahydro-1H-1,5-benzodiazepine-7-carboxamide', 'BAY-6035']"
CHEMBL1502410,,,Small molecule,,446.53,29,40,4.28,86.26,4.0,0.0,0.0,4.0,N,0.56,3.0,MOL,-1,32.0,-0.33,C25H22N2O4S,CC(C)(C)c1cc[n+](C2=C([N-]S(=O)(=O)c3ccccc3)C(=O)c3ccccc3C2=O)cc1,QFLMQIMVEYAESD-UHFFFAOYSA-N,"InChI=1S/C25H22N2O4S/c1-25(2,3)17-13-15-27(16-14-17)22-21(26-32(30,31)18-9-5-4-6-10-18)23(28)19-11-7-8-12-20(19)24(22)29/h4-16H,1-3H3",False,-1,['SID26666489'],['SID26666489']
CHEMBL3198812,,,Small molecule,,320.82,37,61,2.84,49.41,4.0,1.0,0.0,7.0,N,0.78,1.0,MOL,-1,22.0,-0.72,C17H21ClN2O2,CCN(CC)CCCNC1=C(Cl)C(=O)c2ccccc2C1=O,FWCXWRNANHZFAU-UHFFFAOYSA-N,"InChI=1S/C17H21ClN2O2/c1-3-20(4-2)11-7-10-19-15-14(18)16(21)12-8-5-6-9-13(12)17(15)22/h5-6,8-9,19H,3-4,7,10-11H2,1-2H3",False,-1,"['15', 'SID24818716']","['2-Chloro-3-{[3-(diethylamino)propyl]amino}naphthalene-1,4-dione', 'SID24818716']"
CHEMBL1417815,,,Small molecule,,355.44,47,60,2.73,95.06,6.0,2.0,0.0,7.0,N,0.64,3.0,MOL,-1,26.0,-1.61,C19H25N5O2,CCC(C)NC(=O)c1c(N)n(CCCOC)c2nc3ccccc3nc12,HEAMIFJGVRILPU-UHFFFAOYSA-N,"InChI=1S/C19H25N5O2/c1-4-12(2)21-19(25)15-16-18(24(17(15)20)10-7-11-26-3)23-14-9-6-5-8-13(14)22-16/h5-6,8-9,12H,4,7,10-11,20H2,1-3H3,(H,21,25)",False,-1,['SID861123'],['SID861123']
CHEMBL1370956,,,Small molecule,,454.55,14,19,4.85,77.93,5.0,2.0,0.0,10.0,N,0.46,3.0,MOL,-1,33.0,-1.66,C25H31FN4O3,CCN(CC)CCCN(Cc1cc2cc(OC)ccc2nc1O)C(=O)Nc1ccc(F)cc1,CBSUNARDJKCTIH-UHFFFAOYSA-N,"InChI=1S/C25H31FN4O3/c1-4-29(5-2)13-6-14-30(25(32)27-21-9-7-20(26)8-10-21)17-19-15-18-16-22(33-3)11-12-23(18)28-24(19)31/h7-12,15-16H,4-6,13-14,17H2,1-3H3,(H,27,32)(H,28,31)",False,-1,"['SID851808', 'SID85303705']","['SID851808', 'SID85303705']"
CHEMBL4756809,,,Unknown,,306.37,1,2,3.54,53.33,3.0,0.0,0.0,3.0,N,0.87,2.0,MOL,-1,23.0,-1.29,C19H18N2O2,COc1ccc(C2CCCN2C(=O)c2ccc(C#N)cc2)cc1,AWDWOBNOEJNFCL-UHFFFAOYSA-N,"InChI=1S/C19H18N2O2/c1-23-17-10-8-15(9-11-17)18-3-2-12-21(18)19(22)16-6-4-14(13-20)5-7-16/h4-11,18H,2-3,12H2,1H3",False,-1,['2b'],['4-(2-(4-methoxyphenyl)pyrrolidine-1-carbonyl)benzonitrile']
CHEMBL2001904,,,Small molecule,,540.23,54,74,5.32,91.67,4.0,2.0,2.0,3.0,N,0.51,2.0,MOL,-1,29.0,0.03,C21H16Br2O5S,CC1=C/C(=C(\c2cc(C)c(O)c(Br)c2)c2ccccc2S(=O)(=O)O)C=C(Br)C1=O,HJZFRHKAXRLQSG-RGEXLXHISA-N,"InChI=1S/C21H16Br2O5S/c1-11-7-13(9-16(22)20(11)24)19(14-8-12(2)21(25)17(23)10-14)15-5-3-4-6-18(15)29(26,27)28/h3-10,24H,1-2H3,(H,26,27,28)/b19-14-",False,-1,['SID47200893'],['SID47200893']
CHEMBL3185407,,,Small molecule,,403.48,1,1,3.54,79.37,4.0,1.0,0.0,7.0,N,0.44,2.0,MOL,-1,30.0,-1.13,C24H25N3O3,O=C(CCCCCN1C(=O)C2C3C=CC(C3)C2C1=O)Nc1ccc2ncccc2c1,UHDSGQUWFDGKJW-UHFFFAOYSA-N,"InChI=1S/C24H25N3O3/c28-20(26-18-9-10-19-15(14-18)5-4-11-25-19)6-2-1-3-12-27-23(29)21-16-7-8-17(13-16)22(21)24(27)30/h4-5,7-11,14,16-17,21-22H,1-3,6,12-13H2,(H,26,28)",False,-1,['SID144097274'],['SID144097274']
CHEMBL5412710,,,,,385.85,1,1,2.15,79.37,5.0,1.0,0.0,4.0,N,0.8,1.0,MOL,-1,27.0,-0.27,C20H20ClN3O3,CC#CC(=O)NCCC1CCN(C2=C(Cl)C(=O)c3cccnc3C2=O)CC1,FGAHKCNTZMMSIF-UHFFFAOYSA-N,"InChI=1S/C20H20ClN3O3/c1-2-4-15(25)22-10-6-13-7-11-24(12-8-13)18-16(21)19(26)14-5-3-9-23-17(14)20(18)27/h3,5,9,13H,6-8,10-12H2,1H3,(H,22,25)",False,-1,['14l'],"['N-(2-(1-(6-chloro-5,8-dioxo-5,8-dihydroquinolin-6-yl)piperidin-4-yl)ethyl)-2,2-difluoropropanamide']"
CHEMBL2362139,,,Small molecule,,338.39,3,3,3.02,83.53,7.0,2.0,0.0,2.0,N,0.7,3.0,MOL,-1,24.0,-1.07,C17H14N4O2S,Cc1ccccc1-c1nnc2n1N=C(c1ccc(O)c(O)c1)CS2,STOFVIDUHNVWMY-UHFFFAOYSA-N,"InChI=1S/C17H14N4O2S/c1-10-4-2-3-5-12(10)16-18-19-17-21(16)20-13(9-24-17)11-6-7-14(22)15(23)8-11/h2-8,22-23H,9H2,1H3",False,-1,['SID136947539'],['SID136947539']
CHEMBL4870938,,,Unknown,,362.88,1,1,2.94,72.19,3.0,2.0,0.0,5.0,N,0.71,3.0,MOL,-1,23.0,-1.0,C18H19ClN2O2S,Cl.Nc1cccc2c(S(=O)(=O)NCCc3ccccc3)cccc12,IACQTMRIUCZNRQ-UHFFFAOYSA-N,"InChI=1S/C18H18N2O2S.ClH/c19-17-10-4-9-16-15(17)8-5-11-18(16)23(21,22)20-13-12-14-6-2-1-3-7-14;/h1-11,20H,12-13,19H2;1H",False,-1,['11b'],['5-Amino-N-phenethylnaphthalene-1-sulfonamide hydrochloride']
CHEMBL4515347,,,Unknown,,351.29,24,24,3.4,23.55,2.0,0.0,0.0,1.0,N,0.77,1.0,MOL,-1,21.0,-1.08,C17H23BrN2O,CN1CCC2(CC1)CCN(C(=O)c1cccc(Br)c1)CC2,RPTIWCQGHTYKEF-UHFFFAOYSA-N,"InChI=1S/C17H23BrN2O/c1-19-9-5-17(6-10-19)7-11-20(12-8-17)16(21)14-3-2-4-15(18)13-14/h2-4,13H,5-12H2,1H3",False,-1,['22'],"['(3-bromophenyl)(9-methyl-3,9-diazaspiro[5.5]undecan-3-yl)methanone']"
CHEMBL4569740,,,Unknown,,363.3,24,24,3.54,23.55,2.0,0.0,0.0,1.0,N,0.76,1.0,MOL,-1,22.0,-0.67,C18H23BrN2O,O=C(c1cccc(Br)c1)N1CC[C@@H]2[C@@H](CC3CCCCN32)C1,NEKYTHMRWJBPAO-DRXWIORDSA-N,"InChI=1S/C18H23BrN2O/c19-15-5-3-4-13(10-15)18(22)20-9-7-17-14(12-20)11-16-6-1-2-8-21(16)17/h3-5,10,14,16-17H,1-2,6-9,11-12H2/t14-,16?,17+/m0/s1",False,-1,['12'],"['(3-bromophenyl)((4aR,10aS)-octahydropyrido[3,4-b]indolizin-2(1H,3H,6H)-yl)methanone']"
CHEMBL1458448,,,Small molecule,,240.35,39,52,1.63,32.34,4.0,1.0,0.0,1.0,N,0.56,0.0,MOL,-1,15.0,-1.11,C10H12N2OS2,CN1CCC/C1=C/C=C1\SC(=S)NC1=O,CVJBCVRBBBKQDB-IUNAMMOKSA-N,"InChI=1S/C10H12N2OS2/c1-12-6-2-3-7(12)4-5-8-9(13)11-10(14)15-8/h4-5H,2-3,6H2,1H3,(H,11,13,14)/b7-4-,8-5-",False,-1,['SID17510568'],['SID17510568']
CHEMBL1311154,,,Small molecule,,307.37,11,16,2.78,70.23,2.0,3.0,0.0,7.0,N,0.68,1.0,MOL,-1,22.0,-0.63,C16H22FN3O2,CC1NC(=O)NC1CCCCCC(=O)Nc1ccc(F)cc1,DITRHERLQQIVDS-UHFFFAOYSA-N,"InChI=1S/C16H22FN3O2/c1-11-14(20-16(22)18-11)5-3-2-4-6-15(21)19-13-9-7-12(17)8-10-13/h7-11,14H,2-6H2,1H3,(H,19,21)(H2,18,20,22)",False,-1,['SID24781613'],['SID24781613']
CHEMBL1434792,,,Small molecule,,411.82,20,20,2.56,118.85,7.0,1.0,0.0,7.0,N,0.42,2.0,MOL,-1,27.0,-2.4,C16H14ClN3O6S,CN(CC(=O)Nc1ccccc1Cl)C(=O)COC(=O)c1ccc([N+](=O)[O-])s1,OBOSWGQNSOCFOR-UHFFFAOYSA-N,"InChI=1S/C16H14ClN3O6S/c1-19(8-13(21)18-11-5-3-2-4-10(11)17)14(22)9-26-16(23)12-6-7-15(27-12)20(24)25/h2-7H,8-9H2,1H3,(H,18,21)",False,-1,['SID85199323'],['SID85199323']
CHEMBL1441739,,,Small molecule,,295.29,23,26,1.11,83.47,4.0,2.0,0.0,3.0,N,0.66,2.0,MOL,-1,22.0,-0.08,C17H13NO4,O=C(Cc1ccccc1)NC1(O)C(=O)c2ccccc2C1=O,JQRTXRBJUUTOGL-UHFFFAOYSA-N,"InChI=1S/C17H13NO4/c19-14(10-11-6-2-1-3-7-11)18-17(22)15(20)12-8-4-5-9-13(12)16(17)21/h1-9,22H,10H2,(H,18,19)",False,-1,['SID26729568'],['SID26729568']
CHEMBL1698288,,,Small molecule,,373.42,21,23,4.34,137.79,8.0,3.0,0.0,4.0,N,0.36,4.0,MOL,-1,28.0,-0.71,C20H19N7O,CCOc1ccc2nc3cc(N=Nc4ccc(N)nc4N)ccc3c(N)c2c1,QNWGRUNKGVWOTA-UHFFFAOYSA-N,"InChI=1S/C20H19N7O/c1-2-28-12-4-6-15-14(10-12)19(22)13-5-3-11(9-17(13)24-15)26-27-16-7-8-18(21)25-20(16)23/h3-10H,2H2,1H3,(H2,22,24)(H4,21,23,25)",False,-1,['SID92763869'],['SID92763869']
CHEMBL5187396,,,,,532.48,34,45,4.6,83.66,5.0,2.0,1.0,5.0,N,0.59,2.0,MOL,-1,34.0,-0.54,C26H34BrN3O4,Cc1cc(C)c(CNC(=O)c2cc(Br)c3c(c2C)OC(C)(C2CCC(N(C)C)CC2)O3)c(=O)[nH]1,CHJLMVBYELJCLC-UHFFFAOYSA-N,"InChI=1S/C26H34BrN3O4/c1-14-11-15(2)29-25(32)20(14)13-28-24(31)19-12-21(27)23-22(16(19)3)33-26(4,34-23)17-7-9-18(10-8-17)30(5)6/h11-12,17-18H,7-10,13H2,1-6H3,(H,28,31)(H,29,32)",False,-1,"['1; OR-S1', '41; OR-S1', 'OR-S1']","['7-bromo-2-[4-(dimethylamino)cyclohexyl]-N-[(4,6-dimethyl-2-oxo-1H-pyridin-3-yl)methyl]-2,4-dimethyl-1,3-benzodioxole-5-carboxamide', '7-bromo-2-[4-(dimethylamino)cyclohexyl]-N-[(4,6-dimethyl-2-oxo-1H-pyridin-3-yl)methyl]-2,4-dimethyl-1,3-benzodioxole-5-carboxamide', 'OR-S1']"
CHEMBL5556330,,,,,418.5,2,3,3.27,77.41,6.0,2.0,0.0,6.0,N,0.64,3.0,MOL,-1,31.0,-0.74,C24H26N4O3,Cc1ccc(CNC[C@H]2CCO2)cc1-c1ncn(C)c1-c1ccc2c(c1)OCC(=O)N2,YZOCGUCOBQCCGW-GOSISDBHSA-N,"InChI=1S/C24H26N4O3/c1-15-3-4-16(11-25-12-18-7-8-30-18)9-19(15)23-24(28(2)14-26-23)17-5-6-20-21(10-17)31-13-22(29)27-20/h3-6,9-10,14,18,25H,7-8,11-13H2,1-2H3,(H,27,29)/t18-/m1/s1",False,-1,['30'],"['(R)-7-(1-Methyl-4-(2-methyl-5-(((oxetan-2-ylmethyl)amino)methyl)phenyl)-1H-imidazol-5-yl)-2H-benzo[b][1,4]oxazin-3(4H)-one']"
CHEMBL5563959,,,,,316.36,3,5,3.03,84.7,4.0,1.0,0.0,3.0,N,0.81,3.0,MOL,-1,24.0,-1.22,C19H16N4O,Cc1cc(C(N)=O)ccc1-c1ncn(C)c1-c1ccc(C#N)cc1,ABIXPIGGPYBTDD-UHFFFAOYSA-N,"InChI=1S/C19H16N4O/c1-12-9-15(19(21)24)7-8-16(12)17-18(23(2)11-22-17)14-5-3-13(10-20)4-6-14/h3-9,11H,1-2H3,(H2,21,24)",False,-1,['4'],['4-[5-(4-cyanophenyl)-1-methyl-imidazol-4-yl]-3-methyl-benzamide']
CHEMBL5532365,,,,,444.5,2,3,3.37,107.1,8.0,2.0,0.0,6.0,N,0.47,4.0,MOL,-1,33.0,-1.27,C24H24N6O3,Cc1nnc(CNCc2ccc(-c3ncn(C)c3-c3ccc4c(c3)OCC(=O)N4)c(C)c2)o1,NGQMSCPPMHZUPJ-UHFFFAOYSA-N,"InChI=1S/C24H24N6O3/c1-14-8-16(10-25-11-22-29-28-15(2)33-22)4-6-18(14)23-24(30(3)13-26-23)17-5-7-19-20(9-17)32-12-21(31)27-19/h4-9,13,25H,10-12H2,1-3H3,(H,27,31)",False,-1,['25'],"['7-(1-Methyl-4-(2-methyl-4-((((5-methyl-1,3,4-oxadiazol-2-yl)methyl)amino)methyl)phenyl)-1H-imidazol-5-yl)-2H-benzo[b][1,4]oxazin-3(4H)-one']"
CHEMBL5396709,,,,,496.98,3,5,3.26,121.0,9.0,2.0,0.0,6.0,N,0.42,4.0,MOL,-1,35.0,-0.82,C24H26ClFN8O,COC[C@@]1(N)CCCN(c2cnc(-c3cc(Cl)ccc3F)cc2Cn2cnc3c(N)ncnc32)C1,FUEGZWGKKBGDBO-XMMPIXPASA-N,"InChI=1S/C24H26ClFN8O/c1-35-12-24(28)5-2-6-33(11-24)20-9-29-19(17-8-16(25)3-4-18(17)26)7-15(20)10-34-14-32-21-22(27)30-13-31-23(21)34/h3-4,7-9,13-14H,2,5-6,10-12,28H2,1H3,(H2,27,30,31)/t24-/m1/s1",False,-1,"['38', 'BDBM567825']","['(R)-9-((5-(3-amino-3-(methoxymethyl)piperidin-1-yl)-2-(5-chloro-2-fluorophenyl)pyridin-4-yl)methyl)-9H-purin-6-amine', 'US11420970, Example 26']"
CHEMBL5618534,,,,,314.35,1,1,2.11,89.29,7.0,1.0,0.0,4.0,N,0.92,2.0,MOL,-1,23.0,-0.65,C16H18N4O3,COc1cc2nc(C#N)nc(NC3CCOCC3)c2cc1OC,SIBIEKBNDSBXHC-UHFFFAOYSA-N,"InChI=1S/C16H18N4O3/c1-21-13-7-11-12(8-14(13)22-2)19-15(9-17)20-16(11)18-10-3-5-23-6-4-10/h7-8,10H,3-6H2,1-2H3,(H,18,19,20)",False,-1,['23'],"['6,7-Dimethoxy-4-((tetrahydro-2H-pyran-4-yl)amino)quinazoline-2-carbonitrile']"
CHEMBL5416266,,,,,682.83,3,6,4.97,154.05,10.0,3.0,1.0,9.0,N,0.18,6.0,MOL,-1,48.0,-1.26,C35H34N6O5S2,O=C(NCCCN(Cc1nc2sc3c(c2c(=O)[nH]1)CCCC3)Cc1nc2sc3c(c2c(=O)[nH]1)CCCC3)c1cc2ccccc2c(=O)o1,YLIXLTMOWMXIPA-UHFFFAOYSA-N,"InChI=1S/C35H34N6O5S2/c42-30(23-16-19-8-1-2-9-20(19)35(45)46-23)36-14-7-15-41(17-26-37-31(43)28-21-10-3-5-12-24(21)47-33(28)39-26)18-27-38-32(44)29-22-11-4-6-13-25(22)48-34(29)40-27/h1-2,8-9,16H,3-7,10-15,17-18H2,(H,36,42)(H,37,39,43)(H,38,40,44)",False,-1,"['12; LEM-14-1189', '6; LEM-14e1189']","['N-(3-(bis((4-oxo-3,4,5,6,7,8-hexahydrobenzo[4,5]thieno[2,3-d]pyrimidin-2-yl)methyl)amino)propyl)-1-oxo-1H-isochromene-3-carboxamide', 'N-(3-(bis((4-oxo-3,4,5,6,7,8-hexahydrobenzo[4,5]thieno[2,3-d]pyrimidin-2-yl)methyl)amino)propyl)-1-oxo-1H-isochromene-3-carboxamide']"
CHEMBL4866486,,,Unknown,,437.5,1,2,-0.63,194.66,11.0,6.0,2.0,10.0,N,0.28,2.0,MOL,-1,31.0,0.86,C19H31N7O5,CCC(C)NC(CC[C@H](N)C(=O)O)C[C@H]1O[C@@H](n2cnc3c(N)ncnc32)[C@H](O)[C@@H]1O,WFUIXHLNJVJPQY-BIKAOLTESA-N,"InChI=1S/C19H31N7O5/c1-3-9(2)25-10(4-5-11(20)19(29)30)6-12-14(27)15(28)18(31-12)26-8-24-13-16(21)22-7-23-17(13)26/h7-12,14-15,18,25,27-28H,3-6,20H2,1-2H3,(H,29,30)(H2,21,22,23)/t9?,10?,11-,12+,14+,15+,18+/m0/s1",False,-1,['3'],"['(2S)-2-amino-6-[(2R,3S,4R,5R)-5-(6-aminopurin-9-yl)-3,4-dihydroxy-tetrahydrofuran-2-yl]-5-(sec-butylamino)hexanoic acid']"
CHEMBL2142849,,,Small molecule,,286.25,7,11,2.6,105.53,7.0,1.0,0.0,3.0,N,0.58,3.0,MOL,-1,21.0,-1.14,C13H10N4O4,CN(c1ccc(O)cc1)c1ccc([N+](=O)[O-])c2nonc12,RYABCOCWRXIOIR-UHFFFAOYSA-N,"InChI=1S/C13H10N4O4/c1-16(8-2-4-9(18)5-3-8)10-6-7-11(17(19)20)13-12(10)14-21-15-13/h2-7,18H,1H3",False,-1,['SID103074632'],['SID103074632']
CHEMBL5542423,,,,,417.51,3,4,4.94,67.6,5.0,1.0,0.0,4.0,N,0.65,3.0,MOL,-1,31.0,-1.12,C25H27N3O3,Cc1ccc(CN2CCCCC2)cc1-c1onc(C)c1-c1ccc2c(c1)OCC(=O)N2,ATEQBDBQCUHGAY-UHFFFAOYSA-N,"InChI=1S/C25H27N3O3/c1-16-6-7-18(14-28-10-4-3-5-11-28)12-20(16)25-24(17(2)27-31-25)19-8-9-21-22(13-19)30-15-23(29)26-21/h6-9,12-13H,3-5,10-11,14-15H2,1-2H3,(H,26,29)",False,-1,['32'],"['7-(3-Methyl-5-(2-methyl-5-(piperidin-1-ylmethyl)phenyl)isoxazol-4-yl)-2H-benzo[b][1,4]oxazin-3(4H)-one']"
CHEMBL1489925,,,Small molecule,,327.47,7,7,3.35,44.37,2.0,2.0,0.0,4.0,N,0.89,1.0,MOL,-1,24.0,-0.51,C20H29N3O,C=C(C)c1cccc(C(C)(C)NC(=O)NC2CN3CCC2CC3)c1,ONZMAEXKDOLEOZ-UHFFFAOYSA-N,"InChI=1S/C20H29N3O/c1-14(2)16-6-5-7-17(12-16)20(3,4)22-19(24)21-18-13-23-10-8-15(18)9-11-23/h5-7,12,15,18H,1,8-11,13H2,2-4H3,(H2,21,22,24)",False,-1,['SID7975975'],['SID7975975']
CHEMBL5595912,,,,,424.55,2,2,2.88,86.54,8.0,1.0,0.0,8.0,N,0.65,2.0,MOL,-1,31.0,-1.14,C23H32N6O2,COc1cc2c(NC3CCN(C)CC3)nc(C#N)nc2cc1OCCCN1CCCC1,YYXVQDZRELJUBX-UHFFFAOYSA-N,"InChI=1S/C23H32N6O2/c1-28-11-6-17(7-12-28)25-23-18-14-20(30-2)21(15-19(18)26-22(16-24)27-23)31-13-5-10-29-8-3-4-9-29/h14-15,17H,3-13H2,1-2H3,(H,25,26,27)",False,-1,['17'],['6-methoxy-4-((1-methylpiperidin-4-yl)amino)-7-(3-(pyrrolidin-1-yl)propoxy)quinazoline-2-carbonitrile']
CHEMBL4284586,,,Small molecule,,277.33,3,3,3.21,63.97,4.0,1.0,0.0,3.0,N,0.8,3.0,MOL,-1,21.0,-0.98,C17H15N3O,Cn1c(N)c(C#N)c2cc(OCc3ccccc3)ccc21,DNTRPHSROSAPKH-UHFFFAOYSA-N,"InChI=1S/C17H15N3O/c1-20-16-8-7-13(9-14(16)15(10-18)17(20)19)21-11-12-5-3-2-4-6-12/h2-9H,11,19H2,1H3",False,-1,['3'],['2-amino-5-(benzyloxy)-1-methyl-1H-indole-3-carbonitrile']
CHEMBL5393738,,,,,295.33,1,3,3.21,90.7,5.0,2.0,0.0,2.0,N,0.76,3.0,MOL,-1,21.0,-2.43,C14H9N5OS,N#Cc1cccc(NC(=O)Nc2ccc3nnsc3c2)c1,SCHDDXSIGNVSLT-UHFFFAOYSA-N,"InChI=1S/C14H9N5OS/c15-8-9-2-1-3-10(6-9)16-14(20)17-11-4-5-12-13(7-11)21-19-18-12/h1-7H,(H2,16,17,20)",False,-1,"['22', '16']","['1-(benzo[d][1,2,3]thiadiazol-6-yl)-3-(3-cyanophenyl)urea', '1-(benzo[d][1,2,3]thiadiazol-6-yl)-3-(3-cyanophenyl)urea']"
CHEMBL5422301,,,,,355.73,1,1,1.37,79.37,5.0,1.0,0.0,3.0,N,0.89,1.0,MOL,-1,24.0,-0.53,C15H12ClF2N3O3,CC(F)(F)C(=O)NC1CN(C2=C(Cl)C(=O)c3cccnc3C2=O)C1,BWMVLHCKQMCJJC-UHFFFAOYSA-N,"InChI=1S/C15H12ClF2N3O3/c1-15(17,18)14(24)20-7-5-21(6-7)11-9(16)12(22)8-3-2-4-19-10(8)13(11)23/h2-4,7H,5-6H2,1H3,(H,20,24)",False,-1,['14g'],"['N-(1-(6-chloro-5,8-dioxo-5,8-dihydroquinolin-7-yl)azetidin-3-yl)-2,2-difluoropropanamide']"
CHEMBL1340285,,,Small molecule,,473.94,25,30,2.11,126.64,6.0,2.0,0.0,5.0,N,0.68,2.0,MOL,-1,32.0,-1.11,C22H20ClN3O5S,NC(=O)C1CCN(C2=C(NS(=O)(=O)c3ccc(Cl)cc3)C(=O)c3ccccc3C2=O)CC1,QVFGOMDJCDVFCC-UHFFFAOYSA-N,"InChI=1S/C22H20ClN3O5S/c23-14-5-7-15(8-6-14)32(30,31)25-18-19(26-11-9-13(10-12-26)22(24)29)21(28)17-4-2-1-3-16(17)20(18)27/h1-8,13,25H,9-12H2,(H2,24,29)",False,-1,['SID26663181'],['SID26663181']
CHEMBL5743480,,,,,491.55,1,3,3.52,124.66,9.0,2.0,0.0,6.0,N,0.42,4.0,MOL,-1,36.0,-0.84,C25H27F2N9,Nc1ncnc2c1ncn2Cc1cc(C2CC2)ncc1N1CCC[C@](N)(c2cccc(C(F)F)n2)C1,AYNOJFYYDUADMZ-RUZDIDTESA-N,"InChI=1S/C25H27F2N9/c26-22(27)17-3-1-4-20(34-17)25(29)7-2-8-35(12-25)19-10-30-18(15-5-6-15)9-16(19)11-36-14-33-21-23(28)31-13-32-24(21)36/h1,3-4,9-10,13-15,22H,2,5-8,11-12,29H2,(H2,28,31,32)/t25-/m1/s1",False,-1,['BDBM568062'],"['US11420970, Example 264']"
CHEMBL5815873,,,,,512.52,1,3,4.27,111.77,8.0,2.0,1.0,5.0,N,0.38,4.0,MOL,-1,37.0,-0.95,C25H24F4N8,CC(=C(F)F)[C@@]1(N)CCCN(c2cnc(-c3ccc(F)c(F)c3)cc2Cn2cnc3c(N)ncnc32)C1,IVJCMXAPDDHEHS-RUZDIDTESA-N,"InChI=1S/C25H24F4N8/c1-14(22(28)29)25(31)5-2-6-36(11-25)20-9-32-19(15-3-4-17(26)18(27)7-15)8-16(20)10-37-13-35-21-23(30)33-12-34-24(21)37/h3-4,7-9,12-13H,2,5-6,10-11,31H2,1H3,(H2,30,33,34)/t25-/m1/s1",False,-1,['BDBM568091'],"['US11420970, Example 293']"
CHEMBL1731329,,,Small molecule,,412.97,86,108,4.97,53.18,4.0,2.0,0.0,8.0,N,0.43,2.0,MOL,-1,28.0,-0.83,C23H29ClN4O,CCN(CC)CCCNc1[nH]c2ccccc2c2nc3ccc(OC)cc3c1-2.Cl,PECPEZMGNAAPGL-UHFFFAOYSA-N,"InChI=1S/C23H28N4O.ClH/c1-4-27(5-2)14-8-13-24-23-21-18-15-16(28-3)11-12-20(18)25-22(21)17-9-6-7-10-19(17)26-23;/h6-7,9-12,15,24,26H,4-5,8,13-14H2,1-3H3;1H",False,-1,"['SID92764824', 'SID510609']","['SID92764824', 'SID510609']"
CHEMBL5957916,,,,,528.54,1,3,2.59,141.23,10.0,3.0,1.0,7.0,N,0.33,4.0,MOL,-1,38.0,-0.75,C25H27F3N8O2,COc1ccc(-c2cc(Cn3cnc4c(N)ncnc43)c(N3CCC[C@](N)([C@H](O)C(F)F)C3)cn2)cc1F,PBQDJBHSZQZIFY-PXDATVDWSA-N,"InChI=1S/C25H27F3N8O2/c1-38-19-4-3-14(7-16(19)26)17-8-15(10-36-13-34-20-23(29)32-12-33-24(20)36)18(9-31-17)35-6-2-5-25(30,11-35)21(37)22(27)28/h3-4,7-9,12-13,21-22,37H,2,5-6,10-11,30H2,1H3,(H2,29,32,33)/t21-,25-/m1/s1",False,-1,['BDBM567926'],"['US11420970, Example 127']"
CHEMBL5837886,,,,,532.96,1,3,3.24,132.0,9.0,3.0,1.0,6.0,N,0.34,4.0,MOL,-1,37.0,-0.92,C24H24ClF3N8O,Nc1ncnc2c1ncn2Cc1cc(-c2ccc(Cl)c(F)c2)ncc1N1CCC[C@](N)([C@H](O)C(F)F)C1,SOQIUOAPFSBBMR-HYBUGGRVSA-N,"InChI=1S/C24H24ClF3N8O/c25-15-3-2-13(6-16(15)26)17-7-14(9-36-12-34-19-22(29)32-11-33-23(19)36)18(8-31-17)35-5-1-4-24(30,10-35)20(37)21(27)28/h2-3,6-8,11-12,20-21,37H,1,4-5,9-10,30H2,(H2,29,32,33)/t20-,24-/m1/s1",False,-1,['BDBM567951'],"['US11420970, Example 152']"
CHEMBL5427103,,,,,386.39,7,11,2.91,119.51,8.0,2.0,0.0,4.0,N,0.66,3.0,MOL,-1,27.0,-1.53,C17H14N4O5S,COC(=O)c1cc(NC(=O)Nc2ccc3nnsc3c2)cc(C(=O)OC)c1,IIYNJRWBTXZLCM-UHFFFAOYSA-N,"InChI=1S/C17H14N4O5S/c1-25-15(22)9-5-10(16(23)26-2)7-12(6-9)19-17(24)18-11-3-4-13-14(8-11)27-21-20-13/h3-8H,1-2H3,(H2,18,19,24)",False,-1,"['23', '14']","['dimethyl 5-(3-(benzo[d][1,2,3]thiadiazol-6-yl)ureido)isophthalate', 'dimethyl 5-(3-(benzo[d][1,2,3]thiadiazol-6-yl)ureido)isophthalate']"
CHEMBL5395206,,,,,383.81,1,1,0.79,102.76,7.0,3.0,0.0,5.0,N,0.69,1.0,MOL,-1,26.0,-0.25,C17H19ClFN3O4,CC(C)(O)[C@H](F)CNC1=C(Cl)C(=O)c2ccc(N3CC(O)C3)nc2C1=O,VXVQPLKHIPONBS-SNVBAGLBSA-N,"InChI=1S/C17H19ClFN3O4/c1-17(2,26)10(19)5-20-14-12(18)15(24)9-3-4-11(21-13(9)16(14)25)22-6-8(23)7-22/h3-4,8,10,20,23,26H,5-7H2,1-2H3/t10-/m1/s1",False,-1,['13d'],"['(R)-6-chloro-7-((2-fluoro-3-hydroxy-3-methylbutyl)amino)-2-(3-hydroxyazetidin1-yl)quinoline-5,8-dione']"
CHEMBL1393861,,,Small molecule,,464.57,17,25,4.48,87.16,6.0,2.0,0.0,9.0,N,0.49,3.0,MOL,-1,34.0,-1.44,C26H32N4O4,CCN(CC)CCCN(Cc1cc2cc3c(cc2nc1O)OCCO3)C(=O)Nc1ccccc1,CVFQTODNXGGXKJ-UHFFFAOYSA-N,"InChI=1S/C26H32N4O4/c1-3-29(4-2)11-8-12-30(26(32)27-21-9-6-5-7-10-21)18-20-15-19-16-23-24(34-14-13-33-23)17-22(19)28-25(20)31/h5-7,9-10,15-17H,3-4,8,11-14,18H2,1-2H3,(H,27,32)(H,28,31)",False,-1,"['SID847905', 'SID26726040']","['SID847905', 'SID26726040']"
CHEMBL569864,,,Small molecule,,490.65,51,237,3.87,65.99,8.0,1.0,0.0,7.0,N,0.54,3.0,MOL,-1,36.0,-1.27,C28H38N6O2,COc1cc2nc(N3CCCN(C)CC3)nc(NC3CCN(Cc4ccccc4)CC3)c2cc1OC,OSXFATOLZGZLSK-UHFFFAOYSA-N,"InChI=1S/C28H38N6O2/c1-32-12-7-13-34(17-16-32)28-30-24-19-26(36-3)25(35-2)18-23(24)27(31-28)29-22-10-14-33(15-11-22)20-21-8-5-4-6-9-21/h4-6,8-9,18-19,22H,7,10-17,20H2,1-3H3,(H,29,30,31)",False,-1,"['123, BIX-01294', '1; BIX01294', 'BIX-01294', '6, BIX-01294', 'BIX-01294', 'SID124896675', 'Bix-01294', '1, BIX-01294', 'BIX-01294', '3a, BIXo1294', '7, BIX-01294', 'BIX01294; 1', '72, BIX-01294', '2a, BIX-01294', '32, BIX-01294', 'SID124896674', '7, BIX-01294', 'SID90341493', 'BIX-01294', '1; BIX-01294', 'BIX-01294', 'BIX01294', '1; BIX-01294', '3; BIX-01294', '18; BIX01294', '2, Bix-01294', 'BIXO1294', 'BIX 01294', 'BIX-01294', '133; BIX-01294', '5; BIX-01294', '37; BIX01294', 'EOS100641', 'BIX01294', 'BIX 01294', 'Chemical probe: BIX01294', '7; BIX-01294', '24; BIX01294', '38; BIX01294', 'BIX 01294', '2', 'BIX-01294', '4; BIX-01294', 'BIX-01294', 'BIX 01294', '8; BIX01294', '1; BIX-01294', 'Chemical Probe: BIX01294', 'Chemical probe: BIX 01294', 'BIX01294', 'BIX-01294', '4; BIX-01294']","['N-(1-benzylpiperidin-4-yl)-6,7-dimethoxy-2-(4-methyl-1,4-diazepan-1-yl)quinazolin-4-amine', 'N-(1-benzyl-4-piperidyl)-6,7-dimethoxy-2-(4-methyl-1,4-diazepan-1-yl)quinazolin-4-amine', 'N-(1-benzylpiperidin-4-yl)-6,7-dimethoxy-2-(4-methyl-1,4-diazepan-1-yl)quinazolin-4-amine', 'N-(1-benzylpiperidin-4-yl)-6,7-dimethoxy-2-(4-methyl-1,4-diazepan-1-yl)quinazolin-4-amine', 'N-(1-benzylpiperidin-4-yl)-6,7-dimethoxy-2-(4-methyl-1,4-diazepan-1-yl)quinazolin-4-amine', 'SID124896675', 'N-(1-benzylpiperidin-4-yl)-6,7-dimethoxy-2-(4-methyl-1,4-diazepan-1-yl)quinazolin-4-amine', 'N-(1-benzylpiperidin-4-yl)-6,7-dimethoxy-2-(4-methyl-1,4-diazepan-1-yl)quinazolin-4-amine', 'BIX-01294', 'N-(1-Benzylpiperidin-4-yl)-6,7-dimethoxy-2-(4-methyl-1,4-diazepan-1-yl)quinazolin-4-amine', 'N-(1-benzylpiperidin-4-yl)-6,7-dimethoxy-2-(4-methyl-1,4-diazepan-1-yl)quinazolin-4-amine', 'N-(1-benzylpiperidin-4-yl)-6,7-dimethoxy-2-(4-methyl-1,4-diazepan-1-yl)quinazolin-4-amine', 'N-(1-benzylpiperidin-4-yl)-6,7-dimethoxy-2-(4-methyl-1,4-diazepan-1-yl)quinazolin-4-amine', 'N-(1-benzylpiperidin-4-yl)-6,7-dimethoxy-2-(4-methyl-1,4-diazepan-1-yl)quinazolin-4-amine', 'N-(1-benzylpiperidin-4-yl)-6,7-dimethoxy-2-(4-methyl-1,4-diazepan-1-yl)quinazolin-4-amine', 'SID124896674', 'N-(1-benzylpiperidin-4-yl)-6,7-dimethoxy-2-(4-methyl-1,4-diazepan-1-yl)quinazolin-4-amine', 'SID90341493', 'N-(1-benzylpiperidin-4-yl)-6,7-dimethoxy-2-(4-methyl-1,4-diazepan-1-yl)quinazolin-4-amine', 'N-(1-benzylpiperidin-4-yl)-6,7-dimethoxy-2-(4-methyl-1,4-diazepan-1-yl)quinazolin-4-amine', 'N-(1-benzylpiperidin-4-yl)-6,7-dimethoxy-2-(4-methyl-1,4-diazepan-1-yl)quinazolin-4-amine', 'N-(1-benzylpiperidin-4-yl)-6,7-dimethoxy-2-(4-methyl-1,4-diazepan-1-yl)quinazolin-4-amine', 'N-(1-benzylpiperidin-4-yl)-6,7-dimethoxy-2-(4-methyl-1,4-diazepan-1-yl)quinazolin-4-amine', 'N-(1-benzylpiperidin-4-yl)-6,7-dimethoxy-2-(4-methyl-1,4-diazepan-1-yl)quinazolin-4-amine', 'N-(1-benzylpiperidin-4-yl)-6,7-dimethoxy-2-(4-methyl-1,4-diazepan-1-yl)quinazolin-4-amine', 'N-(1-benzylpiperidin-4-yl)-6,7-dimethoxy-2-(4-methyl-1,4-diazepan-1-yl)quinazolin-4-amine', 'N-(1-benzyl-4-piperidyl)-6,7-dimethoxy-2-(4-methyl-1,4-diazepan-1-yl)quinazolin-4-amine', 'BIX 01294', '2-(Hexahydro-4-methyl-1H-1,4-diazepin-1-yl)-6,7-dimethoxy-N-[1-(phenylmethyl)-4-piperidinyl]-4-quinazolinamine', 'N-(1-benzyl-4-piperidyl)-6,7-dimethoxy-2-(4-methyl-1,4-diazepan-1-yl)quinazolin-4-amine', 'N-(1-Benzylpiperidin-4-yl)-6,7-dimethoxy-2-(4-methyl-1,4-diazepan-1-yl)quinazolin-4-amine', 'N-(1-benzylpiperidin-4-yl)-6,7-dimethoxy-2-(4-methyl-1,4-diazepan-1-yl)quinazolin-4-amine', 'BIX01294', 'N-(1-benzylpiperidin-4-yl)-6,7-dimethoxy-2-(4-methyl-1,4-diazepan-1-yl)quinazolin-4-amine', 'BIX 01294', 'BIX01294', 'N-(1-benzylpiperidin-4-yl)-6,7-dimethoxy-2-(4-methyl-1,4-diazepan-1-yl)quinazolin-4-amine', 'N-(1-benzylpiperidin-4-yl)-6,7-dimethoxy-2-(4-methyl-1,4-diazepan-1-yl)quinazolin-4-amine', 'N-(1-benzylpiperidin-4-yl)-6,7-dimethoxy-2-(4-methyl-1,4-diazepan-1-yl)quinazolin-4-amine', 'BIX 01294', 'N-(1-benzylpiperidin-4-yl)-6,7-dimethoxy-2-(4-methyl-1,4-diazepan-1-yl)quinazolin-4-amine', 'N-(1-benzylpiperidin-4-yl)-6,7-dimethoxy-2-(4-methyl-1,4-diazepan-1-yl)quinazolin-4-amine', 'N-(1-benzylpiperidin-4-yl)-6,7-dimethoxy-2-(4-methyl-1,4-diazepan-1-yl)quinazolin-4-amine', 'BIX-01294', 'BIX 01294', 'N-(1-benzyl-4-piperidyl)-6,7-dimethoxy-2-(4-methyl-1,4-diazepan-1-yl)quinazolin-4-amine', 'N-(1-benzylpiperidin-4-yl)-6,7-dimethoxy-2-(4-methyl-1,4-diazepan-1-yl)quinazolin-4-amine', 'BIX01294', 'BIX 01294', 'N-(1-benzylpiperidin-4-yl)-6,7-dimethoxy-2-(4-methyl-1,4-diazepan-1-yl)quinazolin-4-amine', 'N-(1-benzylpiperidin-4-yl)-6,7-dimethoxy-2-(4-methyl-1,4-diazepan-1-yl)quinazolin-4-amine', 'N-(1-benzylpiperidin-4-yl)-6,7-dimethoxy-2-(4-methyl-1,4-diazepan-1-yl)quinazolin-4-amine']"
CHEMBL3191063,,,Small molecule,,332.34,50,73,2.33,120.02,6.0,4.0,0.0,4.0,N,0.22,2.0,MOL,-1,23.0,-1.63,C14H12N4O4S,O=[N+]([O-])c1ccccc1NC(=S)N/N=C/c1ccc(O)c(O)c1,JWFMXPSDVRMODA-OVCLIPMQSA-N,"InChI=1S/C14H12N4O4S/c19-12-6-5-9(7-13(12)20)8-15-17-14(23)16-10-3-1-2-4-11(10)18(21)22/h1-8,19-20H,(H2,16,17,23)/b15-8+",False,-1,"['MMV1455381', 'SID24791854']","['MMV1455381', 'SID24791854']"
CHEMBL220259,,,Small molecule,,239.25,34,38,1.37,100.62,4.0,3.0,0.0,1.0,N,0.52,2.0,MOL,-1,16.0,0.03,C10H9NO4S,Nc1ccc2c(O)cc(S(=O)(=O)O)cc2c1,KYARBIJYVGJZLB-UHFFFAOYSA-N,"InChI=1S/C10H9NO4S/c11-7-1-2-9-6(3-7)4-8(5-10(9)12)16(13,14)15/h1-5,12H,11H2,(H,13,14,15)",False,-1,"['SID144213627', 'SID144209430', '10a', 'SID89853596']","['SID144213627', 'SID144209430', '7-amino-4-hydroxynaphthalene-2-sulfonic acid', 'SID89853596']"
CHEMBL1375346,,,Small molecule,,402.54,17,31,4.29,50.16,5.0,1.0,0.0,9.0,N,0.58,3.0,MOL,-1,28.0,-2.1,C21H27FN4OS,CCCN(CCC)CCNC(=O)c1cc2c(-c3ccccc3F)nn(C)c2s1,VPLGPTNWXVJMBQ-UHFFFAOYSA-N,"InChI=1S/C21H27FN4OS/c1-4-11-26(12-5-2)13-10-23-20(27)18-14-16-19(24-25(3)21(16)28-18)15-8-6-7-9-17(15)22/h6-9,14H,4-5,10-13H2,1-3H3,(H,23,27)",False,-1,"['SID24398608', 'SID49666863']","['SID24398608', 'SID49666863']"
CHEMBL1309949,,,Small molecule,,418.47,27,30,5.32,94.6,5.0,2.0,1.0,4.0,N,0.56,3.0,MOL,-1,30.0,-1.29,C23H18N2O4S,Cc1ccc(C)c(N2C(=N)S/C(=C\c3ccc(-c4ccccc4C(=O)O)o3)C2=O)c1,UNELMGUYQOCWST-HTHTTXKWSA-N,"InChI=1S/C23H18N2O4S/c1-13-7-8-14(2)18(11-13)25-21(26)20(30-23(25)24)12-15-9-10-19(29-15)16-5-3-4-6-17(16)22(27)28/h3-12,24H,1-2H3,(H,27,28)/b20-12-,24-23?",False,-1,['SID24823557'],['SID24823557']
CHEMBL3195661,,,Small molecule,,433.58,8,12,5.01,66.54,7.0,1.0,1.0,9.0,N,0.3,4.0,MOL,-1,31.0,-1.65,C24H27N5OS,CCN(CC)CCC/N=C/c1c(-c2ccccc2)nn(-c2nc3ccccc3s2)c1O,BQYAHXUOHYYXCP-KOEQRZSOSA-N,"InChI=1S/C24H27N5OS/c1-3-28(4-2)16-10-15-25-17-19-22(18-11-6-5-7-12-18)27-29(23(19)30)24-26-20-13-8-9-14-21(20)31-24/h5-9,11-14,17,30H,3-4,10,15-16H2,1-2H3/b25-17+",False,-1,['SID26660513'],['SID26660513']
CHEMBL4747788,,,Unknown,,294.33,1,2,3.5,44.1,2.0,0.0,0.0,4.0,N,0.87,2.0,MOL,-1,22.0,-2.17,C18H15FN2O,N#Cc1ccc(C(=O)N(Cc2ccc(F)cc2)C2CC2)cc1,GANZESJYJAYISW-UHFFFAOYSA-N,"InChI=1S/C18H15FN2O/c19-16-7-3-14(4-8-16)12-21(17-9-10-17)18(22)15-5-1-13(11-20)2-6-15/h1-8,17H,9-10,12H2",False,-1,['3'],['4-cyano-N-cyclopropyl-N-(4-fluorobenzyl)benzamide']
CHEMBL1541863,,,Small molecule,,472.5,34,36,3.63,120.74,5.0,3.0,0.0,6.0,N,0.37,3.0,MOL,-1,35.0,-1.8,C26H24N4O5,Cc1ccc(NC(=O)CN2C(=O)N/C(=C/c3cc(C)n(-c4cccc(C(=O)O)c4)c3C)C2=O)cc1,JLVGEQMKLSAPSI-LPYMAVHISA-N,"InChI=1S/C26H24N4O5/c1-15-7-9-20(10-8-15)27-23(31)14-29-24(32)22(28-26(29)35)13-19-11-16(2)30(17(19)3)21-6-4-5-18(12-21)25(33)34/h4-13H,14H2,1-3H3,(H,27,31)(H,28,35)(H,33,34)/b22-13+",False,-1,"['SID87345082', 'SID24823016']","['SID87345082', 'SID24823016']"
CHEMBL340219,,,Small molecule,,351.79,4,4,3.22,74.85,4.0,2.0,0.0,4.0,N,0.76,3.0,MOL,-1,25.0,-0.25,C19H14ClN3O2,O=C1C(Cl)=C(NCCc2c[nH]c3ccccc23)C(=O)c2ncccc21,CHHRKUIAZMOQCW-UHFFFAOYSA-N,"InChI=1S/C19H14ClN3O2/c20-15-17(19(25)16-13(18(15)24)5-3-8-21-16)22-9-7-11-10-23-14-6-2-1-4-12(11)14/h1-6,8,10,22-23H,7,9H2",False,-1,"['DA3018', '11c']","['6-Chloro-7-[2-(1H-indol-3-yl)-ethylamino]-quinoline-5,8-dione', '7-((2-(1H-indol-3-yl)ethyl)amino)-6-chloroquinoline-5,8-dione']"
CHEMBL1699845,,,Small molecule,,284.7,46,62,3.6,43.37,3.0,0.0,0.0,2.0,N,0.85,2.0,MOL,-1,20.0,0.07,C16H9ClO3,O=C1C(Cl)=C(Oc2ccccc2)C(=O)c2ccccc21,QPTXRNYONDDBEL-UHFFFAOYSA-N,InChI=1S/C16H9ClO3/c17-13-14(18)11-8-4-5-9-12(11)15(19)16(13)20-10-6-2-1-3-7-10/h1-9H,False,-1,"['SID89852624', '3a']","['SID89852624', '2-chloro-3-phenoxynaphthalene-1,4-dione']"
CHEMBL5430389,,,,,411.84,1,1,2.78,79.37,5.0,1.0,0.0,5.0,N,0.81,1.0,MOL,-1,28.0,-0.66,C19H20ClF2N3O3,CC(F)(F)C(=O)NCCC1CCN(C2=C(Cl)C(=O)c3cccnc3C2=O)CC1,PJQIYVJTWMEENE-UHFFFAOYSA-N,"InChI=1S/C19H20ClF2N3O3/c1-19(21,22)18(28)24-8-4-11-5-9-25(10-6-11)15-13(20)16(26)12-3-2-7-23-14(12)17(15)27/h2-3,7,11H,4-6,8-10H2,1H3,(H,24,28)",False,-1,['14k'],"['N-(2-(1-(6-chloro-5,8-dioxo-5,8-dihydroquinolin-7-yl)piperidin-4-yl)ethyl)-2,2-difluoropropanamide']"
CHEMBL4874776,,,Unknown,,192.25,1,3,1.2,63.83,5.0,3.0,0.0,1.0,N,0.36,2.0,MOL,-1,13.0,-1.35,C8H8N4S,NNc1nc2ccccc2nc1S,TVYAHCDRRICQJM-UHFFFAOYSA-N,"InChI=1S/C8H8N4S/c9-12-7-8(13)11-6-4-2-1-3-5(6)10-7/h1-4H,9H2,(H,10,12)(H,11,13)",False,-1,"['1; MCPT-39', '29; MCTP-39', '4']","['3-hydrazineylquinoxaline-2-thiol', '3-hydrazineylquinoxaline-2-thiol', '3-hydrazinoquinoxaline-2-thiol']"
CHEMBL5903363,,,,,534.49,1,3,2.86,132.0,9.0,3.0,1.0,6.0,N,0.25,4.0,MOL,-1,38.0,-0.68,C24H23F5N8O,Nc1ncnc2c1ncn2Cc1cc(-c2ccc(F)c(F)c2F)ncc1N1CCC[C@](N)([C@@H](O)C(F)F)C1,GDXCBZJBGSNOOL-GBXCKJPGSA-N,"InChI=1S/C24H23F5N8O/c25-14-3-2-13(17(26)18(14)27)15-6-12(8-37-11-35-19-22(30)33-10-34-23(19)37)16(7-32-15)36-5-1-4-24(31,9-36)20(38)21(28)29/h2-3,6-7,10-11,20-21,38H,1,4-5,8-9,31H2,(H2,30,33,34)/t20-,24+/m0/s1",False,-1,['BDBM567971'],"['US11420970, Example 172']"
CHEMBL5872075,,,,,565.0,1,3,5.5,121.42,8.0,2.0,2.0,5.0,N,0.27,5.0,MOL,-1,40.0,-0.74,C28H24ClF3N8,Nc1ncnc2c1ncn2Cc1cc(-c2ccc(F)c(F)c2)ncc1C1CCC[C@](N)(c2nc(Cl)ccc2F)C1,USILTGLPCKMFRE-GMTYSHBUSA-N,"InChI=1S/C28H24ClF3N8/c29-23-6-5-20(31)25(39-23)28(34)7-1-2-16(10-28)18-11-35-22(15-3-4-19(30)21(32)8-15)9-17(18)12-40-14-38-24-26(33)36-13-37-27(24)40/h3-6,8-9,11,13-14,16H,1-2,7,10,12,34H2,(H2,33,36,37)/t16?,28-/m1/s1",False,-1,['BDBM567991'],"['US11420970, Example 192']"
CHEMBL5857132,,,,,492.56,1,6,2.61,130.23,10.0,2.0,0.0,7.0,N,0.4,4.0,MOL,-1,36.0,-0.76,C25H29FN8O2,COC[C@@]1(N)CCCN(c2cnc(-c3ccc(OC)c(F)c3)cc2Cn2cnc3c(N)ncnc32)C1,QPVMYPKWRAEDHU-RUZDIDTESA-N,"InChI=1S/C25H29FN8O2/c1-35-13-25(28)6-3-7-33(12-25)20-10-29-19(16-4-5-21(36-2)18(26)8-16)9-17(20)11-34-15-32-22-23(27)30-14-31-24(22)34/h4-5,8-10,14-15H,3,6-7,11-13,28H2,1-2H3,(H2,27,30,31)/t25-/m1/s1",False,-1,['BDBM567837'],"['US11420970, Example 38::US11420970, Example 46']"
CHEMBL5900203,,,,,563.56,1,3,4.58,124.66,9.0,2.0,1.0,6.0,N,0.29,5.0,MOL,-1,41.0,-1.16,C28H25F4N9,Nc1ncnc2c1ncn2Cc1cc(-c2ccc(F)c(F)c2)ncc1N1CCC[C@](N)(c2cccc(C(F)F)n2)C1,NCOMVLSBJJHJLG-MUUNZHRXSA-N,"InChI=1S/C28H25F4N9/c29-18-6-5-16(9-19(18)30)21-10-17(12-41-15-38-24-26(33)36-14-37-27(24)41)22(11-35-21)40-8-2-7-28(34,13-40)23-4-1-3-20(39-23)25(31)32/h1,3-6,9-11,14-15,25H,2,7-8,12-13,34H2,(H2,33,36,37)/t28-/m1/s1",False,-1,['BDBM568025'],"['US11420970, Example 227']"
CHEMBL5911792,,,,,565.99,1,3,4.44,124.66,9.0,2.0,1.0,5.0,N,0.24,5.0,MOL,-1,40.0,-0.9,C27H23ClF3N9,Nc1ncnc2c1ncn2Cc1cc(-c2cc(F)c(F)cc2F)ncc1N1CCC[C@](N)(c2cccc(Cl)n2)C1,XQHZHTLNHXBRSV-HHHXNRCGSA-N,"InChI=1S/C27H23ClF3N9/c28-23-4-1-3-22(38-23)27(33)5-2-6-39(12-27)21-10-34-20(16-8-18(30)19(31)9-17(16)29)7-15(21)11-40-14-37-24-25(32)35-13-36-26(24)40/h1,3-4,7-10,13-14H,2,5-6,11-12,33H2,(H2,32,35,36)/t27-/m1/s1",False,-1,['BDBM568035'],"['US11420970, Example 237']"
CHEMBL5899203,,,,,514.54,1,3,3.04,137.55,10.0,2.0,1.0,5.0,N,0.36,5.0,MOL,-1,38.0,-1.21,C26H24F2N10,Nc1ncnc2c1ncn2Cc1cc(-c2ccc(F)c(F)c2)ncc1N1CCCC(N)(c2cccnn2)C1,WIWYMLPHFFTHMC-UHFFFAOYSA-N,"InChI=1S/C26H24F2N10/c27-18-5-4-16(9-19(18)28)20-10-17(12-38-15-34-23-24(29)32-14-33-25(23)38)21(11-31-20)37-8-2-6-26(30,13-37)22-3-1-7-35-36-22/h1,3-5,7,9-11,14-15H,2,6,8,12-13,30H2,(H2,29,32,33)",False,-1,['BDBM568051'],"['US11420970, Example 253']"
CHEMBL5860352,,,,,564.0,1,3,3.27,144.89,10.0,3.0,1.0,5.0,N,0.27,5.0,MOL,-1,40.0,-0.83,C27H24ClF2N9O,Nc1ncnc2c1ncn2Cc1cc(-c2ccc(F)c(F)c2)ncc1N1CC[C@@H](O)[C@](N)(c2cccc(Cl)n2)C1,BRJYJJXPWLLDRE-AJTFRIOCSA-N,"InChI=1S/C27H24ClF2N9O/c28-23-3-1-2-21(37-23)27(32)12-38(7-6-22(27)40)20-10-33-19(15-4-5-17(29)18(30)8-15)9-16(20)11-39-14-36-24-25(31)34-13-35-26(24)39/h1-5,8-10,13-14,22,40H,6-7,11-12,32H2,(H2,31,34,35)/t22-,27-/m1/s1",False,-1,['BDBM568100'],"['US11420970, Example 302']"
CHEMBL5893640,,,,,450.5,1,3,3.11,111.77,8.0,2.0,0.0,4.0,N,0.49,4.0,MOL,-1,33.0,-1.06,C23H24F2N8,C[C@H]1CC[C@@H](N)CN1c1cnc(-c2ccc(F)c(F)c2)cc1Cn1cnc2c(N)ncnc21,GAFBETZZVZMNAO-XJKSGUPXSA-N,"InChI=1S/C23H24F2N8/c1-13-2-4-16(26)10-33(13)20-8-28-19(14-3-5-17(24)18(25)6-14)7-15(20)9-32-12-31-21-22(27)29-11-30-23(21)32/h3,5-8,11-13,16H,2,4,9-10,26H2,1H3,(H2,27,29,30)/t13-,16+/m0/s1",False,-1,['BDBM568108'],"['US11420970, Example 310']"
CHEMBL5748040,,,,,480.48,1,3,2.18,149.07,9.0,3.0,0.0,5.0,N,0.39,4.0,MOL,-1,35.0,-0.87,C23H22F2N8O2,Nc1ncnc2c1ncn2Cc1cc(-c2ccc(F)c(F)c2)ncc1N1CCC[C@@H](N)[C@H]1C(=O)O,URIWUYOVRXDHKH-UZLBHIALSA-N,"InChI=1S/C23H22F2N8O2/c24-14-4-3-12(6-15(14)25)17-7-13(9-32-11-31-19-21(27)29-10-30-22(19)32)18(8-28-17)33-5-1-2-16(26)20(33)23(34)35/h3-4,6-8,10-11,16,20H,1-2,5,9,26H2,(H,34,35)(H2,27,29,30)/t16-,20+/m1/s1",False,-1,['BDBM568117'],"['US11420970, Example 319']"
CHEMBL5567265,,,,,323.28,2,2,2.51,78.85,6.0,1.0,0.0,4.0,N,0.8,3.0,MOL,-1,23.0,-1.27,C14H12F3N5O,Nc1ncnc2c1ncn2CCOc1ccc(C(F)(F)F)cc1,LMIWLTNQTQCAFF-UHFFFAOYSA-N,"InChI=1S/C14H12F3N5O/c15-14(16,17)9-1-3-10(4-2-9)23-6-5-22-8-21-11-12(18)19-7-20-13(11)22/h1-4,7-8H,5-6H2,(H2,18,19,20)",False,-1,['5'],['9-(2-(4-(trifluoromethyl)phenoxy)ethyl)-9H-purin-6-amine']
CHEMBL3199263,,,Small molecule,,316.79,30,38,3.53,58.45,4.0,0.0,0.0,4.0,N,0.49,2.0,MOL,-1,22.0,-1.18,C16H17ClN4O,CC(=O)c1c(C)nc(-c2ccc(Cl)cc2)nc1/N=C/N(C)C,DOKHPKPKRPPPSC-GIJQJNRQSA-N,"InChI=1S/C16H17ClN4O/c1-10-14(11(2)22)16(18-9-21(3)4)20-15(19-10)12-5-7-13(17)8-6-12/h5-9H,1-4H3/b18-9+",False,-1,['SID4247586'],['SID4247586']
CHEMBL1413866,,,Small molecule,,365.42,43,52,2.16,132.02,10.0,3.0,0.0,4.0,N,0.6,3.0,MOL,-1,23.0,-2.64,C12H7N5O3S3,N#Cc1c(SCC(=O)Nc2nncs2)sc2c(O)cc(O)nc12,PQPVKPUSPFHSSH-UHFFFAOYSA-N,"InChI=1S/C12H7N5O3S3/c13-2-5-9-10(6(18)1-7(19)15-9)23-11(5)21-3-8(20)16-12-17-14-4-22-12/h1,4H,3H2,(H2,15,18,19)(H,16,17,20)",False,-1,['SID49680993'],['SID49680993']
CHEMBL1345195,,,Small molecule,,343.43,44,58,3.5,60.77,5.0,2.0,0.0,3.0,N,0.51,2.0,MOL,-1,23.0,-1.27,C17H13NO3S2,O=C1/C(=C\c2cccc(O)c2O)SC(=S)N1Cc1ccccc1,ONAZKRHHQUOXCZ-NTEUORMPSA-N,"InChI=1S/C17H13NO3S2/c19-13-8-4-7-12(15(13)20)9-14-16(21)18(17(22)23-14)10-11-5-2-1-3-6-11/h1-9,19-20H,10H2/b14-9+",False,-1,['SID47197806'],['SID47197806']
CHEMBL1437673,,,Small molecule,,407.5,17,21,4.81,88.26,7.0,1.0,0.0,8.0,N,0.42,3.0,MOL,-1,29.0,-1.45,C22H21N3O3S,CCCOc1ccc(-c2nc(SCc3ccccc3)nc(O)c2C#N)cc1OC,UYDFQOGOFNVYDE-UHFFFAOYSA-N,"InChI=1S/C22H21N3O3S/c1-3-11-28-18-10-9-16(12-19(18)27-2)20-17(13-23)21(26)25-22(24-20)29-14-15-7-5-4-6-8-15/h4-10,12H,3,11,14H2,1-2H3,(H,24,25,26)",False,-1,['SID49679530'],['SID49679530']
CHEMBL4279997,,,Small molecule,,378.39,3,3,1.27,162.18,7.0,4.0,0.0,6.0,N,0.5,3.0,MOL,-1,28.0,-1.46,C19H18N6O3,N#Cc1c(N)n(CC(N)=O)c2ccc(Oc3ccc(NC(=O)CN)cc3)cc12,RENJWONWHHGEMN-UHFFFAOYSA-N,"InChI=1S/C19H18N6O3/c20-8-15-14-7-13(5-6-16(14)25(19(15)23)10-17(22)26)28-12-3-1-11(2-4-12)24-18(27)9-21/h1-7H,9-10,21,23H2,(H2,22,26)(H,24,27)",False,-1,['11'],['2-amino-N-(4-(2-amino-1-(2-amino-2-oxoethyl)-3-cyano-1H-indol-5-yloxy)phenyl)acetamide']
CHEMBL1398645,,,Small molecule,,327.45,50,76,4.87,7.12,1.0,0.0,0.0,2.0,N,0.61,3.0,MOL,-1,25.0,-0.2,C23H23N2+,CCN1C=C/C(=C/c2ccc3ccccc3[n+]2C)c2ccc(C)cc21,RORIJCSRDCVUQX-UHFFFAOYSA-N,"InChI=1S/C23H23N2/c1-4-25-14-13-19(21-12-9-17(2)15-23(21)25)16-20-11-10-18-7-5-6-8-22(18)24(20)3/h5-16H,4H2,1-3H3/q+1",False,-1,['SID24810566'],['SID24810566']
CHEMBL5619351,,,,,341.42,1,1,2.41,83.3,7.0,1.0,0.0,5.0,N,0.89,2.0,MOL,-1,25.0,-1.12,C18H23N5O2,CCN1CCC(Nc2nc(C#N)nc3cc(OC)c(OC)cc23)CC1,PDTVFFZVADKKQG-UHFFFAOYSA-N,"InChI=1S/C18H23N5O2/c1-4-23-7-5-12(6-8-23)20-18-13-9-15(24-2)16(25-3)10-14(13)21-17(11-19)22-18/h9-10,12H,4-8H2,1-3H3,(H,20,21,22)",False,-1,['27'],"['6,7-Dimethoxy-4-((1-ethylpiperidin-4-yl)amino)quinazoline-2-carbonitrile']"
CHEMBL5408212,,,,,480.52,3,5,2.74,121.0,9.0,2.0,0.0,6.0,N,0.43,4.0,MOL,-1,35.0,-0.9,C24H26F2N8O,COC[C@@]1(N)CCCN(c2cnc(-c3ccc(F)c(F)c3)cc2Cn2cnc3c(N)ncnc32)C1,OPJPZRUHVUFNAY-XMMPIXPASA-N,"InChI=1S/C24H26F2N8O/c1-35-12-24(28)5-2-6-33(11-24)20-9-29-19(15-3-4-17(25)18(26)7-15)8-16(20)10-34-14-32-21-22(27)30-13-31-23(21)34/h3-4,7-9,13-14H,2,5-6,10-12,28H2,1H3,(H2,27,30,31)/t24-/m1/s1",False,-1,"['37', 'BDBM567822']","['(R)-9-((5-(3-amino-3-(methoxymethyl)piperidin-1-yl)-2-(3,4-difluorophenyl)pyridin-4-yl)methyl)-9H-purin-6-amine', 'US11420970, Example 23']"
CHEMBL5419719,,,,,480.52,3,5,2.74,121.0,9.0,2.0,0.0,6.0,N,0.43,4.0,MOL,-1,35.0,-0.76,C24H26F2N8O,COC[C@@]1(N)CCCN(c2cnc(-c3ccc(F)cc3F)cc2Cn2cnc3c(N)ncnc32)C1,DGGOQICQTAGRMC-XMMPIXPASA-N,"InChI=1S/C24H26F2N8O/c1-35-12-24(28)5-2-6-33(11-24)20-9-29-19(17-4-3-16(25)8-18(17)26)7-15(20)10-34-14-32-21-22(27)30-13-31-23(21)34/h3-4,7-9,13-14H,2,5-6,10-12,28H2,1H3,(H2,27,30,31)/t24-/m1/s1",False,-1,"['39', 'BDBM567828']","['(R)-9-((5-(3-amino-3-(methoxymethyl)piperidin-1-yl)-2-(2,4-difluorophenyl)pyridin-4-yl)methyl)-9H-purin-6-amine', 'US11420970, Example 29']"
CHEMBL5619544,,,,,395.51,1,1,3.73,83.3,7.0,1.0,0.0,5.0,N,0.83,2.0,MOL,-1,29.0,-0.85,C22H29N5O2,COc1cc2nc(C#N)nc(NC3CCN(C4CCCCC4)CC3)c2cc1OC,GQAARXJRZUFJKI-UHFFFAOYSA-N,"InChI=1S/C22H29N5O2/c1-28-19-12-17-18(13-20(19)29-2)25-21(14-23)26-22(17)24-15-8-10-27(11-9-15)16-6-4-3-5-7-16/h12-13,15-16H,3-11H2,1-2H3,(H,24,25,26)",False,-1,['31'],"['6,7-Dimethoxy-4-((1-cyclohexylpiperidin-4-yl)amino)quinazoline-2-carbonitrile']"
CHEMBL5202390,,,,,435.58,1,1,4.8,56.88,5.0,1.0,0.0,4.0,N,0.5,4.0,MOL,-1,33.0,-0.89,C28H29N5,Cc1cc(CN2CCNCC2)cc(C)c1-c1ncn(C)c1-c1ccc(C#N)c2ccccc12,KSECZFMCHQKPGJ-UHFFFAOYSA-N,"InChI=1S/C28H29N5/c1-19-14-21(17-33-12-10-30-11-13-33)15-20(2)26(19)27-28(32(3)18-31-27)25-9-8-22(16-29)23-6-4-5-7-24(23)25/h4-9,14-15,18,30H,10-13,17H2,1-3H3",False,-1,['37'],"['4-(4-(2,6-dimethyl-4-(piperazin-1-ylmethyl)phenyl)-1-methyl-1H-imidazol-5-yl)-1-naphthonitrile']"
CHEMBL3199929,,,Small molecule,,241.33,5,5,2.32,68.42,5.0,2.0,0.0,1.0,N,0.55,0.0,MOL,-1,17.0,-0.66,C12H23N3O2,CCN1CCCCC(=N/O)/C(=N/O)CCCC1,RAKNVXNDFBGSEL-HEEUSZRZSA-N,"InChI=1S/C12H23N3O2/c1-2-15-9-5-3-7-11(13-16)12(14-17)8-4-6-10-15/h16-17H,2-10H2,1H3/b13-11-,14-12+",False,-1,['SID26664589'],['SID26664589']
CHEMBL1451772,,,Small molecule,,326.78,55,87,3.69,49.41,4.0,1.0,0.0,3.0,N,0.93,2.0,MOL,-1,23.0,-0.73,C18H15ClN2O2,CN(C)c1ccc(NC2=C(Cl)C(=O)c3ccccc3C2=O)cc1,IFCBGAQTKDYXAL-UHFFFAOYSA-N,"InChI=1S/C18H15ClN2O2/c1-21(2)12-9-7-11(8-10-12)20-16-15(19)17(22)13-5-3-4-6-14(13)18(16)23/h3-10,20H,1-2H3",False,-1,['SID17510377'],['SID17510377']
CHEMBL1448671,,,Small molecule,,257.25,40,55,2.63,79.54,3.0,2.0,0.0,4.0,N,0.82,2.0,MOL,-1,19.0,-0.98,C14H11NO4,O=C(/C=C/c1ccco1)Nc1ccccc1C(=O)O,ZQZWZICEYIOQMW-BQYQJAHWSA-N,"InChI=1S/C14H11NO4/c16-13(8-7-10-4-3-9-19-10)15-12-6-2-1-5-11(12)14(17)18/h1-9H,(H,15,16)(H,17,18)/b8-7+",False,-1,['SID24795664'],['SID24795664']
CHEMBL5567841,,,,,312.36,2,2,1.65,102.64,8.0,2.0,0.0,4.0,N,0.71,3.0,MOL,-1,22.0,-1.55,C14H12N6OS,N#Cc1ccc(OCCn2c(S)nc3c(N)ncnc32)cc1,IOZHABSMAWQUDF-UHFFFAOYSA-N,"InChI=1S/C14H12N6OS/c15-7-9-1-3-10(4-2-9)21-6-5-20-13-11(19-14(20)22)12(16)17-8-18-13/h1-4,8H,5-6H2,(H,19,22)(H2,16,17,18)",False,-1,['20'],['4-(2-(6-amino-8-mercapto-9H-purin-9-yl)ethoxy)benzonitrile']
CHEMBL1456904,,,Small molecule,,344.41,38,56,3.74,42.31,4.0,0.0,0.0,1.0,N,0.53,3.0,MOL,-1,26.0,-0.49,C22H20N2O2,Cn1c(=O)cc2c3c(c(N4CCCCC4)ccc31)C(=O)c1ccccc1-2,ZMXVWFFEPNMQNW-UHFFFAOYSA-N,"InChI=1S/C22H20N2O2/c1-23-17-9-10-18(24-11-5-2-6-12-24)21-20(17)16(13-19(23)25)14-7-3-4-8-15(14)22(21)26/h3-4,7-10,13H,2,5-6,11-12H2,1H3",False,-1,"['SID26659237', 'AL5']","['SID26659237', '3-methyl-6-(piperidin-1-yl)-2H-naphtho[1,2,3-de]quinoline-2,7(3H)-dione']"
CHEMBL1872366,,,Small molecule,,352.35,12,14,3.33,99.96,5.0,2.0,0.0,4.0,N,0.75,3.0,MOL,-1,26.0,-0.52,C19H16N2O5,COc1cc(N(C(C)=O)c2ccc(O)c(C(=O)O)c2)c2ncccc2c1,RWCDTVXBMLSVIX-UHFFFAOYSA-N,"InChI=1S/C19H16N2O5/c1-11(22)21(13-5-6-17(23)15(9-13)19(24)25)16-10-14(26-2)8-12-4-3-7-20-18(12)16/h3-10,23H,1-2H3,(H,24,25)",False,-1,['SID99356045'],['SID99356045']
CHEMBL1320799,,,Small molecule,,294.29,36,47,1.56,138.23,7.0,3.0,0.0,3.0,N,0.74,2.0,MOL,-1,20.0,-1.45,C11H10N4O4S,NS(=O)(=O)c1ccc(N=Nc2ccc(O)nc2O)cc1,NVVKOBSVOCFOEN-UHFFFAOYSA-N,"InChI=1S/C11H10N4O4S/c12-20(18,19)8-3-1-7(2-4-8)14-15-9-5-6-10(16)13-11(9)17/h1-6H,(H2,12,18,19)(H2,13,16,17)",False,-1,['SID26666847'],['SID26666847']
CHEMBL4546971,,,Unknown,,337.26,24,24,3.15,23.55,2.0,0.0,0.0,1.0,N,0.79,1.0,MOL,-1,20.0,-0.99,C16H21BrN2O,CN1CCCC12CCN(C(=O)c1cccc(Br)c1)CC2,FCKOAIFFLSMPKY-UHFFFAOYSA-N,"InChI=1S/C16H21BrN2O/c1-18-9-3-6-16(18)7-10-19(11-8-16)15(20)13-4-2-5-14(17)12-13/h2,4-5,12H,3,6-11H2,1H3",False,-1,['20'],"['(3-bromophenyl)(1-methyl-1,8-diazaspiro[4.5]decan-8-yl)methanone']"
CHEMBL4847094,,,Unknown,,468.45,1,1,3.48,70.23,4.0,3.0,0.0,6.0,N,0.6,3.0,MOL,-1,28.0,-1.16,C22H27Cl2N3O2S,Cl.Cl.O=S(=O)(NCc1ccccc1)c1cccc2c(NC3CCNCC3)cccc12,GDKFUIBUYYRHGO-UHFFFAOYSA-N,"InChI=1S/C22H25N3O2S.2ClH/c26-28(27,24-16-17-6-2-1-3-7-17)22-11-5-8-19-20(22)9-4-10-21(19)25-18-12-14-23-15-13-18;;/h1-11,18,23-25H,12-16H2;2*1H",False,-1,['11w'],['N-benzyl-5-(piperidin-4-ylamino)naphthalene-1-sulfonamide dihydrochloride']
CHEMBL4560955,,,Unknown,,309.21,24,24,2.23,23.55,2.0,0.0,0.0,1.0,N,0.79,1.0,MOL,-1,18.0,-0.96,C14H17BrN2O,CN1CC[C@H]2CN(C(=O)c3cccc(Br)c3)C[C@H]21,PGXTZVYRQVIGLG-WCQYABFASA-N,"InChI=1S/C14H17BrN2O/c1-16-6-5-11-8-17(9-13(11)16)14(18)10-3-2-4-12(15)7-10/h2-4,7,11,13H,5-6,8-9H2,1H3/t11-,13+/m0/s1",False,-1,['8'],"['(3-bromophenyl)((3aS,6aS)-1-methylhexahydropyrrolo[2,3-c]pyrrol-5(1H)-yl)methanone']"
CHEMBL1465938,,,Small molecule,,419.48,61,89,3.53,112.93,6.0,3.0,0.0,7.0,N,0.4,3.0,MOL,-1,28.0,-1.1,C19H17NO6S2,COc1ccc(S(=O)(=O)Nc2cc(SCC(=O)O)c(O)c3ccccc23)cc1,WWPDFQGBFIREKS-UHFFFAOYSA-N,"InChI=1S/C19H17NO6S2/c1-26-12-6-8-13(9-7-12)28(24,25)20-16-10-17(27-11-18(21)22)19(23)15-5-3-2-4-14(15)16/h2-10,20,23H,11H2,1H3,(H,21,22)",False,-1,"['SID124384946', '11', 'SID49725028']","['SID124384946', '2-((1-Hydroxy-4-(4-methoxyphenylsulfonamido)naphthalen-2-yl)thio)acetic Acid', 'SID49725028']"
CHEMBL5401398,,,,,512.68,24,54,3.45,103.53,6.0,3.0,1.0,10.0,N,0.33,2.0,MOL,-1,36.0,-1.03,C27H36N4O4S,C=CC(=O)NCc1cc(C(=O)NCc2c(SC)cc(C)[nH]c2=O)c(C)c(N(CC)C2CCOCC2)c1,BKTRXKQBQKZJJS-UHFFFAOYSA-N,"InChI=1S/C27H36N4O4S/c1-6-25(32)28-15-19-13-21(18(4)23(14-19)31(7-2)20-8-10-35-11-9-20)26(33)29-16-22-24(36-5)12-17(3)30-27(22)34/h6,12-14,20H,1,7-11,15-16H2,2-5H3,(H,28,32)(H,29,33)(H,30,34)",False,-1,['16; BBDDL2059'],"['5-(acrylamidomethyl)-3-(ethyl(tetrahydro-2H-pyran-4-yl)amino)-2-methyl-N-((6-methyl-4-(methylthio)-2-oxo-1,2-dihydropyridin-3-yl)methyl)benzamide']"
CHEMBL66953,PURPUROGALLIN,,Small molecule,,220.18,116,208,1.02,97.99,5.0,4.0,0.0,0.0,N,0.5,2.0,MOL,-1,16.0,1.05,C11H8O5,O=c1c(O)cccc2cc(O)c(O)c(O)c12,WDGFFVCWBZVLCE-UHFFFAOYSA-N,"InChI=1S/C11H8O5/c12-6-3-1-2-5-4-7(13)10(15)11(16)8(5)9(6)14/h1-4,13,15-16H,(H,12,14)",False,-1,"['Purpurogallin', '13', 'SID26749165', '104', 'NCI35676', 'NSC 35676', 'Figure3,3', 'PURPUROGALLIN', 'Purpurogallin', 'Purpurogallin', 'NSC35676', '35676', '79', '5', 'SID26665710', '74', '0035676:01', '10', 'PURPUROGALLIN', 'EOS102389', 'EOS102389', 'PPG', 'PURPUROGALLIN']","['2,3,4,6-Tetrahydroxy-benzocyclohepten-5-one', '2,3,4,6-tetrahydroxy-5H-benzo[7]annulen-5-one', 'SID26749165', None, '2,3,4,6-tetrahydroxy-5H-benzo[7]annulen-5-one', 'Purpurogallin', '2,3,4,6-tetrahydroxy-5H-benzo[7]annulen-5-one', 'PURPUROGALLIN', 'Purpurogallin', '2,3,4,6-Tetrahydroxy-benzocyclohepten-5-one', '2,3,4,6-tetrahydroxy-5H-benzo[7]annulen-5-one', '(6E,8Z)-2,3,4,6-tetrahydroxy-5H-benzo[7]annulen-5-one', 'Purpurogallin', 'Purpurogallin', 'SID26665710', 'Purpurogallin', 'CO-ADD:0135900', 'Purpurogallin', 'PURPUROGALLIN', 'PURPUROGALLIN', 'PURPUROGALLIN', 'Purpurogallin', 'PURPUROGALLIN']"
CHEMBL4875973,,,Unknown,,312.8,1,1,3.35,55.12,2.0,2.0,0.0,3.0,N,0.72,3.0,MOL,-1,21.0,-0.93,C18H17ClN2O,Cl.Nc1cccc2c(C(=O)NCc3ccccc3)cccc12,SCZNMMURUAMNIY-UHFFFAOYSA-N,"InChI=1S/C18H16N2O.ClH/c19-17-11-5-8-14-15(17)9-4-10-16(14)18(21)20-12-13-6-2-1-3-7-13;/h1-11H,12,19H2,(H,20,21);1H",False,-1,['8'],['5-Amino-N-benzyl-1-naphthamide hydrochloride']
CHEMBL4865731,,,Unknown,,378.88,1,1,2.91,81.42,4.0,2.0,0.0,5.0,N,0.7,3.0,MOL,-1,24.0,-1.06,C18H19ClN2O3S,COc1ccc(CNS(=O)(=O)c2cccc3c(N)cccc23)cc1.Cl,WSPZIYKXTCUTQP-UHFFFAOYSA-N,"InChI=1S/C18H18N2O3S.ClH/c1-23-14-10-8-13(9-11-14)12-20-24(21,22)18-7-3-4-15-16(18)5-2-6-17(15)19;/h2-11,20H,12,19H2,1H3;1H",False,-1,['11d'],['5-Amino-N-(4-methoxybenzyl)naphthalene-1-sulfonamide hydrochloride']
CHEMBL1514971,,,Small molecule,,466.43,14,22,5.07,45.67,5.0,0.0,1.0,8.0,N,0.5,3.0,MOL,-1,29.0,-1.91,C22H25Cl2N3O2S,COc1ccc(-c2csc(N(CCCN(C)C)C(=O)c3ccccc3Cl)n2)cc1.Cl,JLSLWKZJLIHFRN-UHFFFAOYSA-N,"InChI=1S/C22H24ClN3O2S.ClH/c1-25(2)13-6-14-26(21(27)18-7-4-5-8-19(18)23)22-24-20(15-29-22)16-9-11-17(28-3)12-10-16;/h4-5,7-12,15H,6,13-14H2,1-3H3;1H",False,-1,['SID49643126'],['SID49643126']
CHEMBL3421643,,,Small molecule,,351.37,7,7,1.67,150.18,6.0,5.0,0.0,5.0,N,0.47,3.0,MOL,-1,26.0,-0.62,C18H17N5O3,N#Cc1c(N)[nH]c2ccc(Oc3ccc(NC(=O)[C@H](N)CO)cc3)cc12,COLOVWUHIINYEF-OAHLLOKOSA-N,"InChI=1S/C18H17N5O3/c19-8-14-13-7-12(5-6-16(13)23-17(14)21)26-11-3-1-10(2-4-11)22-18(25)15(20)9-24/h1-7,15,23-24H,9,20-21H2,(H,22,25)/t15-/m1/s1",False,-1,"['45', '12']","['(2R)-2-Amino-N-[4-[(2-amino-3-cyano-1H-indol-5-yl)oxy]phenyl]-3-hydroxy-propanamide', '(R)-2-amino-N-(4-(2-amino-3-cyano-1H-indol-5-yloxy)phenyl)-3-hydroxypropanamide']"
CHEMBL1901344,,,Small molecule,,264.32,5,5,2.7,63.6,4.0,1.0,0.0,5.0,N,0.47,0.0,MOL,-1,19.0,1.67,C15H20O4,COC(=O)CCCCC1=CCC2C(=O)C=C(O)C2C1,YIMKERDWFDQPRN-UHFFFAOYSA-N,"InChI=1S/C15H20O4/c1-19-15(18)5-3-2-4-10-6-7-11-12(8-10)14(17)9-13(11)16/h6,9,11-12,17H,2-5,7-8H2,1H3",False,-1,['SID121286309'],['SID121286309']
CHEMBL4072005,,,Small molecule,,298.35,306,440,1.98,74.33,3.0,2.0,0.0,3.0,N,0.91,2.0,MOL,-1,22.0,-1.9,C16H18N4O2,O=C(NCC(=O)N1CCCC1)Nc1ccc2cnccc2c1,DMIDPTCQPIJYFE-UHFFFAOYSA-N,"InChI=1S/C16H18N4O2/c21-15(20-7-1-2-8-20)11-18-16(22)19-14-4-3-13-10-17-6-5-12(13)9-14/h3-6,9-10H,1-2,7-8,11H2,(H2,18,19,22)",False,-1,"['SGC707', '4; SGC707', 'SGC707', 'S7832', 'EUB0000197b', 'SGC707', 'EUB0000197b', 'SGC-707', 'SGC-707', 'EUB0000197b', 'EUB0000197b', 'SGC-707', 'SGC-707', 'EUB0000197b', '32; SGC-707', 'Chemical Probe: SGC707', 'EUB0000197b', 'EUB0000197b', 'Chemical probe: SGC707', 'EUB0000197b', 'EUB0000197b', 'EUB0000197b', 'Chemical probe: SGC707; 2', 'EUB0000197b']","['1-(6-isoquinolyl)-3-(2-oxo-2-pyrrolidin-1-yl-ethyl)urea', '1-(Isoquinolin-6-yl)-3-(2-oxo-2-(pyrrolidin-1-yl)ethyl)urea', 'SGC707', '1-(6-isoquinolyl)-3-(2-oxo-2-pyrrolidin-1-yl-ethyl)urea', 'SGC707', 'SGC707', 'SGC707', 'SGC-707', 'SGC-707', 'SGC707', 'SGC707', 'SGC-707', 'SGC-707', 'SGC707', '1-(isoquinolin-6-yl)-3-(2-oxo-2-(pyrrolidin-1-yl)ethyl)urea', 'SGC707', 'SGC707', 'SGC707', 'SGC707', 'SGC707', 'SGC707', 'SGC707', '1-(Isoquinolin-6-yl)-3-(2-oxo-2-(pyrrolidin-1-yl)ethyl)urea', 'SGC707']"
CHEMBL4853865,,,Unknown,,354.88,1,1,2.96,72.19,4.0,2.0,0.0,4.0,N,0.73,3.0,MOL,-1,21.0,-1.87,C15H15ClN2O2S2,Cl.Nc1cccc2c(S(=O)(=O)NCc3cccs3)cccc12,ONOCLWWGTUTFGW-UHFFFAOYSA-N,"InChI=1S/C15H14N2O2S2.ClH/c16-14-7-1-6-13-12(14)5-2-8-15(13)21(18,19)17-10-11-4-3-9-20-11;/h1-9,17H,10,16H2;1H",False,-1,['11j'],['5-Amino-N-(thiophen-3-ylmethyl)naphthalene-1-sulfonamide hydrochloride']
CHEMBL1485730,,,Small molecule,,295.34,17,19,2.16,21.26,2.0,1.0,0.0,5.0,N,0.74,1.0,MOL,-1,15.0,-0.43,C15H21NO5,CNCCCOc1ccc2c(c1)CCC2.O=C(O)C(=O)O,MPTOSZXJYQVMEC-UHFFFAOYSA-N,"InChI=1S/C13H19NO.C2H2O4/c1-14-8-3-9-15-13-7-6-11-4-2-5-12(11)10-13;3-1(4)2(5)6/h6-7,10,14H,2-5,8-9H2,1H3;(H,3,4)(H,5,6)",False,-1,['SID24783540'],['SID24783540']
CHEMBL5186268,,,,,449.6,7,50,5.32,70.87,5.0,1.0,1.0,4.0,N,0.46,4.0,MOL,-1,34.0,-0.86,C29H31N5,Cc1cc(CN2CCC(N)CC2)cc(C)c1-c1ncn(C)c1-c1ccc(C#N)c2ccccc12,YELBNEVEPNGEGQ-UHFFFAOYSA-N,"InChI=1S/C29H31N5/c1-19-14-21(17-34-12-10-23(31)11-13-34)15-20(2)27(19)28-29(33(3)18-32-28)26-9-8-22(16-30)24-6-4-5-7-25(24)26/h4-9,14-15,18,23H,10-13,17,31H2,1-3H3",False,-1,"['15', '38', '9', '8']","['4-(4-(4-((4-aminopiperidin-1-yl)methyl)-2,6-dimethylphenyl)-1-methyl-1H-imidazol-5-yl)-1-naphthonitrile', '4-(4-(4-((4-aminopiperidin-1-yl)methyl)-2,6-dimethylphenyl)-1-methyl-1H-imidazol-5-yl)-1-naphthonitrile', '4-(4-(4-((4-aminopiperidin-1-yl)methyl)-2,6-dimethylphenyl)-1-methyl-1H-imidazol-5-yl)-1-naphthonitrile', '4-(4-(4-((4-aminopiperidin-1-yl)methyl)-2,6-dimethylphenyl)-1-methyl-1H-imidazol-5-yl)-1-naphthonitrile']"
CHEMBL1528308,,,Small molecule,,282.34,24,28,2.16,42.31,3.0,0.0,0.0,0.0,Y,0.74,2.0,MOL,-1,21.0,-0.45,C17H18N2O2,CC(=O)N1CCn2c3c(c(=O)c4cc(C)ccc42)CCC31,FMXVYDSBPBRKBI-UHFFFAOYSA-N,"InChI=1S/C17H18N2O2/c1-10-3-5-14-13(9-10)17(21)12-4-6-15-16(12)19(14)8-7-18(15)11(2)20/h3,5,9,15H,4,6-8H2,1-2H3",False,-1,['SID7976408'],['SID7976408']
CHEMBL1875561,,,Small molecule,,348.36,28,42,1.69,79.01,7.0,0.0,0.0,4.0,N,0.52,2.0,MOL,-1,26.0,-1.21,C19H16N4O3,COCCn1c2nc(=O)n(-c3ccccc3)c(=O)c-2nc2ccccc21,VBIVGEJXWFOZBG-UHFFFAOYSA-N,"InChI=1S/C19H16N4O3/c1-26-12-11-22-15-10-6-5-9-14(15)20-16-17(22)21-19(25)23(18(16)24)13-7-3-2-4-8-13/h2-10H,11-12H2,1H3",False,-1,"['NCI 288387', '28', 'SID99360882', '0288387:01', 'NSC288387']","['10-(2-methoxyethyl)-3-phenyl-benzo[g]pteridine-2,4-dione', '10-(2-methoxyethyl)-3-phenylbenzo[g]pteridine-2,4(3H,10H)-dione', 'SID99360882', 'CO-ADD:0136771', '10-(2-methoxyethyl)-3-phenylbenzo[g]pteridine-2,4(3H,10H)-dione']"
CHEMBL1479119,,,Small molecule,,389.43,25,32,4.52,56.36,5.0,1.0,0.0,7.0,N,0.6,3.0,MOL,-1,28.0,-1.8,C20H22F3N5,CCN(CC)CCCNc1cc(C(F)(F)F)c(C#N)c2nc3ccccc3n12,QNAGZQHUKLXZAC-UHFFFAOYSA-N,"InChI=1S/C20H22F3N5/c1-3-27(4-2)11-7-10-25-18-12-15(20(21,22)23)14(13-24)19-26-16-8-5-6-9-17(16)28(18)19/h5-6,8-9,12,25H,3-4,7,10-11H2,1-2H3",False,-1,"['7f', 'SID49667838']","['1-(3-Diethylaminopropylamino)-3-(trifluoromethyl)pyrido[1,2-a]benzimidazole-4-carbonitrile', 'SID49667838']"
CHEMBL607979,,,Small molecule,,281.27,43,61,1.87,94.28,5.0,3.0,0.0,2.0,N,0.45,2.0,MOL,-1,21.0,-0.29,C15H11N3O3,O=C1Nc2ccccc2/C1=N/N=C/c1ccc(O)c(O)c1,HDMQKADUFHATFZ-LZYBPNLTSA-N,"InChI=1S/C15H11N3O3/c19-12-6-5-9(7-13(12)20)8-16-18-14-10-3-1-2-4-11(10)17-15(14)21/h1-8,19-20H,(H,17,18,21)/b16-8+",False,-1,"['SID26658224', '7']","['SID26658224', '3,4-Dihydroxybenzaldehyde-N-(2-oxo-1,2-dihydro-3Hindol-3-ylidene)hydrazone']"
CHEMBL1588420,,,Small molecule,,403.6,8,10,3.16,53.52,7.0,1.0,0.0,9.0,N,0.65,2.0,MOL,-1,28.0,-2.53,C21H33N5OS,CCN(CC)CCCNc1nc(CN2CCOCC2)nc2sc3c(c12)CCC3,MSQBSDUETZJBNF-UHFFFAOYSA-N,"InChI=1S/C21H33N5OS/c1-3-25(4-2)10-6-9-22-20-19-16-7-5-8-17(16)28-21(19)24-18(23-20)15-26-11-13-27-14-12-26/h3-15H2,1-2H3,(H,22,23,24)",False,-1,['SID24824983'],['SID24824983']
CHEMBL1708263,,,Small molecule,,324.33,9,10,2.53,102.89,6.0,0.0,0.0,6.0,N,0.45,1.0,MOL,-1,23.0,-1.88,C15H20N2O6,CCN(C(=O)COC(=O)c1ccc([N+](=O)[O-])o1)C1CCCCC1,DLLRJRFKUNWNIX-UHFFFAOYSA-N,"InChI=1S/C15H20N2O6/c1-2-16(11-6-4-3-5-7-11)13(18)10-22-15(19)12-8-9-14(23-12)17(20)21/h8-9,11H,2-7,10H2,1H3",False,-1,['SID85268550'],['SID85268550']
CHEMBL1700468,,,Small molecule,,424.59,4,6,4.0,59.27,5.0,1.0,0.0,10.0,N,0.54,3.0,MOL,-1,31.0,-1.22,C25H36N4O2,CCCN(CCC)CCNC(=O)c1cn(CC(C)C)c(=O)c2c1c1ccccc1n2C,IXCQEBLUBAIODG-UHFFFAOYSA-N,"InChI=1S/C25H36N4O2/c1-6-13-28(14-7-2)15-12-26-24(30)20-17-29(16-18(3)4)25(31)23-22(20)19-10-8-9-11-21(19)27(23)5/h8-11,17-18H,6-7,12-16H2,1-5H3,(H,26,30)",False,-1,['SID49667336'],['SID49667336']
CHEMBL4287966,,,Small molecule,,379.42,3,3,1.47,139.32,7.0,4.0,0.0,6.0,N,0.51,3.0,MOL,-1,28.0,-0.89,C20H21N5O3,Cn1c(N)c(C#N)c2cc(OCc3cccc(NC(=O)C(N)CO)c3)ccc21,ZIXJCLCZPRZPPB-UHFFFAOYSA-N,"InChI=1S/C20H21N5O3/c1-25-18-6-5-14(8-15(18)16(9-21)19(25)23)28-11-12-3-2-4-13(7-12)24-20(27)17(22)10-26/h2-8,17,26H,10-11,22-23H2,1H3,(H,24,27)",False,-1,['1'],['2-amino-N-(3-((2-amino-3-cyano-1-methyl-1H-indol-5-yloxy)methyl)phenyl)-3-hydroxypropanamide']
CHEMBL1271266,,,Small molecule,,315.35,38,56,3.54,86.63,4.0,3.0,0.0,3.0,N,0.64,3.0,MOL,-1,22.0,-0.59,C16H13NO4S,O=S(=O)(O)c1cc(O)c2cc(Nc3ccccc3)ccc2c1,QEAYLNJEDDOYNQ-UHFFFAOYSA-N,"InChI=1S/C16H13NO4S/c18-16-10-14(22(19,20)21)8-11-6-7-13(9-15(11)16)17-12-4-2-1-3-5-12/h1-10,17-18H,(H,19,20,21)",False,-1,"['SID89853614', '6', 'MMV1678295']","['SID89853614', '4-hydroxy-6-(phenylamino)naphthalene-2-sulfonate', 'MMV1678295']"
CHEMBL1456440,,,Small molecule,,330.44,38,49,4.12,59.4,5.0,2.0,0.0,4.0,N,0.43,3.0,MOL,-1,22.0,-2.01,C15H14N4OS2,CCOc1ccc(NC(S)=Nc2ccc3nsnc3c2)cc1,BESWLCDPXSVTTF-UHFFFAOYSA-N,"InChI=1S/C15H14N4OS2/c1-2-20-12-6-3-10(4-7-12)16-15(21)17-11-5-8-13-14(9-11)19-22-18-13/h3-9H,2H2,1H3,(H2,16,17,21)",False,-1,['SID17504835'],['SID17504835']
CHEMBL3186541,,,Small molecule,,494.59,41,51,4.05,109.74,5.0,1.0,0.0,6.0,N,0.56,3.0,MOL,-1,34.0,-0.86,C25H22N2O5S2,CC(C)c1ccc(S(=O)(=O)/N=C2\C=C(NS(=O)(=O)c3ccccc3)C(=O)c3ccccc32)cc1,XZMSGMDXZKYDIU-WNAAXNPUSA-N,"InChI=1S/C25H22N2O5S2/c1-17(2)18-12-14-20(15-13-18)34(31,32)26-23-16-24(25(28)22-11-7-6-10-21(22)23)27-33(29,30)19-8-4-3-5-9-19/h3-17,27H,1-2H3/b26-23+",False,-1,"['SID136948483', 'SID49716279']","['SID136948483', 'SID49716279']"
CHEMBL1970944,,,Small molecule,,246.22,8,13,2.02,86.99,5.0,3.0,0.0,2.0,N,0.43,2.0,MOL,-1,18.0,0.25,C13H10O5,O=C(Oc1ccccc1)c1cc(O)c(O)c(O)c1,HBZMQFJTPHSKNH-UHFFFAOYSA-N,"InChI=1S/C13H10O5/c14-10-6-8(7-11(15)12(10)16)13(17)18-9-4-2-1-3-5-9/h1-7,14-16H",False,-1,['SID121283126'],['SID121283126']
CHEMBL1485524,,,Small molecule,,335.41,6,6,0.99,92.44,9.0,1.0,0.0,8.0,N,0.71,2.0,MOL,-1,24.0,-1.96,C15H25N7O2,CCN(CC)C1CCN(c2nc3nonc3nc2NCCOC)C1,QWNRSQZQVWSYTQ-UHFFFAOYSA-N,"InChI=1S/C15H25N7O2/c1-4-21(5-2)11-6-8-22(10-11)15-14(16-7-9-23-3)17-12-13(18-15)20-24-19-12/h11H,4-10H2,1-3H3,(H,16,17,19)",False,-1,['SID24799848'],['SID24799848']
CHEMBL3197637,,,Small molecule,,490.49,58,83,3.54,139.2,7.0,2.0,0.0,6.0,N,0.5,3.0,MOL,-1,35.0,-0.65,C25H18N2O7S,COC(=O)c1ccccc1NC1=C/C(=N\S(=O)(=O)c2ccc(C(=O)O)cc2)c2ccccc2C1=O,AEAJAFKVDVPSKY-SZXQPVLSSA-N,"InChI=1S/C25H18N2O7S/c1-34-25(31)19-8-4-5-9-20(19)26-22-14-21(17-6-2-3-7-18(17)23(22)28)27-35(32,33)16-12-10-15(11-13-16)24(29)30/h2-14,26H,1H3,(H,29,30)/b27-21+",False,-1,['SID49716493'],['SID49716493']
CHEMBL5197760,,,,,377.45,236,261,1.47,80.87,7.0,1.0,0.0,7.0,N,0.67,3.0,MOL,-1,28.0,-2.28,C20H23N7O,O=C(NC1CN(Cc2cnn(Cc3ccccc3)c2)C1)c1cn(C2CC2)nn1,SGVKMHGESLELKH-UHFFFAOYSA-N,"InChI=1S/C20H23N7O/c28-20(19-14-27(24-23-19)18-6-7-18)22-17-12-25(13-17)9-16-8-21-26(11-16)10-15-4-2-1-3-5-15/h1-5,8,11,14,17-18H,6-7,9-10,12-13H2,(H,22,28)",False,-1,"['10; EPZ032597', 'BDBM378654', 'Chemical probe: EPZ032597']","['N-(1-((1-benzyl-1H-pyrazol-4-yl)methyl)azetidin-3-yl)-1-cyclopropyl-1H-1,2,3-triazole-4-carboxamide', 'N-{1-[(1-benzyl-1H-pyrazol-4-yl)methyl]azetidin-3-yl}-1-cyclopropyl-1H-1,2,3-triazole-4-carboxamide::US10266526, Compound 792', 'EPZ032597']"
CHEMBL4281164,,,Small molecule,,292.34,3,3,2.79,89.99,5.0,2.0,0.0,3.0,N,0.73,3.0,MOL,-1,22.0,-1.06,C17H16N4O,Cn1c(N)c(C#N)c2cc(OCc3cccc(N)c3)ccc21,DBDFIKCROZYTSQ-UHFFFAOYSA-N,"InChI=1S/C17H16N4O/c1-21-16-6-5-13(8-14(16)15(9-18)17(21)20)22-10-11-3-2-4-12(19)7-11/h2-8H,10,19-20H2,1H3",False,-1,['5'],['2-amino-5-(3-aminobenzyloxy)-1-methyl-1H-indole-3-carbonitrile']
CHEMBL4874995,,,Unknown,,314.84,1,1,2.5,72.19,3.0,2.0,0.0,2.0,N,0.83,2.0,MOL,-1,19.0,-1.1,C14H19ClN2O2S,CC(C)(C)NS(=O)(=O)c1cccc2c(N)cccc12.Cl,ACXPVIAVKDYVGO-UHFFFAOYSA-N,"InChI=1S/C14H18N2O2S.ClH/c1-14(2,3)16-19(17,18)13-9-5-6-10-11(13)7-4-8-12(10)15;/h4-9,16H,15H2,1-3H3;1H",False,-1,['11o'],['5-Amino-N-(tert-butyl)naphthalene-1-sulfonamide hydrochloride']
CHEMBL258590,,,Small molecule,,317.86,10,21,4.61,36.95,3.0,2.0,0.0,4.0,N,0.86,2.0,MOL,-1,22.0,-1.07,C18H24ClN3,CC(C)NC1CCC(Nc2ccnc3cc(Cl)ccc23)CC1,CLBBSJHIPCURMH-UHFFFAOYSA-N,"InChI=1S/C18H24ClN3/c1-12(2)21-14-4-6-15(7-5-14)22-17-9-10-20-18-11-13(19)3-8-16(17)18/h3,8-12,14-15,21H,4-7H2,1-2H3,(H,20,22)",False,-1,"['17b', 'SID89854918']","[N-(7-Chloro-4-quinolyl)-N'-isopropyl-1,4-diaminocyclohexane"", 'SID89854918']"""
CHEMBL4862681,,,Unknown,,610.8,41,97,4.9,101.64,6.0,2.0,1.0,10.0,N,0.34,3.0,MOL,-1,45.0,-1.53,C36H46N6O3,CCN(C(=O)C1CC1)c1cc(-c2ccc(N3CCN(CC4CC4)CC3)nc2C)cc(C(=O)NCc2c(C)cc(C)[nH]c2=O)c1C,JQCQAOKPLACZCY-UHFFFAOYSA-N,"InChI=1S/C36H46N6O3/c1-6-42(36(45)27-9-10-27)32-19-28(18-30(24(32)4)34(43)37-20-31-22(2)17-23(3)38-35(31)44)29-11-12-33(39-25(29)5)41-15-13-40(14-16-41)21-26-7-8-26/h11-12,17-19,26-27H,6-10,13-16,20-21H2,1-5H3,(H,37,43)(H,38,44)",False,-1,['29'],"['5-(6-(4-(cyclopropylmethyl)piperazin-1-yl)-2-methylpyridin-3-yl)-N-((4,6-dimethyl-2-oxo-1,2-dihydropyridin-3-yl)methyl)-3-(N-ethylcyclopropanecarboxamido)-2-methylbenzamide']"
CHEMBL1506756,,,Small molecule,,409.73,32,34,3.52,111.43,7.0,1.0,0.0,5.0,N,0.46,2.0,MOL,-1,26.0,-2.51,C13H7ClF3N3O5S,O=C(COC(=O)c1ccc([N+](=O)[O-])s1)Nc1ncc(C(F)(F)F)cc1Cl,LHHSKXWNYCCFER-UHFFFAOYSA-N,"InChI=1S/C13H7ClF3N3O5S/c14-7-3-6(13(15,16)17)4-18-11(7)19-9(21)5-25-12(22)8-1-2-10(26-8)20(23)24/h1-4H,5H2,(H,18,19,21)",False,-1,['SID22406896'],['SID22406896']
CHEMBL1607263,,,Small molecule,,417.51,59,88,4.09,103.7,5.0,3.0,0.0,7.0,N,0.4,3.0,MOL,-1,28.0,-1.2,C20H19NO5S2,CCc1ccc(S(=O)(=O)Nc2cc(SCC(=O)O)c(O)c3ccccc23)cc1,YNKXUMMWJICJAZ-UHFFFAOYSA-N,"InChI=1S/C20H19NO5S2/c1-2-13-7-9-14(10-8-13)28(25,26)21-17-11-18(27-12-19(22)23)20(24)16-6-4-3-5-15(16)17/h3-11,21,24H,2,12H2,1H3,(H,22,23)",False,-1,"['5', 'SID24798198']","['2-(4-(4-ethylphenylsulfonamido)-1-hydroxynaphthalen-2-ylthio)acetic acid', 'SID24798198']"
CHEMBL1381243,,,Small molecule,,553.44,30,40,5.83,107.09,7.0,1.0,2.0,7.0,N,0.27,5.0,MOL,-1,35.0,-1.7,C25H21BrN4O4S,CCCCn1c(NC(=O)c2ccc(Br)o2)c(S(=O)(=O)c2ccccc2)c2nc3ccccc3nc21,KDGFUSZPPZFVQQ-UHFFFAOYSA-N,"InChI=1S/C25H21BrN4O4S/c1-2-3-15-30-23-21(27-17-11-7-8-12-18(17)28-23)22(35(32,33)16-9-5-4-6-10-16)24(30)29-25(31)19-13-14-20(26)34-19/h4-14H,2-3,15H2,1H3,(H,29,31)",False,-1,"['SID87544565', 'SID16953786', 'SID56320788']","['SID87544565', 'SID16953786', 'SID56320788']"
CHEMBL4848131,,,Unknown,,362.88,1,1,3.24,63.4,3.0,1.0,0.0,4.0,N,0.75,3.0,MOL,-1,23.0,-1.23,C18H19ClN2O2S,CN(Cc1ccccc1)S(=O)(=O)c1cccc2c(N)cccc12.Cl,KGDPFWCIDACDCA-UHFFFAOYSA-N,"InChI=1S/C18H18N2O2S.ClH/c1-20(13-14-7-3-2-4-8-14)23(21,22)18-12-6-9-15-16(18)10-5-11-17(15)19;/h2-12H,13,19H2,1H3;1H",False,-1,['11p'],['5-Amino-N-benzyl-N-methylnaphthalene-1-sulfonamide hydrochloride']
CHEMBL4877109,,,Unknown,,406.38,1,1,2.04,75.43,4.0,2.0,0.0,4.0,N,0.84,2.0,MOL,-1,23.0,-1.17,C17H25Cl2N3O2S,CN1CCC(CNS(=O)(=O)c2cccc3c(N)cccc23)CC1.Cl.Cl,GETNXSSZAXLAHC-UHFFFAOYSA-N,"InChI=1S/C17H23N3O2S.2ClH/c1-20-10-8-13(9-11-20)12-19-23(21,22)17-7-3-4-14-15(17)5-2-6-16(14)18;;/h2-7,13,19H,8-12,18H2,1H3;2*1H",False,-1,['11m'],['5-Amino-N-((1-methylpiperidin-4-yl)methyl)naphthalene-1-sulfonamide dihydrochloride']
CHEMBL3414624,,,Small molecule,,423.47,5,7,-1.02,194.66,11.0,6.0,2.0,10.0,N,0.27,2.0,MOL,-1,30.0,1.08,C18H29N7O5,CCCN[C@@H](CC[C@H](N)C(=O)O)C[C@H]1O[C@@H](n2cnc3c(N)ncnc32)[C@H](O)[C@@H]1O,ZDIZXAAADLAUDS-GTAFEMJLSA-N,"InChI=1S/C18H29N7O5/c1-2-5-21-9(3-4-10(19)18(28)29)6-11-13(26)14(27)17(30-11)25-8-24-12-15(20)22-7-23-16(12)25/h7-11,13-14,17,21,26-27H,2-6,19H2,1H3,(H,28,29)(H2,20,22,23)/t9-,10-,11+,13+,14+,17+/m0/s1",False,-1,"['28, Pr-SNF', '7', '11', '3']","['(2S,5S)-2-amino-6-((2R,3S,4R,5R)-5-(6-amino-9H-purin-9-yl)-3,4-dihydroxytetrahydrofuran-2-yl)-5-(propylamino)hexanoic acid', 'N-propyl Sinefungin', '(2S,5S)-2-amino-6-[(2R,3S,4R,5R)-5-(6-aminopurin-9-yl)-3,4-dihydroxy-tetrahydrofuran-2-yl]-5-(propylamino)hexanoic acid', '(2S,5S)-2-amino-6-((2R,3S,4R,5R)-5-(6-amino-9H-purin-9-yl)-3,4-dihydroxytetrahydrofuran-2-yl)-5-(propylamino)hexanoicacid']"
CHEMBL4552020,,,Unknown,,341.46,74,81,2.4,73.74,5.0,2.0,0.0,8.0,N,0.72,2.0,MOL,-1,25.0,-0.64,C20H27N3O2,COc1c(CN)cc(CN)cc1OCCCN1Cc2ccccc2C1,XQQZNYFJATXWON-UHFFFAOYSA-N,"InChI=1S/C20H27N3O2/c1-24-20-18(12-22)9-15(11-21)10-19(20)25-8-4-7-23-13-16-5-2-3-6-17(16)14-23/h2-3,5-6,9-10H,4,7-8,11-14,21-22H2,1H3",False,-1,"['3; MS31', 'EUB0002650a']","['[3-(aminomethyl)-5-(3-isoindolin-2-ylpropoxy)-4-methoxy-phenyl]methanamine', 'MS31']"
CHEMBL1575869,,,Small molecule,,403.87,66,86,5.16,83.6,5.0,1.0,1.0,5.0,N,0.5,4.0,MOL,-1,29.0,-1.75,C22H18ClN5O,CCCCn1c(NC(=O)c2ccccc2Cl)c(C#N)c2nc3ccccc3nc21,ABIGPTDIQKRVCS-UHFFFAOYSA-N,"InChI=1S/C22H18ClN5O/c1-2-3-12-28-20(27-22(29)14-8-4-5-9-16(14)23)15(13-24)19-21(28)26-18-11-7-6-10-17(18)25-19/h4-11H,2-3,12H2,1H3,(H,27,29)",False,-1,"['SID857446', 'SID87346827', 'BDBM30722', 'SID87544572']","['SID857446', 'SID87346827', 'MLS000068755::N-(1-butyl-3-cyano-2-pyrrolo[3,2-b]quinoxalinyl)-2-chlorobenzamide::N-(1-butyl-3-cyano-pyrrolo[3,2-b]quinoxalin-2-yl)-2-chloranyl-benzamide::N-(1-butyl-3-cyano-pyrrolo[3,2-b]quinoxalin-2-yl)-2-chloro-benzamide::N-(1-butyl-3-cyanopyrrolo[3,2-b]quinoxalin-2-yl)-2-chlorobenzamide::SMR000039762::US9045483, 2::cid_658797', 'SID87544572']"
CHEMBL1464110,,,Small molecule,,532.24,38,43,4.17,95.83,5.0,2.0,1.0,3.0,N,0.58,2.0,MOL,-1,27.0,-1.41,C17H12Br2N2O4S2,Cc1ccc(S(=O)(=O)NC2=NC(=O)/C(=C\c3cc(Br)cc(Br)c3O)S2)cc1,DUVPNBAJEJNPQJ-VGOFMYFVSA-N,"InChI=1S/C17H12Br2N2O4S2/c1-9-2-4-12(5-3-9)27(24,25)21-17-20-16(23)14(26-17)7-10-6-11(18)8-13(19)15(10)22/h2-8,22H,1H3,(H,20,21,23)/b14-7+",False,-1,['SID49827091'],['SID49827091']
CHEMBL1993746,,,Small molecule,,397.46,35,51,3.21,104.04,7.0,3.0,0.0,6.0,N,0.26,3.0,MOL,-1,28.0,-1.29,C20H19N3O4S,COc1cccc2c(SCC(=O)N/N=C/c3ccc(O)c(O)c3)cc(C)nc12,LSDJWAQYWLHDKR-UFFVCSGVSA-N,"InChI=1S/C20H19N3O4S/c1-12-8-18(14-4-3-5-17(27-2)20(14)22-12)28-11-19(26)23-21-10-13-6-7-15(24)16(25)9-13/h3-10,24-25H,11H2,1-2H3,(H,23,26)/b21-10+",False,-1,['SID24784342'],['SID24784342']
CHEMBL560919,,,Small molecule,,282.3,41,58,3.1,70.67,4.0,2.0,0.0,2.0,N,0.56,3.0,MOL,-1,21.0,0.42,C17H14O4,Cc1c(Cc2ccccc2)c(=O)oc2c(O)c(O)ccc12,DLDOVDSFVAFCQE-UHFFFAOYSA-N,"InChI=1S/C17H14O4/c1-10-12-7-8-14(18)15(19)16(12)21-17(20)13(10)9-11-5-3-2-4-6-11/h2-8,18-19H,9H2,1H3",False,-1,"['3', 'SID24786554']","['3-benzyl-7,8-dihydroxy-4-methyl-2H-chromen-2-one', 'SID24786554']"
CHEMBL5193618,,,,,842.87,5,9,3.21,225.75,12.0,4.0,2.0,15.0,N,0.1,4.0,MOL,-1,62.0,-1.42,C44H42N8O10,CN1C(=O)CCC(N2C(=O)c3cccc(NCC(=O)NCCCOc4ccc(NC(=O)c5ccc(CN(C(=O)c6ccc7c(c6)OCC(=O)N7)C6CC6)cc5)nc4)c3C2=O)C1=O,KIWZYPNBTSXEET-UHFFFAOYSA-N,"InChI=1S/C44H42N8O10/c1-50-38(55)17-15-33(43(50)59)52-42(58)30-4-2-5-32(39(30)44(52)60)46-22-36(53)45-18-3-19-61-29-13-16-35(47-21-29)49-40(56)26-8-6-25(7-9-26)23-51(28-11-12-28)41(57)27-10-14-31-34(20-27)62-24-37(54)48-31/h2,4-10,13-14,16,20-21,28,33,46H,3,11-12,15,17-19,22-24H2,1H3,(H,45,53)(H,48,54)(H,47,49,56)",False,-1,['17; MS159N1'],"['N-cyclopropyl-N-(4-((5-(3-(2-((2-(1-methyl-2,6-dioxopiperidin-3-yl)-1,3-dioxoisoindolin-4-yl)amino)acetamido)propoxy)pyridin-2-yl)carbamoyl)benzyl)-3-oxo-3,4-dihydro-2H-benzo[b][1,4]oxazine-7-carboxamide']"
CHEMBL5208296,,,,,302.38,1,1,3.39,67.63,4.0,1.0,0.0,3.0,N,0.81,3.0,MOL,-1,23.0,-0.98,C19H18N4,Cc1cc(CN)ccc1-c1ncn(C)c1-c1ccc(C#N)cc1,HJJDFUDACZUSPL-UHFFFAOYSA-N,"InChI=1S/C19H18N4/c1-13-9-15(11-21)5-8-17(13)18-19(23(2)12-22-18)16-6-3-14(10-20)4-7-16/h3-9,12H,11,21H2,1-2H3",False,-1,['11'],['4-(4-(4-(aminomethyl)-2-methylphenyl)-1-methyl-1H-imidazol-5-yl)benzonitrile']
CHEMBL5556655,,,,,305.34,2,3,3.09,56.15,4.0,1.0,0.0,2.0,N,0.79,3.0,MOL,-1,23.0,-0.86,C18H15N3O2,Cn1cnc(-c2ccccc2)c1-c1ccc2c(c1)OCC(=O)N2,KEGFMQLKKFOVDX-UHFFFAOYSA-N,"InChI=1S/C18H15N3O2/c1-21-11-19-17(12-5-3-2-4-6-12)18(21)13-7-8-14-15(9-13)23-10-16(22)20-14/h2-9,11H,10H2,1H3,(H,20,22)",False,-1,['7'],"['7-(1-Methyl-4-phenyl-1H-imidazol-5-yl)-2H-benzo[b][1,4]oxazin-3(4H)-one']"
CHEMBL1361920,,,Small molecule,,477.9,41,50,4.11,108.71,5.0,2.0,0.0,5.0,N,0.42,3.0,MOL,-1,34.0,-1.75,C25H20ClN3O5,Cc1cc(/C=C2\C(=O)NC(=O)N(Cc3ccccc3)C2=O)c(C)n1-c1ccc(Cl)c(C(=O)O)c1,SFRAROVBRVKZJH-RGVLZGJSSA-N,"InChI=1S/C25H20ClN3O5/c1-14-10-17(15(2)29(14)18-8-9-21(26)19(12-18)24(32)33)11-20-22(30)27-25(34)28(23(20)31)13-16-6-4-3-5-7-16/h3-12H,13H2,1-2H3,(H,32,33)(H,27,30,34)/b20-11+",False,-1,['SID22400449'],['SID22400449']
CHEMBL3192803,,,Small molecule,,300.4,5,6,3.34,52.9,4.0,1.0,0.0,7.0,N,0.62,1.0,MOL,-1,22.0,-0.35,C18H24N2O2,CCN(CC)CCC/N=C(\C)C1=C(O)c2ccccc2C1=O,LJAWEWFYEUZYSN-CPNJWEJPSA-N,"InChI=1S/C18H24N2O2/c1-4-20(5-2)12-8-11-19-13(3)16-17(21)14-9-6-7-10-15(14)18(16)22/h6-7,9-10,21H,4-5,8,11-12H2,1-3H3/b19-13+",False,-1,['SID26665559'],['SID26665559']
CHEMBL1529471,,,Small molecule,,418.45,35,44,2.91,120.08,7.0,3.0,0.0,5.0,N,0.39,2.0,MOL,-1,28.0,-1.71,C18H14N2O6S2,CC(C(=O)Nc1ccc(O)c(C(=O)O)c1)N1C(=O)/C(=C/c2ccco2)SC1=S,RPKPCZUDZKOHDP-ZSOIEALJSA-N,"InChI=1S/C18H14N2O6S2/c1-9(15(22)19-10-4-5-13(21)12(7-10)17(24)25)20-16(23)14(28-18(20)27)8-11-3-2-6-26-11/h2-9,21H,1H3,(H,19,22)(H,24,25)/b14-8-",False,-1,['SID49822503'],['SID49822503']
CHEMBL5426089,,,,,337.34,32,36,3.12,109.16,6.0,1.0,0.0,4.0,N,0.4,2.0,MOL,-1,25.0,-0.76,C18H15N3O4,Cc1c(C(=O)/C=C/c2ccc(O)c([N+](=O)[O-])c2)c(C#N)c2n1CCC2,IAPIUNQNPKACGN-FNORWQNLSA-N,"InChI=1S/C18H15N3O4/c1-11-18(13(10-19)14-3-2-8-20(11)14)17(23)7-5-12-4-6-16(22)15(9-12)21(24)25/h4-7,9,22H,2-3,8H2,1H3/b7-5+",False,-1,['ZINC730084824'],"['6-(3-(4-hydroxy-3-nitrophenyl)acryloyl)-5-methyl-2,3-dihydro-1H-pyrrolizine-7-carbonitrile']"
CHEMBL3194941,,,Small molecule,,314.39,25,33,2.06,65.88,7.0,1.0,0.0,6.0,N,0.65,2.0,MOL,-1,23.0,-1.5,C16H22N6O,COc1ccccc1/C=N/Nc1cc(N(C)C)nc(N(C)C)n1,KGYVKILQXKVWIJ-GZTJUZNOSA-N,"InChI=1S/C16H22N6O/c1-21(2)15-10-14(18-16(19-15)22(3)4)20-17-11-12-8-6-7-9-13(12)23-5/h6-11H,1-5H3,(H,18,19,20)/b17-11+",False,-1,['SID24813305'],['SID24813305']
CHEMBL5176377,,,,,362.44,1,1,5.27,65.4,4.0,0.0,1.0,2.0,N,0.49,4.0,MOL,-1,28.0,-0.75,C24H18N4,Cc1cc(C#N)cc(C)c1-c1ncn(C)c1-c1ccc(C#N)c2ccccc12,TVICYYCMYYDJDW-UHFFFAOYSA-N,"InChI=1S/C24H18N4/c1-15-10-17(12-25)11-16(2)22(15)23-24(28(3)14-27-23)21-9-8-18(13-26)19-6-4-5-7-20(19)21/h4-11,14H,1-3H3",False,-1,['21'],"['4-(4-(4-cyano-2,6-dimethylphenyl)-1-methyl-1H-imidazol-5-yl)-1-naphthonitrile']"
CHEMBL1472327,,,Small molecule,,227.27,34,65,1.3,53.82,3.0,1.0,0.0,0.0,Y,0.71,1.0,MOL,-1,17.0,-0.33,C13H13N3O,CC1(C)Cc2ccccc2C2=NNC(=O)C2=N1,WCONCJOQCAAEKO-UHFFFAOYSA-N,"InChI=1S/C13H13N3O/c1-13(2)7-8-5-3-4-6-9(8)10-11(14-13)12(17)16-15-10/h3-6H,7H2,1-2H3,(H,16,17)",False,-1,['SID24807765'],['SID24807765']
CHEMBL5618412,,,,,502.61,1,1,4.29,86.54,8.0,1.0,1.0,9.0,N,0.51,2.0,MOL,-1,36.0,-1.15,C26H36F2N6O2,COc1cc2c(NC3CCN(C(C)C)CC3)nc(C#N)nc2cc1OCCCN1CCC(F)(F)CC1,DKOPTDGSKGKLTJ-UHFFFAOYSA-N,"InChI=1S/C26H36F2N6O2/c1-18(2)34-10-5-19(6-11-34)30-25-20-15-22(35-3)23(16-21(20)31-24(17-29)32-25)36-14-4-9-33-12-7-26(27,28)8-13-33/h15-16,18-19H,4-14H2,1-3H3,(H,30,31,32)",False,-1,['44'],"['7-(3-(4,4-Difluoropiperidin-1-yl)propoxy)-4-((1-isopropylpiperidin-4-yl)amino)-6-methoxy-quinazoline-2-carbonitrile']"
CHEMBL246446,,,Small molecule,,306.28,50,72,3.85,89.36,5.0,1.0,0.0,3.0,N,0.62,4.0,MOL,-1,23.0,-0.8,C17H10N2O4,O=C(O)c1ccc2nc(-c3ccco3)c(-c3ccco3)nc2c1,XDEQHYWMTHWMQF-UHFFFAOYSA-N,"InChI=1S/C17H10N2O4/c20-17(21)10-5-6-11-12(9-10)19-16(14-4-2-8-23-14)15(18-11)13-3-1-7-22-13/h1-9H,(H,20,21)",False,-1,"['3', 'SID24802040', '28', '9', '9']","['2,3-di(furan-2-yl)quinoxaline-6-carboxylic acid', 'SID24802040', '2,3-di(furan-2-yl)quinoxaline-6-carboxylic acid', '2,3-Di-(2-furyl)quinoxaline-6-carboxylic acid', '2,3-Di-(2-furyl)quinoxaline-6-carboxylic acid']"
CHEMBL1587422,,,Small molecule,,362.35,50,66,2.7,110.89,6.0,1.0,0.0,2.0,N,0.33,2.0,MOL,-1,27.0,-1.43,C19H14N4O4,Cc1ccc(C)c(-n2c3nc(=O)[nH]c(=O)c-3cc3cc([N+](=O)[O-])ccc32)c1,BBRHEBPELPAWKD-UHFFFAOYSA-N,"InChI=1S/C19H14N4O4/c1-10-3-4-11(2)16(7-10)22-15-6-5-13(23(26)27)8-12(15)9-14-17(22)20-19(25)21-18(14)24/h3-9H,1-2H3,(H,21,24,25)",False,-1,['SID17507890'],['SID17507890']
CHEMBL1700270,,,Small molecule,,344.73,28,41,3.12,139.78,7.0,4.0,0.0,3.0,N,0.5,2.0,MOL,-1,22.0,-0.44,C12H9ClN2O6S,O=S(=O)(O)c1cc(Cl)cc(N=Nc2ccc(O)cc2O)c1O,OTKYOGBGHUUFPC-UHFFFAOYSA-N,"InChI=1S/C12H9ClN2O6S/c13-6-3-9(12(18)11(4-6)22(19,20)21)15-14-8-2-1-7(16)5-10(8)17/h1-5,16-18H,(H,19,20,21)",False,-1,['SID92764077'],['SID92764077']
CHEMBL1468954,,,Small molecule,,252.07,43,84,1.63,60.16,3.0,1.0,0.0,0.0,N,0.76,1.0,MOL,-1,14.0,0.29,C10H6BrNO2,NC1=C(Br)C(=O)c2ccccc2C1=O,YUZPBTZDKHZAQZ-UHFFFAOYSA-N,"InChI=1S/C10H6BrNO2/c11-7-8(12)10(14)6-4-2-1-3-5(6)9(7)13/h1-4H,12H2",False,-1,"['17d', 'SID26663804']","['2-amino-3-bromonaphthalene-1,4-dione', 'SID26663804']"
CHEMBL1716028,,,Small molecule,,311.77,13,20,3.72,37.38,3.0,0.0,0.0,1.0,N,0.69,2.0,MOL,-1,22.0,-0.49,C18H14ClNO2,O=C1c2cccc(Cl)c2C(=O)c2c1cccc2N1CCCC1,JFPWYVHKHZHCEB-UHFFFAOYSA-N,"InChI=1S/C18H14ClNO2/c19-13-7-3-5-11-15(13)18(22)16-12(17(11)21)6-4-8-14(16)20-9-1-2-10-20/h3-8H,1-2,9-10H2",False,-1,['SID17413705'],['SID17413705']
CHEMBL5419919,,,,,381.84,1,1,2.21,82.53,6.0,2.0,0.0,5.0,N,0.81,1.0,MOL,-1,26.0,-0.54,C18H21ClFN3O3,CC(C)(O)[C@H](F)CNC1=C(Cl)C(=O)c2ccc(N3CCCC3)nc2C1=O,JTXVYBWOFHGJHI-LLVKDONJSA-N,"InChI=1S/C18H21ClFN3O3/c1-18(2,26)11(20)9-21-15-13(19)16(24)10-5-6-12(22-14(10)17(15)25)23-7-3-4-8-23/h5-6,11,21,26H,3-4,7-9H2,1-2H3/t11-/m1/s1",False,-1,['13a'],"['(R)-6-chloro-7-((2-fluoro-3-hydroxy-3-methylbutyl)amino)-2-(pyrrolidin-1-yl)quinoline-5,8-dione']"
CHEMBL5196682,,,,,463.63,1,1,5.53,48.09,5.0,0.0,1.0,5.0,N,0.39,4.0,MOL,-1,35.0,-1.08,C30H33N5,Cc1cc(CN2CCC(N(C)C)C2)cc(C)c1-c1ncn(C)c1-c1ccc(C#N)c2ccccc12,UWSWIHRGLUZKGK-UHFFFAOYSA-N,"InChI=1S/C30H33N5/c1-20-14-22(17-35-13-12-24(18-35)33(3)4)15-21(2)28(20)29-30(34(5)19-32-29)27-11-10-23(16-31)25-8-6-7-9-26(25)27/h6-11,14-15,19,24H,12-13,17-18H2,1-5H3",False,-1,['40'],"['4-(4-(4-((3-(dimethylamino)pyrrolidin-1-yl)methyl)-2,6-dimethylphenyl)-1-methyl-1H-imidazol-5-yl)-1-naphthonitrile']"
CHEMBL5401066,,,,,329.74,1,1,0.73,79.37,5.0,1.0,0.0,2.0,N,0.81,1.0,MOL,-1,23.0,-0.1,C16H12ClN3O3,CC#CC(=O)NC1CN(C2=C(Cl)C(=O)c3cccnc3C2=O)C1,GPMPDGCIIQGNGE-UHFFFAOYSA-N,"InChI=1S/C16H12ClN3O3/c1-2-4-11(21)19-9-7-20(8-9)14-12(17)15(22)10-5-3-6-18-13(10)16(14)23/h3,5-6,9H,7-8H2,1H3,(H,19,21)",False,-1,['14h'],"['N-(1-(6-chloro-5,8-dioxo-5,8-dihydroquinolin-7-yl)azetidin-3-yl)but-2-ynamide']"
CHEMBL5196890,,,,,346.43,1,1,3.71,76.86,5.0,1.0,0.0,4.0,N,0.78,3.0,MOL,-1,26.0,-0.68,C21H22N4O,COc1cc(-c2c(-c3c(C)cc(CN)cc3C)ncn2C)ccc1C#N,CEAUKUVCYPZUEQ-UHFFFAOYSA-N,"InChI=1S/C21H22N4O/c1-13-7-15(10-22)8-14(2)19(13)20-21(25(3)12-24-20)16-5-6-17(11-23)18(9-16)26-4/h5-9,12H,10,22H2,1-4H3",False,-1,['19'],"['4-(4-(4-(aminomethyl)-2,6-dimethylphenyl)-1-methyl-1H-imidazol-5-yl)-2-methoxybenzonitrile']"
CHEMBL5173072,,,,,434.59,1,1,6.38,44.85,4.0,0.0,1.0,4.0,N,0.37,4.0,MOL,-1,33.0,-0.91,C29H30N4,Cc1cc(CN2CCCCC2)cc(C)c1-c1ncn(C)c1-c1ccc(C#N)c2ccccc12,LUPVAGKRNVEZAM-UHFFFAOYSA-N,"InChI=1S/C29H30N4/c1-20-15-22(18-33-13-7-4-8-14-33)16-21(2)27(20)28-29(32(3)19-31-28)26-12-11-23(17-30)24-9-5-6-10-25(24)26/h5-6,9-12,15-16,19H,4,7-8,13-14,18H2,1-3H3",False,-1,['33'],"['4-(4-(2,6-dimethyl-4-(piperidin-1-ylmethyl)phenyl)-1-methyl-1H-imidazol-5-yl)-1-naphthonitrile']"
CHEMBL3192715,,,Small molecule,,248.33,24,31,2.69,56.06,4.0,2.0,0.0,2.0,N,0.62,1.0,MOL,-1,18.0,0.04,C14H20N2O2,CC1CCCC(C)N1/N=C/c1ccc(O)c(O)c1,YSLIHMORGMIAII-OQLLNIDSSA-N,"InChI=1S/C14H20N2O2/c1-10-4-3-5-11(2)16(10)15-9-12-6-7-13(17)14(18)8-12/h6-11,17-18H,3-5H2,1-2H3/b15-9+",False,-1,['SID49678014'],['SID49678014']
CHEMBL1550655,,,Small molecule,,374.51,5,7,2.32,66.37,5.0,2.0,0.0,9.0,N,0.66,2.0,MOL,-1,26.0,-2.17,C19H26N4O2S,CCN(CC)CCNC(=O)/C(=C\c1cccn1C)NC(=O)c1cccs1,VKJDZDRYUUBSCY-JQIJEIRASA-N,"InChI=1S/C19H26N4O2S/c1-4-23(5-2)12-10-20-18(24)16(14-15-8-6-11-22(15)3)21-19(25)17-9-7-13-26-17/h6-9,11,13-14H,4-5,10,12H2,1-3H3,(H,20,24)(H,21,25)/b16-14+",False,-1,['SID17508584'],['SID17508584']
CHEMBL5619576,,,,,341.42,1,1,2.5,94.3,7.0,2.0,0.0,4.0,N,0.88,2.0,MOL,-1,25.0,-0.84,C18H23N5O2,COc1cc2c(NC3CCN(C(C)C)CC3)nc(C#N)nc2cc1O,OAWSCZTXTMNFJI-UHFFFAOYSA-N,"InChI=1S/C18H23N5O2/c1-11(2)23-6-4-12(5-7-23)20-18-13-8-16(25-3)15(24)9-14(13)21-17(10-19)22-18/h8-9,11-12,24H,4-7H2,1-3H3,(H,20,21,22)",False,-1,['39'],['7-Hydroxy-4-((1-isopropylpiperidin-4-yl)amino)-6-methoxyquinazoline-2-carbonitrile']
CHEMBL175434,,,Small molecule,,328.35,107,139,1.55,106.33,5.0,2.0,0.0,3.0,N,0.83,2.0,MOL,-1,23.0,-0.41,C16H12N2O4S,NS(=O)(=O)c1ccc(NC2=CC(=O)C(=O)c3ccccc32)cc1,DIHFBNUDSJVTRQ-UHFFFAOYSA-N,"InChI=1S/C16H12N2O4S/c17-23(21,22)11-7-5-10(6-8-11)18-14-9-15(19)16(20)13-4-2-1-3-12(13)14/h1-9,18H,(H2,17,21,22)",False,-1,"['2', '9 (table 4)', 'SID498926', 'SID47202339']","['4-(3,4-dioxo-3,4-dihydronaphthalen-1-ylamino)benzenesulfonamide', '4-(3,4-Dioxo-3,4-dihydro-naphthalen-1-ylamino)-benzenesulfonamide', 'SID498926', 'SID47202339']"
CHEMBL1562712,,,Small molecule,,329.31,57,87,3.22,98.9,5.0,1.0,0.0,7.0,N,0.62,2.0,MOL,-1,24.0,-0.18,C17H15NO6,COc1cc(/C=C/[N+](=O)[O-])ccc1OCc1cccc(C(=O)O)c1,BEYTXTFEYCNHIB-BQYQJAHWSA-N,"InChI=1S/C17H15NO6/c1-23-16-10-12(7-8-18(21)22)5-6-15(16)24-11-13-3-2-4-14(9-13)17(19)20/h2-10H,11H2,1H3,(H,19,20)/b8-7+",False,-1,['SID24794747'],['SID24794747']
CHEMBL1392911,,,Small molecule,,316.41,48,67,3.73,59.4,5.0,2.0,0.0,3.0,N,0.44,3.0,MOL,-1,21.0,-1.82,C14H12N4OS2,COc1ccc(NC(S)=Nc2ccc3nsnc3c2)cc1,FXZNHTKAOTUVHO-UHFFFAOYSA-N,"InChI=1S/C14H12N4OS2/c1-19-11-5-2-9(3-6-11)15-14(20)16-10-4-7-12-13(8-10)18-21-17-12/h2-8H,1H3,(H2,15,16,20)",False,-1,['SID17511183'],['SID17511183']
CHEMBL5171744,,,,,830.86,5,9,3.11,234.54,12.0,5.0,2.0,15.0,N,0.09,4.0,MOL,-1,61.0,-1.32,C43H42N8O10,CC(C)N(Cc1ccc(C(=O)Nc2ccc(OCCCNC(=O)CNc3cccc4c3C(=O)N(C3CCC(=O)NC3=O)C4=O)cn2)cc1)C(=O)c1ccc2c(c1)OCC(=O)N2,VTGRUIVPTAQSPY-UHFFFAOYSA-N,"InChI=1S/C43H42N8O10/c1-24(2)50(41(57)27-11-13-30-33(19-27)61-23-37(54)47-30)22-25-7-9-26(10-8-25)39(55)48-34-15-12-28(20-46-34)60-18-4-17-44-36(53)21-45-31-6-3-5-29-38(31)43(59)51(42(29)58)32-14-16-35(52)49-40(32)56/h3,5-13,15,19-20,24,32,45H,4,14,16-18,21-23H2,1-2H3,(H,44,53)(H,47,54)(H,46,48,55)(H,49,52,56)",False,-1,['18; MS159N2'],"['N-(4-((5-(3-(2-((2-(2,6-dioxopiperidin-3-yl)-1,3-dioxoisoindolin-4-yl)amino)acetamido)propoxy)pyridin-2-yl)carbamoyl)benzyl)-N-isopropyl-3-oxo-3,4-dihydro-2H-benzo[b][1,4]oxazine-7-carboxamide']"
CHEMBL1502708,,,Small molecule,,399.96,18,22,2.3,74.57,5.0,2.0,0.0,9.0,N,0.66,1.0,MOL,-1,26.0,-1.11,C20H34ClN3O3,CCCn1c2c(c(O)c(C(=O)NCCCN(CC)CC)c1=O)CCCC2.Cl,JIRMMOBATYCZPA-UHFFFAOYSA-N,"InChI=1S/C20H33N3O3.ClH/c1-4-13-23-16-11-8-7-10-15(16)18(24)17(20(23)26)19(25)21-12-9-14-22(5-2)6-3;/h24H,4-14H2,1-3H3,(H,21,25);1H",False,-1,['SID14720938'],['SID14720938']
CHEMBL1564220,,,Small molecule,,309.39,23,28,4.27,46.51,3.0,2.0,0.0,3.0,N,0.43,3.0,MOL,-1,22.0,-1.27,C17H15N3OS,COc1ccccc1N=C(S)Nc1cccc2cnccc12,ZUOJDGNTJMMYCC-UHFFFAOYSA-N,"InChI=1S/C17H15N3OS/c1-21-16-8-3-2-6-15(16)20-17(22)19-14-7-4-5-12-11-18-10-9-13(12)14/h2-11H,1H3,(H2,19,20,22)",False,-1,['SID17517232'],['SID17517232']
CHEMBL1504461,,,Small molecule,,375.79,33,43,4.04,104.83,6.0,2.0,0.0,3.0,N,0.48,2.0,MOL,-1,25.0,-1.92,C16H10ClN3O4S,O=C1N=C(Nc2ccccc2Cl)S/C1=C\c1cccc([N+](=O)[O-])c1O,SFNXYZZPMDZJNY-JYRVWZFOSA-N,"InChI=1S/C16H10ClN3O4S/c17-10-5-1-2-6-11(10)18-16-19-15(22)13(25-16)8-9-4-3-7-12(14(9)21)20(23)24/h1-8,21H,(H,18,19,22)/b13-8-",False,-1,['SID47203676'],['SID47203676']
CHEMBL3196591,,,Small molecule,,352.44,35,51,2.83,76.88,7.0,2.0,0.0,5.0,N,0.64,2.0,MOL,-1,26.0,-1.58,C19H24N6O,Oc1ccccc1/C=N/Nc1cc(N2CCCC2)nc(N2CCCC2)n1,DQKPHLGVAIUODJ-XSFVSMFZSA-N,"InChI=1S/C19H24N6O/c26-16-8-2-1-7-15(16)14-20-23-17-13-18(24-9-3-4-10-24)22-19(21-17)25-11-5-6-12-25/h1-2,7-8,13-14,26H,3-6,9-12H2,(H,21,22,23)/b20-14+",False,-1,['SID17433662'],['SID17433662']
CHEMBL4860876,,,Unknown,,478.57,2,7,2.29,95.6,7.0,1.0,0.0,3.0,N,0.58,3.0,MOL,-1,34.0,-1.6,C25H26N4O4S,O=C1O[C@@H](C(=O)N2CCN(Cc3nc4sc5c(c4c(=O)[nH]3)CCCC5)CC2)Cc2ccccc21,ZJOXWRFJOUWUKX-GOSISDBHSA-N,"InChI=1S/C25H26N4O4S/c30-22-21-17-7-3-4-8-19(17)34-23(21)27-20(26-22)14-28-9-11-29(12-10-28)24(31)18-13-15-5-1-2-6-16(15)25(32)33-18/h1-2,5-6,18H,3-4,7-14H2,(H,26,27,30)/t18-/m1/s1",False,-1,"['6', '11; LEM-14', '5; LEM-14', '11; LEM-14', '21; LEM-14', '5; LEM-14']","['2-[[4-[(3R)-1-oxoisochromane-3-carbonyl]piperazin-1-yl]methyl]-5,6,7,8-tetrahydro-3H-benzothiopheno[2,3-d]pyrimidin-4-one', '(R)-2-((4-(1-oxoisochromane-3-carbonyl)piperazin-1-yl)methyl)-5,6,7,8-tetrahydrobenzo[4,5]thieno[2,3-d]pyrimidin-4(3H)-one', '(R)-2-((4-(1-oxoisochromane-3-carbonyl)piperazin-1-yl)methyl)-5,6,7,8-tetrahydrobenzo[4,5]thieno[2,3-d]pyrimidin-4(3H)-one', '(R)-2-((4-(1-oxoisochromane-3-carbonyl)piperazin-1-yl)methyl)-5,6,7,8-tetrahydrobenzo[4,5]thieno[2,3-d]pyrimidin-4(3H)-one', '2-[[4-[(3R)-1-oxoisochromane-3-carbonyl]piperazin-1-yl]methyl]-5,6,7,8-tetrahydro-3H-benzothiopheno[2,3-d]pyrimidin-4-one', '(R)-2-((4-(1-oxoisochromane-3-carbonyl)piperazin-1-yl)methyl)-5,6,7,8-tetrahydrobenzo[4,5]thieno[2,3-d]pyrimidin-4(3H)-one']"
CHEMBL5195926,,,,,394.52,1,1,5.51,53.64,4.0,1.0,1.0,5.0,N,0.49,4.0,MOL,-1,30.0,-0.71,C26H26N4,CCNCc1cc(C)c(-c2ncn(C)c2-c2ccc(C#N)c3ccccc23)c(C)c1,WJZJVPQEPURVRX-UHFFFAOYSA-N,"InChI=1S/C26H26N4/c1-5-28-15-19-12-17(2)24(18(3)13-19)25-26(30(4)16-29-25)23-11-10-20(14-27)21-8-6-7-9-22(21)23/h6-13,16,28H,5,15H2,1-4H3",False,-1,['29'],"['4-(4-(4-((ethylamino)methyl)-2,6-dimethylphenyl)-1-methyl-1H-imidazol-5-yl)-1-naphthonitrile']"
CHEMBL1888528,,,Small molecule,,284.37,27,44,2.05,56.65,6.0,1.0,0.0,5.0,N,0.67,2.0,MOL,-1,21.0,-1.6,C15H20N6,CN(C)c1cc(N/N=C\c2ccccc2)nc(N(C)C)n1,APGLINRJTWKNDT-WJDWOHSUSA-N,"InChI=1S/C15H20N6/c1-20(2)14-10-13(17-15(18-14)21(3)4)19-16-11-12-8-6-5-7-9-12/h5-11H,1-4H3,(H,17,18,19)/b16-11-",False,-1,"['SID104222629', 'SID24804846']","['SID104222629', 'SID24804846']"
CHEMBL5619559,,,,,313.36,1,1,1.68,92.09,7.0,2.0,0.0,4.0,N,0.89,2.0,MOL,-1,23.0,-0.65,C16H19N5O2,COc1cc2nc(C#N)nc(NC3CCNCC3)c2cc1OC,MNBRYCFHSLJOEQ-UHFFFAOYSA-N,"InChI=1S/C16H19N5O2/c1-22-13-7-11-12(8-14(13)23-2)20-15(9-17)21-16(11)19-10-3-5-18-6-4-10/h7-8,10,18H,3-6H2,1-2H3,(H,19,20,21)",False,-1,['34'],"['6,7-Dimethoxy-4-(piperidin-4-ylamino)quinazoline-2-carbonitrile']"
CHEMBL5406546,,,,,411.84,1,1,2.78,79.37,5.0,1.0,0.0,5.0,N,0.81,1.0,MOL,-1,28.0,-0.67,C19H20ClF2N3O3,CC(F)(F)C(=O)NCCC1CCN(C2=C(Cl)C(=O)c3ncccc3C2=O)CC1,IJGDDBZDJUBMTF-UHFFFAOYSA-N,"InChI=1S/C19H20ClF2N3O3/c1-19(21,22)18(28)24-8-4-11-5-9-25(10-6-11)15-13(20)17(27)14-12(16(15)26)3-2-7-23-14/h2-3,7,11H,4-6,8-10H2,1H3,(H,24,28)",False,-1,['15k'],"['N-(2-(1-(7-chloro-5,8-dioxo-5,8-dihydroquinolin-6-yl)piperidin-4-yl)ethyl)-2,2-difluoropropanamide']"
CHEMBL1543965,,,Small molecule,,314.33,53,74,2.31,96.67,8.0,2.0,0.0,2.0,N,0.7,3.0,MOL,-1,22.0,-1.32,C14H10N4O3S,Oc1ccc(C2=Nn3c(nnc3-c3ccco3)SC2)cc1O,DDUUUIHMOYDWLN-UHFFFAOYSA-N,"InChI=1S/C14H10N4O3S/c19-10-4-3-8(6-11(10)20)9-7-22-14-16-15-13(18(14)17-9)12-2-1-5-21-12/h1-6,19-20H,7H2",False,-1,['SID17401638'],['SID17401638']
CHEMBL1523317,,,Small molecule,,159.19,41,54,1.52,51.8,3.0,1.0,0.0,0.0,Y,0.59,2.0,MOL,-1,12.0,-0.75,C9H9N3,Cc1cc2c(N)cccc2nn1,HOJQDQQMHMVETF-UHFFFAOYSA-N,"InChI=1S/C9H9N3/c1-6-5-7-8(10)3-2-4-9(7)12-11-6/h2-5H,10H2,1H3",False,-1,['SID7973036'],['SID7973036']
CHEMBL1307107,,,Small molecule,,332.45,15,19,3.4,69.04,5.0,1.0,0.0,4.0,N,0.93,2.0,MOL,-1,24.0,-1.54,C18H28N4O2,CCOC(=O)NCCc1c(C)nc2c(c(C)nn2C(C)(C)C)c1C,POSNDLRTSIMCBO-UHFFFAOYSA-N,"InChI=1S/C18H28N4O2/c1-8-24-17(23)19-10-9-14-11(2)15-13(4)21-22(18(5,6)7)16(15)20-12(14)3/h8-10H2,1-7H3,(H,19,23)",False,-1,['SID4244028'],['SID4244028']
CHEMBL1335833,,,Small molecule,,203.31,29,37,3.7,4.93,2.0,0.0,0.0,1.0,N,0.64,2.0,MOL,-1,14.0,-1.34,C12H13NS,CCn1c(C)cc(=S)c2ccccc21,YKLVWFGFWFDDQF-UHFFFAOYSA-N,"InChI=1S/C12H13NS/c1-3-13-9(2)8-12(14)10-6-4-5-7-11(10)13/h4-8H,3H2,1-2H3",False,-1,"['DNDI1416917', 'SID4241958']","['DNDI1416917', 'SID4241958']"
CHEMBL1580845,,,Small molecule,,343.32,52,70,2.32,109.62,6.0,1.0,0.0,3.0,N,0.4,2.0,MOL,-1,24.0,-2.02,C15H9N3O5S,O=C1NC(=O)N(c2ccccc2)C(=O)/C1=C/c1ccc([N+](=O)[O-])s1,YUSHBRYZJAWKNT-DHZHZOJOSA-N,"InChI=1S/C15H9N3O5S/c19-13-11(8-10-6-7-12(24-10)18(22)23)14(20)17(15(21)16-13)9-4-2-1-3-5-9/h1-8H,(H,16,19,21)/b11-8+",False,-1,['SID24822970'],['SID24822970']
CHEMBL3195965,,,Small molecule,,454.87,24,30,4.72,106.45,7.0,2.0,0.0,8.0,N,0.22,3.0,MOL,-1,32.0,-1.01,C23H19ClN2O6,COc1ccc(C(=O)Oc2ccc(/C=N/Nc3ccc(Cl)c(C(=O)O)c3)cc2OC)cc1,ZIKNNCHRZJGBJL-DHRITJCHSA-N,"InChI=1S/C23H19ClN2O6/c1-30-17-7-4-15(5-8-17)23(29)32-20-10-3-14(11-21(20)31-2)13-25-26-16-6-9-19(24)18(12-16)22(27)28/h3-13,26H,1-2H3,(H,27,28)/b25-13+",False,-1,['SID49673945'],['SID49673945']
CHEMBL3188428,,,Small molecule,,281.32,1,1,2.76,60.06,4.0,1.0,0.0,4.0,N,0.8,3.0,MOL,-1,21.0,-1.18,C16H15N3O2,O=C(NCC1CC1)c1ccc(-n2ccnc2)c2ccoc12,OPEOHXROXHXDOL-UHFFFAOYSA-N,"InChI=1S/C16H15N3O2/c20-16(18-9-11-1-2-11)13-3-4-14(19-7-6-17-10-19)12-5-8-21-15(12)13/h3-8,10-11H,1-2,9H2,(H,18,20)",False,-1,['SID103060032'],['SID103060032']
CHEMBL2134336,,,Small molecule,,308.41,8,11,3.66,33.51,3.0,1.0,0.0,2.0,N,0.73,3.0,MOL,-1,22.0,-1.5,C18H16N2OS,Cc1ccc(C(=O)NC(=S)c2c(C)cc3ccccn23)cc1,IUAHAUYRPYRGMM-UHFFFAOYSA-N,"InChI=1S/C18H16N2OS/c1-12-6-8-14(9-7-12)17(21)19-18(22)16-13(2)11-15-5-3-4-10-20(15)16/h3-11H,1-2H3,(H,19,21,22)",False,-1,['SID99455019'],['SID99455019']
CHEMBL1965172,,,Small molecule,,327.3,32,42,1.91,137.4,9.0,2.0,0.0,5.0,N,0.32,3.0,MOL,-1,24.0,-2.08,C14H13N7O3,Cc1nnc(N/N=C\c2ccc(-c3ccccc3[N+](=O)[O-])o2)n1N,AHDDCMOGLYOSKM-PXNMLYILSA-N,"InChI=1S/C14H13N7O3/c1-9-17-19-14(20(9)15)18-16-8-10-6-7-13(24-10)11-4-2-3-5-12(11)21(22)23/h2-8H,15H2,1H3,(H,18,19)/b16-8-",False,-1,['SID17510862'],['SID17510862']
CHEMBL1302524,,,Small molecule,,369.76,52,80,3.27,91.75,4.0,1.0,0.0,3.0,N,0.9,2.0,MOL,-1,26.0,-0.47,C19H12ClNO5,CC(=O)N(C1=C(Cl)C(=O)c2ccccc2C1=O)c1ccc(C(=O)O)cc1,SLPYZNNPGREBMV-UHFFFAOYSA-N,"InChI=1S/C19H12ClNO5/c1-10(22)21(12-8-6-11(7-9-12)19(25)26)16-15(20)17(23)13-4-2-3-5-14(13)18(16)24/h2-9H,1H3,(H,25,26)",False,-1,['SID49668331'],['SID49668331']
CHEMBL1423662,,,Small molecule,,327.43,14,19,3.26,66.07,5.0,2.0,0.0,8.0,N,0.66,3.0,MOL,-1,24.0,-1.41,C18H25N5O,CCOc1ccc2[nH]c3c(NCCN(CC)CC)ncnc3c2c1,AZZVKKCELDLMPY-UHFFFAOYSA-N,"InChI=1S/C18H25N5O/c1-4-23(5-2)10-9-19-18-17-16(20-12-21-18)14-11-13(24-6-3)7-8-15(14)22-17/h7-8,11-12,22H,4-6,9-10H2,1-3H3,(H,19,20,21)",False,-1,['SID49645923'],['SID49645923']
CHEMBL1605464,,,Small molecule,,456.55,28,33,4.97,106.35,8.0,2.0,0.0,7.0,N,0.4,4.0,MOL,-1,31.0,-2.18,C21H20N4O4S2,COc1ccc(-c2csc(Nc3ccc(S(=O)(=O)Nc4cc(C)on4)cc3)n2)cc1C,BPKAIDOAJPDWJW-UHFFFAOYSA-N,"InChI=1S/C21H20N4O4S2/c1-13-10-15(4-9-19(13)28-3)18-12-30-21(23-18)22-16-5-7-17(8-6-16)31(26,27)25-20-11-14(2)29-24-20/h4-12H,1-3H3,(H,22,23)(H,24,25)",False,-1,['SID24788178'],['SID24788178']
CHEMBL1981657,,,Small molecule,,333.26,58,73,0.78,176.58,7.0,4.0,0.0,5.0,N,0.27,2.0,MOL,-1,24.0,-0.66,C13H11N5O6,N/C(=N\N=C/c1ccc(-c2ccc(O)c(C(=O)O)c2)o1)N[N+](=O)[O-],BZTOOBISHURJRM-UUASQNMZSA-N,"InChI=1S/C13H11N5O6/c14-13(17-18(22)23)16-15-6-8-2-4-11(24-8)7-1-3-10(19)9(5-7)12(20)21/h1-6,19H,(H,20,21)(H3,14,16,17)/b15-6-",False,-1,['SID17416093'],['SID17416093']
CHEMBL6067693,,,,,430.55,2,4,4.69,59.39,5.0,1.0,0.0,4.0,N,0.65,3.0,MOL,-1,32.0,-0.84,C26H30N4O2,Cc1cc(CN2CCCCC2)cc(C)c1-c1ncn(C)c1-c1ccc2c(c1)OCC(=O)N2,VEWYIWGYIVHOBN-UHFFFAOYSA-N,"InChI=1S/C26H30N4O2/c1-17-11-19(14-30-9-5-4-6-10-30)12-18(2)24(17)25-26(29(3)16-27-25)20-7-8-21-22(13-20)32-15-23(31)28-21/h7-8,11-13,16H,4-6,9-10,14-15H2,1-3H3,(H,28,31)",False,-1,['10'],"['7-(4-(2,6-Dimethyl-4-(piperidin-1-ylmethyl)phenyl)-1-methyl-1H-imidazol-5-yl)-2H-benzo[b][1,4]oxazin-3(4H)-one']"
CHEMBL5555145,,,,,362.39,2,4,2.49,99.24,5.0,2.0,0.0,3.0,N,0.75,3.0,MOL,-1,27.0,-0.94,C20H18N4O3,Cc1ccc(C(N)=O)cc1-c1ncn(C)c1-c1ccc2c(c1)OCC(=O)N2,BCEHCNGIJHAHTP-UHFFFAOYSA-N,"InChI=1S/C20H18N4O3/c1-11-3-4-13(20(21)26)7-14(11)18-19(24(2)10-22-18)12-5-6-15-16(8-12)27-9-17(25)23-15/h3-8,10H,9H2,1-2H3,(H2,21,26)(H,23,25)",False,-1,['13'],"['4-Methyl-3-(1-methyl-5-(3-oxo-3,4-dihydro-2H-benzo[b][1,4]oxazin-7-yl)-1H-imidazol-4-yl)benzamide']"
CHEMBL5593832,,,,,468.6,17,42,2.9,95.77,9.0,1.0,0.0,9.0,N,0.56,2.0,MOL,-1,34.0,-1.4,C25H36N6O3,COc1cc2c(NC3CCN(C(C)C)CC3)nc(C#N)nc2cc1OCCCN1CCOCC1,CFMYKRWFDVCYRR-UHFFFAOYSA-N,"InChI=1S/C25H36N6O3/c1-18(2)31-8-5-19(6-9-31)27-25-20-15-22(32-3)23(16-21(20)28-24(17-26)29-25)34-12-4-7-30-10-13-33-14-11-30/h15-16,18-19H,4-14H2,1-3H3,(H,27,28,29)",False,-1,"['42', '25']","['4-((1-Isopropylpiperidin-4-yl)amino)-6-methoxy-7-(3-morpholinopropoxy)quinazoline-2-carbonitrile', '4-((1-isopropylpiperidin-4-yl)amino)-6-methoxy-7-(3-morpholinopropoxy)quinazoline-2-carbonitrile']"
CHEMBL5565515,,,,,438.53,2,4,5.31,68.18,5.0,2.0,1.0,5.0,N,0.44,4.0,MOL,-1,33.0,-0.81,C27H26N4O2,Cc1cc(CNc2ccccc2)cc(C)c1-c1ncn(C)c1-c1ccc2c(c1)OCC(=O)N2,ZEZCOKVXQVYETH-UHFFFAOYSA-N,"InChI=1S/C27H26N4O2/c1-17-11-19(14-28-21-7-5-4-6-8-21)12-18(2)25(17)26-27(31(3)16-29-26)20-9-10-22-23(13-20)33-15-24(32)30-22/h4-13,16,28H,14-15H2,1-3H3,(H,30,32)",False,-1,['20'],"['7-(4-(2,6-Dimethyl-4-((phenylamino)methyl)phenyl)-1-methyl-1H-imidazol-5-yl)-2H-benzo[b][1,4]oxazin-3(4H)-one']"
CHEMBL1350986,,,Small molecule,,309.32,39,53,3.04,64.63,5.0,1.0,0.0,4.0,N,0.94,2.0,MOL,-1,23.0,0.03,C18H15NO4,COC1=C(Nc2ccc(OC)cc2)C(=O)c2ccccc2C1=O,NOHHIFIARCVQIO-UHFFFAOYSA-N,"InChI=1S/C18H15NO4/c1-22-12-9-7-11(8-10-12)19-15-16(20)13-5-3-4-6-14(13)17(21)18(15)23-2/h3-10,19H,1-2H3",False,-1,['SID17511696'],['SID17511696']
CHEMBL337173,,,Small molecule,,321.76,103,197,0.83,71.53,6.0,1.0,0.0,4.0,N,0.89,1.0,MOL,-1,22.0,-0.99,C15H16ClN3O3,O=C1C(Cl)=C(NCCN2CCOCC2)C(=O)c2ncccc21,BMKPVDQDJQWBPD-UHFFFAOYSA-N,"InChI=1S/C15H16ClN3O3/c16-11-13(18-4-5-19-6-8-22-9-7-19)15(21)12-10(14(11)20)2-1-3-17-12/h1-3,18H,4-9H2",False,-1,"['NSC-663284', 'NSC 663284', 'O3', '663284', '31, SPS811', '663284', 'NSC 663284', 'SID26753179', 'DA3003-1', '21, NSC-663284', '1, NSC663284', 'SID510137', '1, NSC-663284', 'SID29215124', 'SPS8I1', 'NSC-663284', 'NSC-663284', '6; DA3003-1', 'EOS100356', 'NSC-663284', '12; DA3003-1', 'EOS98583', '6a; NSC663284', '13; DA3003-1', 'NSC 663284', 'DA-3003-1', '29; SPS811', '8; DA3003-1']","['NSC-663284', '6-chloro-7-(2-morpholinoethylamino)quinoline-5,8-dione', '6-chloro-7-((2-morpholin-4-ylethyl)amino)quinoline-5,8-dione', '6-Chloro-7-(2-morpholin-4-yl-ethylamino)-quinoline-5,8-dione', '6-chloro-7-(2-morpholinoethylamino)quinoline-5,8-dione', '6-chloro-7-((2-(4-morpholinyl)ethyl)amino)-5,8-quinolinedione', 'NSC 663284', 'SID26753179', '6-chloro-7-(2-morpholinoethylamino)quinoline-5,8-dione', '6-chloro-7-(2-morpholinoethylamino)quinoline-5,8-dione', '6-chloro-7-(2-(piperidin-1-yl)ethylamino)quinoline-5,8-dione', 'SID510137', '6-chloro-7-(2-morpholinoethylamino)quinoline-5,8-dione', 'SID29215124', '6-chloro-7-(2-morpholinoethylamino)quinoline-5,8-dione', 'NSC-663284', 'NSC-663284', '6-chloro-7-((2-morpholinoethyl)amino)quinoline-5,8-dione', 'NSC 663284', 'NSC-663284', '6-chloro-7-((2-morpholinoethyl)amino)quinoline-5,8-dione', 'NSC 663284', '6-Chloro-7-((2-morpholinoethyl)amino)quinoline-5,8-dione', '6-chloro-7-(2-morpholinoethylamino)quinoline-5,8-dione', 'NSC 663284', '6-chloro-7-((2-morpholinoethyl)amino)quinoline-5,8-dione', '6-chloro-7-((2-morpholinoethyl)amino)quinoline-5,8-dione', '6-chloro-7-((2-morpholinoethyl)amino)quinoline-5,8-dione']"
CHEMBL5619719,,,,,454.58,1,1,2.51,95.77,9.0,1.0,0.0,8.0,N,0.65,2.0,MOL,-1,33.0,-1.41,C24H34N6O3,COc1cc2c(NC3CCN(C(C)C)CC3)nc(C#N)nc2cc1OCCN1CCOCC1,YDCPRZYIZJCZAJ-UHFFFAOYSA-N,"InChI=1S/C24H34N6O3/c1-17(2)30-6-4-18(5-7-30)26-24-19-14-21(31-3)22(15-20(19)27-23(16-25)28-24)33-13-10-29-8-11-32-12-9-29/h14-15,17-18H,4-13H2,1-3H3,(H,26,27,28)",False,-1,['41'],['4-((1-Isopropylpiperidin-4-yl)amino)-6-methoxy-7-(2-morpholinoethoxy)quinazoline-2-carbonitrile']
CHEMBL1492667,,,Small molecule,,264.33,21,26,3.86,45.15,3.0,2.0,0.0,3.0,N,0.75,3.0,MOL,-1,20.0,-1.04,C17H16N2O,Cc1ccc(O)c(CNc2cccc3cccnc23)c1,RUCHCXVTCIWRSI-UHFFFAOYSA-N,"InChI=1S/C17H16N2O/c1-12-7-8-16(20)14(10-12)11-19-15-6-2-4-13-5-3-9-18-17(13)15/h2-10,19-20H,11H2,1H3",False,-1,['SID24789844'],['SID24789844']
CHEMBL1460875,,,Small molecule,,455.33,13,15,2.05,98.15,6.0,2.0,0.0,5.0,N,0.53,2.0,MOL,-1,27.0,-1.32,C18H19BrN2O5S,O=C(CN1CCN(S(=O)(=O)c2ccc(Br)cc2)CC1)c1ccc(O)c(O)c1,MEYDUKGABNYNCY-UHFFFAOYSA-N,"InChI=1S/C18H19BrN2O5S/c19-14-2-4-15(5-3-14)27(25,26)21-9-7-20(8-10-21)12-18(24)13-1-6-16(22)17(23)11-13/h1-6,11,22-23H,7-10,12H2",False,-1,['SID49717201'],['SID49717201']
CHEMBL1419015,,,Small molecule,,278.41,22,30,2.87,41.05,4.0,1.0,0.0,1.0,N,0.81,2.0,MOL,-1,18.0,-2.41,C12H14N4S2,S=C(Nc1ccc2nsnc2c1)N1CCCCC1,KWXFOFBNXPEQAH-UHFFFAOYSA-N,"InChI=1S/C12H14N4S2/c17-12(16-6-2-1-3-7-16)13-9-4-5-10-11(8-9)15-18-14-10/h4-5,8H,1-3,6-7H2,(H,13,17)",False,-1,['SID22415211'],['SID22415211']
CHEMBL1313485,,,Small molecule,,306.27,39,47,2.0,117.2,7.0,3.0,0.0,5.0,N,0.44,2.0,MOL,-1,22.0,0.02,C15H14O7,CCOC(=O)c1ccc(CC(=O)c2ccc(O)c(O)c2O)o1,IIDUJWIVMGALOG-UHFFFAOYSA-N,"InChI=1S/C15H14O7/c1-2-21-15(20)12-6-3-8(22-12)7-11(17)9-4-5-10(16)14(19)13(9)18/h3-6,16,18-19H,2,7H2,1H3",False,-1,"['SID24797852', 'Table1;1', '79; MMG-11', 'BDBM34883']","['SID24797852', 'ethyl 5-(2-oxo-2-(2,3,4-trihydroxyphenyl)ethyl)furan-2-carboxylate', 'Ethyl 5-(2-oxo-2-(2,3,4-trihydroxyphenyl)ethyl)furan-2-carboxylate', '5-[2-keto-2-(2,3,4-trihydroxyphenyl)ethyl]furan-2-carboxylic acid ethyl ester::5-[2-oxo-2-(2,3,4-trihydroxyphenyl)ethyl]-2-furancarboxylic acid ethyl ester::MLS000690569::SMR000298833::US10252984, Table 2.1::cid_854609::ethyl 5-[2-oxidanylidene-2-[2,3,4-tris(oxidanyl)phenyl]ethyl]furan-2-carboxylate::ethyl 5-[2-oxo-2-(2,3,4-trihydroxyphenyl)ethyl]-2-furoate::ethyl 5-[2-oxo-2-(2,3,4-trihydroxyphenyl)ethyl]furan-2-carboxylate']"
CHEMBL5557662,,,,,488.59,2,4,4.09,85.69,7.0,1.0,0.0,5.0,N,0.54,3.0,MOL,-1,36.0,-0.82,C28H32N4O4,COC(=O)C1CCN(Cc2cc(C)c(-c3ncn(C)c3-c3ccc4c(c3)OCC(=O)N4)c(C)c2)CC1,CAXXUAPKMOVWIN-UHFFFAOYSA-N,"InChI=1S/C28H32N4O4/c1-17-11-19(14-32-9-7-20(8-10-32)28(34)35-4)12-18(2)25(17)26-27(31(3)16-29-26)21-5-6-22-23(13-21)36-15-24(33)30-22/h5-6,11-13,16,20H,7-10,14-15H2,1-4H3,(H,30,33)",False,-1,['19'],"['Methyl 1-(3,5-Dimethyl-4-(1-methyl-5-(3-oxo-3,4-dihydro-2H-benzo[b][1,4]oxazin-7-yl)-1H-imidazol-4-yl)benzyl)piperidine-4-carboxylate']"
CHEMBL5561556,,,,,348.36,3,5,2.18,99.24,5.0,2.0,0.0,3.0,N,0.76,3.0,MOL,-1,26.0,-1.08,C19H16N4O3,Cn1cnc(-c2cccc(C(N)=O)c2)c1-c1ccc2c(c1)OCC(=O)N2,CUALDSZSVUZWJN-UHFFFAOYSA-N,"InChI=1S/C19H16N4O3/c1-23-10-21-17(11-3-2-4-13(7-11)19(20)25)18(23)12-5-6-14-15(8-12)26-9-16(24)22-14/h2-8,10H,9H2,1H3,(H2,20,25)(H,22,24)",False,-1,['21'],"['3-(1-Methyl-5-(3-oxo-3,4-dihydro-2H-benzo[b][1,4]oxazin-7-yl)-1H-imidazol-4-yl)benzamide']"
CHEMBL5620022,,,,,325.42,1,1,2.79,74.07,6.0,1.0,0.0,4.0,N,0.93,2.0,MOL,-1,24.0,-1.36,C18H23N5O,COc1ccc2nc(C#N)nc(NC3CCN(C(C)C)CC3)c2c1,YJQMXNNYDNXPET-UHFFFAOYSA-N,"InChI=1S/C18H23N5O/c1-12(2)23-8-6-13(7-9-23)20-18-15-10-14(24-3)4-5-16(15)21-17(11-19)22-18/h4-5,10,12-13H,6-9H2,1-3H3,(H,20,21,22)",False,-1,['35'],['4-((1-Isopropylpiperidin-4-yl)amino)-6-methoxyquinazoline-2-carbonitrile']
CHEMBL1414222,,,Small molecule,,257.33,37,44,3.49,49.33,2.0,2.0,0.0,2.0,N,0.8,1.0,MOL,-1,19.0,0.31,C16H19NO2,CC(C)C1Nc2ccc(C(=O)O)cc2C2C=CCC21,IPGTXKITVRJXEC-UHFFFAOYSA-N,"InChI=1S/C16H19NO2/c1-9(2)15-12-5-3-4-11(12)13-8-10(16(18)19)6-7-14(13)17-15/h3-4,6-9,11-12,15,17H,5H2,1-2H3,(H,18,19)",False,-1,['SID24802044'],['SID24802044']
CHEMBL1596295,,,Small molecule,,335.84,11,14,3.46,58.37,4.0,1.0,0.0,8.0,N,0.75,2.0,MOL,-1,23.0,-2.13,C17H22ClN3O2,CCN(CC)CCCNC(=O)c1cc(-c2cccc(Cl)c2)on1,RAOGOTKLNJUKFF-UHFFFAOYSA-N,"InChI=1S/C17H22ClN3O2/c1-3-21(4-2)10-6-9-19-17(22)15-12-16(23-20-15)13-7-5-8-14(18)11-13/h5,7-8,11-12H,3-4,6,9-10H2,1-2H3,(H,19,22)",False,-1,['SID4246108'],['SID4246108']
CHEMBL1390521,,,Small molecule,,184.15,41,56,-0.59,115.81,5.0,5.0,0.0,1.0,N,0.17,1.0,MOL,-1,13.0,-0.04,C7H8N2O4,NNC(=O)c1cc(O)c(O)c(O)c1,FBCVSPDPLQWYJV-UHFFFAOYSA-N,"InChI=1S/C7H8N2O4/c8-9-7(13)3-1-4(10)6(12)5(11)2-3/h1-2,10-12H,8H2,(H,9,13)",False,-1,"['LP3134-D3', 'SID24789679']","['3,4,5-trihydroxybenzohydrazide', 'SID24789679']"
CHEMBL5619699,,,,,431.54,1,1,4.37,83.3,7.0,1.0,0.0,7.0,N,0.59,3.0,MOL,-1,32.0,-1.07,C25H29N5O2,COc1cc2c(NC3CCN(C(C)C)CC3)nc(C#N)nc2cc1OCc1ccccc1,MUDKKEZRPIXPOS-UHFFFAOYSA-N,"InChI=1S/C25H29N5O2/c1-17(2)30-11-9-19(10-12-30)27-25-20-13-22(31-3)23(14-21(20)28-24(15-26)29-25)32-16-18-7-5-4-6-8-18/h4-8,13-14,17,19H,9-12,16H2,1-3H3,(H,27,28,29)",False,-1,['38'],['7-(Benzyloxy)-4-((1-isopropylpiperidin-4-yl)amino)-6-methoxyquinazoline-2-carbonitrile']
CHEMBL1564810,,,Small molecule,,383.43,40,51,2.9,100.76,5.0,2.0,0.0,3.0,N,0.79,2.0,MOL,-1,27.0,-1.93,C19H17N3O4S,CC(=O)NC1=NC(=O)/C(=C/c2cc(C)n(-c3cccc(C(=O)O)c3)c2C)S1,UNSGQWFLWHHHQO-SXGWCWSVSA-N,"InChI=1S/C19H17N3O4S/c1-10-7-14(9-16-17(24)21-19(27-16)20-12(3)23)11(2)22(10)15-6-4-5-13(8-15)18(25)26/h4-9H,1-3H3,(H,25,26)(H,20,21,23,24)/b16-9-",False,-1,['SID24803502'],['SID24803502']
CHEMBL3190880,,,Small molecule,,460.51,46,65,4.32,112.9,5.0,2.0,0.0,6.0,N,0.57,3.0,MOL,-1,33.0,-0.83,C25H20N2O5S,CCc1ccc(S(=O)(=O)/N=C2\C=C(Nc3cccc(C(=O)O)c3)C(=O)c3ccccc32)cc1,RYVRPCQNGCQISY-HPNDGRJYSA-N,"InChI=1S/C25H20N2O5S/c1-2-16-10-12-19(13-11-16)33(31,32)27-22-15-23(24(28)21-9-4-3-8-20(21)22)26-18-7-5-6-17(14-18)25(29)30/h3-15,26H,2H2,1H3,(H,29,30)/b27-22+",False,-1,['SID49731855'],['SID49731855']
CHEMBL1570005,,,Small molecule,,406.48,35,48,2.98,86.71,5.0,2.0,0.0,4.0,N,0.7,2.0,MOL,-1,30.0,-0.34,C24H26N2O4,CC1CC(C)CN(C(=O)c2ccc3c(c2NCCO)C(=O)c2ccccc2C3=O)C1,KVWDCSJFVIPRLD-UHFFFAOYSA-N,"InChI=1S/C24H26N2O4/c1-14-11-15(2)13-26(12-14)24(30)19-8-7-18-20(21(19)25-9-10-27)23(29)17-6-4-3-5-16(17)22(18)28/h3-8,14-15,25,27H,9-13H2,1-2H3",False,-1,"['SID136947995', 'SID14734023']","['SID136947995', 'SID14734023']"
CHEMBL2132857,,,Small molecule,,159.15,2,2,0.64,65.78,3.0,1.0,0.0,0.0,N,0.6,1.0,MOL,-1,12.0,-0.81,C8H5N3O,N#CC1C(=O)Nc2cccnc21,AVSFXNNHHTWVEH-UHFFFAOYSA-N,"InChI=1S/C8H5N3O/c9-4-5-7-6(11-8(5)12)2-1-3-10-7/h1-3,5H,(H,11,12)",False,-1,['SID99360649'],['SID99360649']
CHEMBL1400620,,,Small molecule,,422.82,33,43,4.07,99.85,4.0,2.0,0.0,4.0,N,0.49,3.0,MOL,-1,30.0,-1.46,C22H15ClN2O5,Cc1cccc(N2NC(=O)/C(=C/c3ccc(-c4ccc(Cl)c(C(=O)O)c4)o3)C2=O)c1,NKWHHMDBDZPZNO-BOPFTXTBSA-N,"InChI=1S/C22H15ClN2O5/c1-12-3-2-4-14(9-12)25-21(27)17(20(26)24-25)11-15-6-8-19(30-15)13-5-7-18(23)16(10-13)22(28)29/h2-11H,1H3,(H,24,26)(H,28,29)/b17-11-",False,-1,['SID24785784'],['SID24785784']
CHEMBL1412423,,,Small molecule,,387.44,44,56,3.12,98.07,6.0,3.0,0.0,4.0,N,0.42,2.0,MOL,-1,26.0,-0.83,C18H13NO5S2,O=C(O)C(c1ccccc1)N1C(=O)/C(=C\c2ccc(O)c(O)c2)SC1=S,VLCRZRLOWXCGKH-NTEUORMPSA-N,"InChI=1S/C18H13NO5S2/c20-12-7-6-10(8-13(12)21)9-14-16(22)19(18(25)26-14)15(17(23)24)11-4-2-1-3-5-11/h1-9,15,20-21H,(H,23,24)/b14-9+",False,-1,['SID49665008'],['SID49665008']
CHEMBL1399113,,,Small molecule,,341.81,13,19,3.44,70.23,2.0,3.0,0.0,7.0,N,0.66,1.0,MOL,-1,23.0,-1.0,C16H21ClFN3O2,CC1NC(=O)NC1CCCCCC(=O)Nc1ccc(F)c(Cl)c1,WBVZVKAMQLVYTF-UHFFFAOYSA-N,"InChI=1S/C16H21ClFN3O2/c1-10-14(21-16(23)19-10)5-3-2-4-6-15(22)20-11-7-8-13(18)12(17)9-11/h7-10,14H,2-6H2,1H3,(H,20,22)(H2,19,21,23)",False,-1,['SID24808639'],['SID24808639']
CHEMBL5564764,,,,,280.29,2,2,1.36,102.64,7.0,1.0,0.0,4.0,N,0.77,3.0,MOL,-1,21.0,-1.41,C14H12N6O,N#Cc1ccc(OCCn2cnc3c(N)ncnc32)cc1,ZNRRBKKNBIYMJF-UHFFFAOYSA-N,"InChI=1S/C14H12N6O/c15-7-10-1-3-11(4-2-10)21-6-5-20-9-19-12-13(16)17-8-18-14(12)20/h1-4,8-9H,5-6H2,(H2,16,17,18)",False,-1,['10'],['4-(2-(6-amino-9H-purin-9-yl)ethoxy)benzonitrile']
CHEMBL5397613,,,,,409.82,1,1,2.49,70.58,5.0,0.0,0.0,2.0,N,0.75,1.0,MOL,-1,28.0,-0.6,C19H18ClF2N3O3,CC(F)(F)C(=O)N1CCC2(CC1)CN(C1=C(Cl)C(=O)c3ncccc3C1=O)C2,BYNCITOIAHZHDY-UHFFFAOYSA-N,"InChI=1S/C19H18ClF2N3O3/c1-18(21,22)17(28)24-7-4-19(5-8-24)9-25(10-19)14-12(20)16(27)13-11(15(14)26)3-2-6-23-13/h2-3,6H,4-5,7-10H2,1H3",False,-1,['15i'],"['7-chloro-6-(7-(2,2-difluoropropanoyl)-2,7-diazaspiro[3.5]nonan-2-yl)quinoline-5,8-dione']"
CHEMBL5418912,,,,,381.77,3,11,1.95,88.16,5.0,2.0,0.0,4.0,N,0.83,1.0,MOL,-1,26.0,-0.33,C17H14ClF2N3O3,CC(F)(F)C(=O)NC12CC(NC3=C(Cl)C(=O)c4ncccc4C3=O)(C1)C2,PZGWULNYSQCJQJ-UHFFFAOYSA-N,"InChI=1S/C17H14ClF2N3O3/c1-15(19,20)14(26)23-17-5-16(6-17,7-17)22-11-9(18)13(25)10-8(12(11)24)3-2-4-21-10/h2-4,22H,5-7H2,1H3,(H,23,26)",False,-1,['15c'],"['N-(3-((7-chloro-5,8-dioxo-5,8-dihydroquinolin-6-yl)amino)bicyclo[1.1.1]pentan-1-yl)-2,2-difluoropropanamide']"
CHEMBL1725940,,,Small molecule,,293.41,5,6,2.86,55.28,3.0,2.0,0.0,2.0,Y,0.84,2.0,MOL,-1,22.0,0.32,C19H23N3,Nc1ccc(C2(c3ccc(N)cc3)CN3CCC2CC3)cc1,BEZYNOQAXDYYLC-UHFFFAOYSA-N,"InChI=1S/C19H23N3/c20-17-5-1-14(2-6-17)19(15-3-7-18(21)8-4-15)13-22-11-9-16(19)10-12-22/h1-8,16H,9-13,20-21H2",False,-1,['SID858154'],['SID858154']
CHEMBL5437594,,,,,520.59,1,5,3.71,128.84,9.0,2.0,1.0,7.0,N,0.38,4.0,MOL,-1,38.0,-0.77,C27H30F2N8O,CC[C@H](C)C(=O)[C@@]1(N)CCCN(c2cnc(-c3ccc(F)c(F)c3)cc2Cn2cnc3c(N)ncnc32)C1,GLJXHYDKIFHSPG-RKOGDMNLSA-N,"InChI=1S/C27H30F2N8O/c1-3-16(2)24(38)27(31)7-4-8-36(13-27)22-11-32-21(17-5-6-19(28)20(29)9-17)10-18(22)12-37-15-35-23-25(30)33-14-34-26(23)37/h5-6,9-11,14-16H,3-4,7-8,12-13,31H2,1-2H3,(H2,30,33,34)/t16-,27+/m0/s1",False,-1,"['21', 'BDBM567900']","['(S)-1-((R)-3-amino-1-(4-((6-amino-9H-purin-9-yl)methyl)-6-(3,4-difluorophenyl)pyridin-3-yl)piperidin-3-yl)-2-methylbutan-1-one', 'US11420970, Example 101']"
CHEMBL5980149,,,,,526.62,1,3,3.89,129.59,10.0,2.0,1.0,6.0,N,0.34,5.0,MOL,-1,39.0,-1.07,C28H31FN10,CC(C)n1ccc([C@@]2(N)CCCN(c3cnc(-c4ccc(F)cc4)cc3Cn3cnc4c(N)ncnc43)C2)n1,VURSNCRHIFZKQR-MUUNZHRXSA-N,"InChI=1S/C28H31FN10/c1-18(2)39-11-8-24(36-39)28(31)9-3-10-37(15-28)23-13-32-22(19-4-6-21(29)7-5-19)12-20(23)14-38-17-35-25-26(30)33-16-34-27(25)38/h4-8,11-13,16-18H,3,9-10,14-15,31H2,1-2H3,(H2,30,33,34)/t28-/m1/s1",False,-1,['BDBM568072'],"['US11420970, Example 274']"
CHEMBL5913099,,,,,542.6,1,3,3.78,129.59,10.0,2.0,1.0,6.0,N,0.33,5.0,MOL,-1,40.0,-1.14,C28H28F2N10,Nc1ncnc2c1ncn2Cc1cc(-c2ccc(F)c(F)c2)ncc1N1CCCC(N)(c2ccn(C3CC3)n2)C1,FPZSKKMHEFAEFK-UHFFFAOYSA-N,"InChI=1S/C28H28F2N10/c29-20-5-2-17(10-21(20)30)22-11-18(13-39-16-36-25-26(31)34-15-35-27(25)39)23(12-33-22)38-8-1-7-28(32,14-38)24-6-9-40(37-24)19-3-4-19/h2,5-6,9-12,15-16,19H,1,3-4,7-8,13-14,32H2,(H2,31,34,35)",False,-1,['BDBM568076'],"['US11420970, Example 278']"
CHEMBL5818119,,,,,536.59,1,3,2.9,130.23,10.0,2.0,1.0,5.0,N,0.4,4.0,MOL,-1,39.0,-0.71,C27H30F2N8O2,C[C@H]1COC[C@@H]([C@@]2(N)CCCN(c3cnc(-c4ccc(F)c(F)c4)cc3Cn3cnc4c(N)ncnc43)C2)O1,VLZDKMNEISVRGM-HNVUPHGUSA-N,"InChI=1S/C27H30F2N8O2/c1-16-11-38-12-23(39-16)27(31)5-2-6-36(13-27)22-9-32-21(17-3-4-19(28)20(29)7-17)8-18(22)10-37-15-35-24-25(30)33-14-34-26(24)37/h3-4,7-9,14-16,23H,2,5-6,10-13,31H2,1H3,(H2,30,33,34)/t16-,23-,27+/m0/s1",False,-1,['BDBM568086'],"['US11420970, Example 288']"
CHEMBL5940354,,,,,535.6,1,3,2.96,132.08,9.0,2.0,1.0,7.0,N,0.37,4.0,MOL,-1,39.0,-1.1,C27H31F2N9O,CN(C)C(=O)CC[C@@]1(N)CCCN(c2cnc(-c3ccc(F)c(F)c3)cc2Cn2cnc3c(N)ncnc32)C1,VCUOTECLGKIUBH-MHZLTWQESA-N,"InChI=1S/C27H31F2N9O/c1-36(2)23(39)6-8-27(31)7-3-9-37(14-27)22-12-32-21(17-4-5-19(28)20(29)10-17)11-18(22)13-38-16-35-24-25(30)33-15-34-26(24)38/h4-5,10-12,15-16H,3,6-9,13-14,31H2,1-2H3,(H2,30,33,34)/t27-/m0/s1",False,-1,['BDBM568120'],"['US11420970, Example 322']"
CHEMBL6003770,,,,,564.52,1,3,3.18,141.23,10.0,3.0,1.0,8.0,N,0.28,4.0,MOL,-1,40.0,-0.87,C25H25F5N8O2,Nc1ncnc2c1ncn2Cc1cc(-c2ccc(OC(F)F)cc2F)ncc1N1CCC[C@](N)([C@H](O)C(F)F)C1,VXPKMDVRDJGJHP-CJFMBICVSA-N,"InChI=1S/C25H25F5N8O2/c26-16-7-14(40-24(29)30)2-3-15(16)17-6-13(9-38-12-36-19-22(31)34-11-35-23(19)38)18(8-33-17)37-5-1-4-25(32,10-37)20(39)21(27)28/h2-3,6-8,11-12,20-21,24,39H,1,4-5,9-10,32H2,(H2,31,34,35)/t20-,25-/m1/s1",False,-1,['BDBM567952'],"['US11420970, Example 153']"
CHEMBL5870811,,,,,499.5,1,3,1.98,144.89,10.0,3.0,0.0,6.0,N,0.36,4.0,MOL,-1,36.0,-0.64,C23H24F3N9O,Nc1ncnc2c1ncn2Cc1cc(-c2ccc(F)cn2)ncc1N1CCC[C@](N)([C@@H](O)C(F)F)C1,WUTTVSGGMUJTHP-WMZHIEFXSA-N,"InChI=1S/C23H24F3N9O/c24-14-2-3-15(29-7-14)16-6-13(9-35-12-33-18-21(27)31-11-32-22(18)35)17(8-30-16)34-5-1-4-23(28,10-34)19(36)20(25)26/h2-3,6-8,11-12,19-20,36H,1,4-5,9-10,28H2,(H2,27,31,32)/t19-,23+/m0/s1",False,-1,['BDBM567954'],"['US11420970, Example 155']"
CHEMBL5878449,,,,,563.56,1,3,4.58,124.66,9.0,2.0,1.0,6.0,N,0.29,5.0,MOL,-1,41.0,-1.0,C28H25F4N9,Nc1ncnc2c1ncn2Cc1cc(-c2ccc(F)cc2)ncc1N1CCC[C@](N)(c2ccc(F)c(C(F)F)n2)C1,NNHFVPNQISFHSW-MUUNZHRXSA-N,"InChI=1S/C28H25F4N9/c29-18-4-2-16(3-5-18)20-10-17(12-41-15-38-24-26(33)36-14-37-27(24)41)21(11-35-20)40-9-1-8-28(34,13-40)22-7-6-19(30)23(39-22)25(31)32/h2-7,10-11,14-15,25H,1,8-9,12-13,34H2,(H2,33,36,37)/t28-/m1/s1",False,-1,['BDBM568016'],"['US11420970, Example 218']"
CHEMBL6021951,,,,,496.57,1,3,2.82,120.14,9.0,3.0,0.0,6.0,N,0.48,3.0,MOL,-1,36.0,-0.4,C25H30F2N8O,COc1ccc(C2C=C(Cn3cnc4c(N)ncnc43)C(N3CCCC(N)(C(C)F)C3)=CN2)cc1F,QYFYWHODLJRKKW-UHFFFAOYSA-N,"InChI=1S/C25H30F2N8O/c1-15(26)25(29)6-3-7-34(12-25)20-10-30-19(16-4-5-21(36-2)18(27)8-16)9-17(20)11-35-14-33-22-23(28)31-13-32-24(22)35/h4-5,8-10,13-15,19,30H,3,6-7,11-12,29H2,1-2H3,(H2,28,31,32)",False,-1,['BDBM568093'],"['US11420970, Example 295']"
CHEMBL284328,HOMIDIUM BROMIDE,BROMURE D'HOMIDIUM|BROMURO DE HOMIDIO|DROMILAC|HOMIDIUM BROMIDE|NSC-268986,Small molecule,2.0,394.32,173,766,4.13,55.92,2.0,2.0,0.0,2.0,N,0.33,4.0,MOL,0,24.0,0.27,C21H20BrN3,CC[n+]1c(-c2ccccc2)c2cc(N)ccc2c2ccc(N)cc21.[Br-],ZMMJGEGLRURXTF-UHFFFAOYSA-N,"InChI=1S/C21H19N3.BrH/c1-2-24-20-13-16(23)9-11-18(20)17-10-8-15(22)12-19(17)21(24)14-6-4-3-5-7-14;/h3-13,23H,2,22H2,1H3;1H",False,0,"['EB', 'EtBr', 'Ethidium', 'SID144204674', 'EtBr', 'EtBr', 'EtBr', 'EB', 'HOMIDIUM BROMIDE', 'EB', '1 (ethidium bromide)', 'EtBr', 'Ethidium bromide', 'Ethidium Bromide', 'EB', '3', '3', '38 (ethidium)', 'Ethidium bromide', 'Ethidium bromide', 'EB', 'Ethidium bromide', 'EtBr', 'EtBr, Ethidium bromide', 'Ethidium', 'Ethidium bromide', 'EB', 'Ethidium bromide', 'Ethidium', 'Ethidium', 'Ethidium bromide', 'EtBr', 'EB', 'Ethidium bromide', 'EtBr', 'ethidium bromide', 'Etbr, ethidium bromide', 'EtBr', 'EtBr', 'Ethidium bromide', '4', 'EtBr', '3', 'Ethidium bromide', '51', 'Ethidium bromide', 'SID17389015', 'Ethidium bromide', 'Etbr; EB', 'EtBr', 'EB', 'Ethidium bromide', 'Ethidium bromide', 'Ethidium bromide', 'EB', 'Ethidium bromide', 'EtBr', 'SID92764758', '79', 'Ethidium bromide', 'Ethidium bromide', 'ethydium bromide', 'Ethidium bromide', 'Ethidium bromide', 'EB, Ethidium bromide', 'EtBr', 'Ethidium bromide', 'ethidium bromide ;EBR', 'Ethidium bromide', 'Etbr, ethidium bromide', 'EB', '3', 'Ethidium bromide', 'Ethidium bromide', 'Ethidium bromide', 'SID170466062', 'SID144209709', 'Ethidium bromide', 'ethidium bromide', 'Ethidium bromide', 'SID144204963', 'Ethidium bromide', 'Ethidium bromide', 'Ethidium bromide', '2', 'Ethidium bromide', 'EB', 'Eb', 'EtBr', 'Ethidium bromide', 'EtBr', 'Ethidium Bromide', 'Etbr', 'EtBr', 'EtBr', '42', 'Ethidium bromide', 'SID26748838', 'Etidium bromide', 'EtBr', 'HOMIDIUM BROMIDE', 'EtBr', 'HOMIDIUM BROMIDE', 'Etbr', 'Ethidium bromide', 'Ethidium bromide', 'SID570242', 'EB', 'HOMIDIUM BROMIDE', 'EtBr', 'Ethidium bromide', 'EB', 'EB', 'EB', 'Ethidium bromide', 'EtBr', 'Ethidium bromide', 'Ethidium bromide', 'EOS102285', 'EtBr', 'Ethidium bromide', 'HOMIDIUM BROMIDE']","['Ethidium bromide', 'Ethidium bromide', 'Ethidium bromide', 'SID144204674', '3,8-diamino-5-ethyl-6-phenylphenanthridinium bromide', 'Ethidium bromide', 'Ethidium bromide', 'Ethidium bromide', 'HOMIDIUM BROMIDE', 'Ethidium Bromide', '3,8-Diamino-5-ethyl-6-phenyl-phenanthridinium', 'Ethidium bromide', 'Ethidium bromide', '3,8-Diamino-5-ethyl-6-phenyl-phenanthridinium bromide', 'ethidium bromide', '8-Amino-6-ethyl-3-methyl-5-phenyl-benzo[c][2,7]naphthyridin-6-ium bromide', '3,8-Diamino-5-ethyl-6-phenyl-phenanthridinium', '3,8-Diamino-5-ethyl-6-phenyl-phenanthridinium', 'Ethidium bromide', 'Ethidium bromide', 'Ethidium bromide', 'Ethidium bromide', 'ethidium bromide', '3,8-Diamino-5-ethyl-6-phenyl-phenanthridinium bromide', '3,8-Diamino-5-ethyl-6-phenyl-phenanthridinium', 'Ethidium bromide', 'ethidium bromide', 'Ethidium bromide', '3,8-Diamino-5-ethyl-6-phenyl-phenanthridinium', '3,8-Diamino-5-ethyl-6-phenyl-phenanthridinium', 'Ethidium bromide', 'ethidium bromide', '3,8-Diamino-5-ethyl-6-phenyl-phenanthridinium bromide', '3,8-Diamino-5-ethyl-6-phenyl-phenanthridinium with Bromine', 'ethidium bromide', 'ethidium bromide', '3,8-Diamino-5-ethyl-6-phenyl-phenanthridinium bromide', 'Ethidium bromide', 'Ethidium bromide', 'Ethidium bromide', 'Ethidium bromide', 'ethidium bromide', 'Ethidium bromide', 'Ethidium bromide', 'Ethidium bromide', 'Ethidium bromide', 'SID17389015', 'Ethidium bromide', 'Ethidium bromide', 'Ethidium bromide', 'Ethidium bromide', 'Ethidium bromide', 'Ethidium bromide', 'Ethidium bromide', 'Ethidium bromide', 'Ethidium bromide', 'Ethidium bromide', 'SID92764758', '3,8-Diamino-5-ethyl-6-phenyl-phenanthridinium bromide', 'Ethidium bromide', 'Ethidium bromide', '3,8-diamino-5-ethyl-6-phenyl-phenanthridinium bromide', '3,8-Diamino-5-ethyl-6-phenyl-phenanthridinium bromide', 'Ethidium bromide', '3,8-Diamino-5-ethyl-6-phenyl-phenanthridinium, bromide', 'Ethidium bromide', 'Ethidium bromide', '3,8-Diamino-5-ethyl-6-phenyl-phenanthridinium bromide', 'Ethidium bromide', '3,8-Diamino-5-ethyl-6-phenyl-phenanthridinium bromide', 'ethdium', 'Ethidium Bromide', 'Ethidium bromide', 'Ethidium bromide', 'Ethidium bromide', 'SID170466062', 'SID144209709', 'Ethidium bromide', 'ethidium bromide', 'Ethidium bromide', 'SID144204963', 'Ethidium bromide', 'Ethidium bromide', 'Ethidium bromide', 'Ethidium bromide', 'Ethidium bromide', 'Ethidium bromide', 'Ethidium bromide', 'Ethidium bromide', 'Ethidium bromide', 'Ethidium bromide', 'Ethidium Bromide', 'Ethidium bromide', 'Ethidium bromide', 'Ethidium bromide', 'Ethidium bromide', 'Ethidium bromide', 'SID26748838', 'Ethidium bromide', 'ethidium bromide', 'HOMIDIUM BROMIDE', 'Ethidium bromide', 'HOMIDIUM BROMIDE', 'Ethidium bromide', 'Ethidium bromide', 'Ethidium bromide', 'SID570242', 'Ethidium bromide', 'HOMIDIUM BROMIDE', '3,8-diamino-5-ethyl-6-phenylphenanthridinium bromide', 'Ethidium bromide', 'Ethidium bromide', 'Ethidium bromide', 'Ethidium bromide', 'Ethidium bromide', 'Ethidium bromide', 'Ethidium bromide', 'Ethidium bromide', 'Ethidium bromide', 'Ethidium bromide', 'Ethidium bromide', 'HOMIDIUM BROMIDE']"
CHEMBL1522218,,,Small molecule,,286.24,31,38,2.36,85.97,5.0,1.0,0.0,4.0,N,0.87,2.0,MOL,-1,21.0,-0.72,C15H10O6,O=C(O)COc1ccc2c(c1)O/C(=C\c1ccco1)C2=O,CXMMRNHHOKPGNJ-QPEQYQDCSA-N,"InChI=1S/C15H10O6/c16-14(17)8-20-10-3-4-11-12(6-10)21-13(15(11)18)7-9-2-1-5-19-9/h1-7H,8H2,(H,16,17)/b13-7-",False,-1,"['3a', 'SID49647820']","['2-(2-(furan-2-ylmethylene)-3-oxo-2,3-dihydrobenzofuran-6-yloxy)acetic acid', 'SID49647820']"
CHEMBL1343539,,,Small molecule,,303.41,15,19,2.95,70.23,2.0,3.0,0.0,7.0,N,0.68,1.0,MOL,-1,22.0,-0.4,C17H25N3O2,Cc1ccc(NC(=O)CCCCCC2NC(=O)NC2C)cc1,TWUHJIAGJSKONL-UHFFFAOYSA-N,"InChI=1S/C17H25N3O2/c1-12-8-10-14(11-9-12)19-16(21)7-5-3-4-6-15-13(2)18-17(22)20-15/h8-11,13,15H,3-7H2,1-2H3,(H,19,21)(H2,18,20,22)",False,-1,['SID4257231'],['SID4257231']
CHEMBL5965445,,,,,476.52,1,3,2.13,138.07,10.0,2.0,0.0,5.0,N,0.41,4.0,MOL,-1,35.0,-0.78,C24H25FN8O2,COC(=O)[C@@]1(N)CCCN(c2cnc(-c3cccc(F)c3)cc2Cn2cnc3c(N)ncnc32)C1,HKASRBNRUOHOGB-XMMPIXPASA-N,"InChI=1S/C24H25FN8O2/c1-35-23(34)24(27)6-3-7-32(12-24)19-10-28-18(15-4-2-5-17(25)8-15)9-16(19)11-33-14-31-20-21(26)29-13-30-22(20)33/h2,4-5,8-10,13-14H,3,6-7,11-12,27H2,1H3,(H2,26,29,30)/t24-/m1/s1",False,-1,['BDBM567878'],"['US11420970, Example 79']"
CHEMBL5996064,,,,,486.57,1,3,2.82,132.0,9.0,3.0,0.0,6.0,N,0.48,3.0,MOL,-1,35.0,-0.46,C24H32F2N8O,Nc1ncnc2c1ncn2Cc1cc(C2CCCCC2)ncc1N1CCC[C@](N)([C@@H](O)C(F)F)C1,XJHAZWYYLFTDLT-GBXCKJPGSA-N,"InChI=1S/C24H32F2N8O/c25-21(26)20(35)24(28)7-4-8-33(12-24)18-10-29-17(15-5-2-1-3-6-15)9-16(18)11-34-14-32-19-22(27)30-13-31-23(19)34/h9-10,13-15,20-21,35H,1-8,11-12,28H2,(H2,27,30,31)/t20-,24+/m0/s1",False,-1,['BDBM567929'],"['US11420970, Example 130']"
CHEMBL5877258,,,,,542.05,1,3,4.03,133.89,10.0,2.0,1.0,6.0,N,0.31,5.0,MOL,-1,39.0,-0.73,C28H28ClN9O,COc1ccc(-c2cc(Cn3cnc4c(N)ncnc43)c(N3CCC[C@](N)(c4cccc(Cl)n4)C3)cn2)cc1,NZFHRTPPWJECFN-MUUNZHRXSA-N,"InChI=1S/C28H28ClN9O/c1-39-20-8-6-18(7-9-20)21-12-19(14-38-17-35-25-26(30)33-16-34-27(25)38)22(13-32-21)37-11-3-10-28(31,15-37)23-4-2-5-24(29)36-23/h2,4-9,12-13,16-17H,3,10-11,14-15,31H2,1H3,(H2,30,33,34)/t28-/m1/s1",False,-1,['BDBM568009'],"['US11420970, Example 211']"
CHEMBL5884140,,,,,561.03,1,3,3.56,146.78,11.0,2.0,2.0,6.0,N,0.3,5.0,MOL,-1,40.0,-0.68,C27H26ClFN10O,COc1ccc(-c2cc(Cn3cnc4c(N)ncnc43)c(N3CCC[C@](N)(c4cccc(Cl)n4)C3)cn2)nc1F,RHJKYUCXTINNMB-HHHXNRCGSA-N,"InChI=1S/C27H26ClFN10O/c1-40-20-7-6-17(36-24(20)29)18-10-16(12-39-15-35-23-25(30)33-14-34-26(23)39)19(11-32-18)38-9-3-8-27(31,13-38)21-4-2-5-22(28)37-21/h2,4-7,10-11,14-15H,3,8-9,12-13,31H2,1H3,(H2,30,33,34)/t27-/m1/s1",False,-1,['BDBM568022'],"['US11420970, Example 224']"
CHEMBL1605094,,,Small molecule,,369.47,50,69,2.98,95.06,6.0,2.0,0.0,8.0,N,0.6,3.0,MOL,-1,27.0,-1.34,C20H27N5O2,COCCCn1c(N)c(C(=O)NCCC(C)C)c2nc3ccccc3nc21,FAZAOASEFRPREN-UHFFFAOYSA-N,"InChI=1S/C20H27N5O2/c1-13(2)9-10-22-20(26)16-17-19(25(18(16)21)11-6-12-27-3)24-15-8-5-4-7-14(15)23-17/h4-5,7-8,13H,6,9-12,21H2,1-3H3,(H,22,26)",False,-1,"['SID87345469', 'BDBM30768', 'SID861879']","['SID87345469', '2-amino-1-(3-methoxypropyl)-N-(3-methylbutyl)-3-pyrrolo[3,2-b]quinoxalinecarboxamide::2-amino-1-(3-methoxypropyl)-N-(3-methylbutyl)pyrrolo[3,2-b]quinoxaline-3-carboxamide::2-amino-N-isoamyl-1-(3-methoxypropyl)pyrrolo[3,2-b]quinoxaline-3-carboxamide::2-azanyl-1-(3-methoxypropyl)-N-(3-methylbutyl)pyrrolo[3,2-b]quinoxaline-3-carboxamide::MLS000041744::SMR000043890::US9073941, 1012::cid_663108', 'SID861879']"
CHEMBL5839336,,,,,517.54,1,6,3.33,137.8,10.0,2.0,1.0,6.0,N,0.35,5.0,MOL,-1,38.0,-0.95,C26H25F2N9O,Nc1ncnc2c1ncn2Cc1cc(-c2ccc(F)c(F)c2)ncc1N1CCC[C@](N)(Cc2ncco2)C1,FEVYCSQWSLZBQD-SANMLTNESA-N,"InChI=1S/C26H25F2N9O/c27-18-3-2-16(8-19(18)28)20-9-17(12-37-15-35-23-24(29)33-14-34-25(23)37)21(11-32-20)36-6-1-4-26(30,13-36)10-22-31-5-7-38-22/h2-3,5,7-9,11,14-15H,1,4,6,10,12-13,30H2,(H2,29,33,34)/t26-/m0/s1",False,-1,['BDBM567851'],"['US11420970, Example 52::US11420970, Example 63']"
CHEMBL5876171,,,,,555.02,1,3,4.03,148.45,10.0,2.0,1.0,5.0,N,0.31,5.0,MOL,-1,40.0,-1.19,C28H24ClFN10,N#Cc1ccc(-c2cc(Cn3cnc4c(N)ncnc43)c(N3CCCC(N)(c4cccc(Cl)n4)C3)cn2)cc1F,MUTCLHZIVRNFHH-UHFFFAOYSA-N,"InChI=1S/C28H24ClFN10/c29-24-4-1-3-23(38-24)28(33)7-2-8-39(14-28)22-12-34-21(17-5-6-18(11-31)20(30)9-17)10-19(22)13-40-16-37-25-26(32)35-15-36-27(25)40/h1,3-6,9-10,12,15-16H,2,7-8,13-14,33H2,(H2,32,35,36)",False,-1,['BDBM568021'],"['US11420970, Example 223']"
CHEMBL5862610,,,,,518.58,1,3,2.43,127.04,10.0,3.0,1.0,5.0,N,0.37,4.0,MOL,-1,38.0,-0.85,C26H28F2N10,CN1C=CC([C@@]2(N)CCCN(c3cnc(-c4ccc(F)c(F)c4)cc3Cn3cnc4c(N)ncnc43)C2)N1,QXSZHMDOLLTWES-ZWAGFTRDSA-N,"InChI=1S/C26H28F2N10/c1-36-8-5-22(35-36)26(30)6-2-7-37(13-26)21-11-31-20(16-3-4-18(27)19(28)9-16)10-17(21)12-38-15-34-23-24(29)32-14-33-25(23)38/h3-5,8-11,14-15,22,35H,2,6-7,12-13,30H2,1H3,(H2,29,32,33)/t22?,26-/m1/s1",False,-1,['BDBM568073'],"['US11420970, Example 275']"
CHEMBL1089316,CHAETOCIN,,Small molecule,,696.86,27,123,1.33,145.76,12.0,4.0,2.0,3.0,N,0.34,2.0,MOL,-1,46.0,1.24,C30H28N6O6S4,CN1C(=O)[C@@]23C[C@]4([C@]56C[C@@]78SS[C@@](CO)(C(=O)N7[C@H]5Nc5ccccc56)N(C)C8=O)c5ccccc5N[C@@H]4N2C(=O)[C@]1(CO)SS3,PZPPOCZWRGNKIR-PNVYSBBASA-N,"InChI=1S/C30H28N6O6S4/c1-33-21(39)27-11-25(15-7-3-5-9-17(15)31-19(25)35(27)23(41)29(33,13-37)45-43-27)26-12-28-22(40)34(2)30(14-38,46-44-28)24(42)36(28)20(26)32-18-10-6-4-8-16(18)26/h3-10,19-20,31-32,37-38H,11-14H2,1-2H3/t19-,20-,25+,26+,27+,28+,29+,30+/m1/s1",False,-1,"['1', 'chaetocin', '118', '1', '10', '1', '1', '12', '20', '1', '1', 'Chaetocin', '4', '8', '1', 'Chaetocin', '12', 'Chemical Probe: Chaetocin', 'Chaetocin', '(+)-Chaetocin', '2']","['(+)-Chaetocin', 'chaetocin', 'Chaetocin', 'Chaetocin', '(+)-Chaetocin', 'Chaetocin', 'Chaetocin', 'chaetocin', 'Chaetocin', 'Chaetocin', 'chaetocin', 'Chaetocin', 'Chaetocin', 'Chaetocin A', '(+)-Chaetocin', 'Chaetocin', 'Chaetocin', 'Chaetocin', 'Chaetocin', '(+)-Chaetocin', 'Chaetocin']"
CHEMBL1490436,,,Small molecule,,418.52,13,17,2.41,98.15,6.0,2.0,0.0,6.0,N,0.55,2.0,MOL,-1,29.0,-1.19,C21H26N2O5S,CC(C)c1ccc(S(=O)(=O)N2CCN(CC(=O)c3ccc(O)c(O)c3)CC2)cc1,WKLBUTJJZQTGQD-UHFFFAOYSA-N,"InChI=1S/C21H26N2O5S/c1-15(2)16-3-6-18(7-4-16)29(27,28)23-11-9-22(10-12-23)14-21(26)17-5-8-19(24)20(25)13-17/h3-8,13,15,24-25H,9-12,14H2,1-2H3",False,-1,['SID49717012'],['SID49717012']
CHEMBL1421438,,,Small molecule,,147.18,12,13,1.16,43.84,3.0,1.0,0.0,0.0,Y,0.57,2.0,MOL,-1,11.0,-1.16,C8H9N3,Cn1cc2ccc(N)cc2n1,MHCWLERQNFATHZ-UHFFFAOYSA-N,"InChI=1S/C8H9N3/c1-11-5-6-2-3-7(9)4-8(6)10-11/h2-5H,9H2,1H3",False,-1,['SID24786603'],['SID24786603']
CHEMBL5748028,,,,,500.5,1,3,3.75,111.77,8.0,2.0,1.0,6.0,N,0.39,4.0,MOL,-1,36.0,-1.04,C24H24F4N8,Nc1ncnc2c1ncn2Cc1cc(-c2ccc(F)c(F)c2)ncc1N1CCC[C@](N)(CC(F)F)C1,KRAZUBZIXDBQMC-DEOSSOPVSA-N,"InChI=1S/C24H24F4N8/c25-16-3-2-14(6-17(16)26)18-7-15(10-36-13-34-21-22(29)32-12-33-23(21)36)19(9-31-18)35-5-1-4-24(30,11-35)8-20(27)28/h2-3,6-7,9,12-13,20H,1,4-5,8,10-11,30H2,(H2,29,32,33)/t24-/m0/s1",False,-1,['BDBM567846'],"['US11420970, Example 47']"
CHEMBL4463124,,,Unknown,,409.56,25,62,3.33,57.62,6.0,2.0,0.0,8.0,N,0.6,3.0,MOL,-1,29.0,-1.08,C23H27N3O2S,CNC[C@@H](O)CN1CCc2c(cccc2OCc2ccc(-c3nccs3)cc2)C1,YOIPDYXMOWADRA-HXUWFJFHSA-N,"InChI=1S/C23H27N3O2S/c1-24-13-20(27)15-26-11-9-21-19(14-26)3-2-4-22(21)28-16-17-5-7-18(8-6-17)23-25-10-12-29-23/h2-8,10,12,20,24,27H,9,11,13-16H2,1H3/t20-/m1/s1",False,-1,['49'],"['(R)-1-(Methylamino)-3-(5-((4-(thiazol-2-yl)benzyl)oxy)-3,4-dihydroisoquinolin-2(1H)-yl)propan-2-ol']"
CHEMBL5188840,,,,,535.69,1,1,6.45,74.39,6.0,0.0,2.0,4.0,N,0.3,4.0,MOL,-1,40.0,-1.04,C33H37N5O2,Cc1cc(CN2CCN(C(=O)OC(C)(C)C)CC2)cc(C)c1-c1ncn(C)c1-c1ccc(C#N)c2ccccc12,PCDYNIONTJOMGL-UHFFFAOYSA-N,"InChI=1S/C33H37N5O2/c1-22-17-24(20-37-13-15-38(16-14-37)32(39)40-33(3,4)5)18-23(2)29(22)30-31(36(6)21-35-30)28-12-11-25(19-34)26-9-7-8-10-27(26)28/h7-12,17-18,21H,13-16,20H2,1-6H3",False,-1,['35'],"['tert-butyl 4-(4-(5-(4-cyanonaphthalen-1-yl)-1-methyl-1H-imidazol-4-yl)-3,5-dimethylbenzyl)piperazine-1-carboxylate']"
CHEMBL5559774,,,,,305.3,2,2,1.23,126.43,8.0,1.0,0.0,4.0,N,0.77,3.0,MOL,-1,23.0,-1.33,C15H11N7O,N#Cc1ccc(OCCn2cnc3c(N)ncnc32)cc1C#N,VCTOVJHRLMDIGQ-UHFFFAOYSA-N,"InChI=1S/C15H11N7O/c16-6-10-1-2-12(5-11(10)7-17)23-4-3-22-9-21-13-14(18)19-8-20-15(13)22/h1-2,5,8-9H,3-4H2,(H2,18,19,20)",False,-1,['15'],['4-(2-(6-amino-9H-purin-9-yl)ethoxy)phthalonitrile']
CHEMBL1469043,,,Small molecule,,369.33,40,48,2.16,122.01,6.0,2.0,0.0,5.0,N,0.36,2.0,MOL,-1,27.0,-1.23,C18H15N3O6,CCOc1cc(/C=C2\C(=O)NN(c3ccccc3)C2=O)cc([N+](=O)[O-])c1O,CKRIVDIJIWXCAG-MDWZMJQESA-N,"InChI=1S/C18H15N3O6/c1-2-27-15-10-11(9-14(16(15)22)21(25)26)8-13-17(23)19-20(18(13)24)12-6-4-3-5-7-12/h3-10,22H,2H2,1H3,(H,19,23)/b13-8+",False,-1,['SID24803505'],['SID24803505']
CHEMBL5075218,,,Unknown,,469.4,51,180,5.62,49.41,3.0,1.0,1.0,2.0,N,0.53,3.0,MOL,-1,29.0,-1.2,C23H21BrN2O2S,Cc1cc(C)cc([C@H]2c3cc(C)ccc3NC(=O)CN2C(=O)c2ccc(Br)s2)c1,NIPTUMFVYBXSMZ-QFIPXVFZSA-N,"InChI=1S/C23H21BrN2O2S/c1-13-4-5-18-17(11-13)22(16-9-14(2)8-15(3)10-16)26(12-21(27)25-18)23(28)19-6-7-20(24)29-19/h4-11,22H,12H2,1-3H3,(H,25,27)/t22-/m0/s1",False,-1,"['EUB0000272b', 'EUB0000272b', 'EUB0000272b', 'EUB0000272b', 'EUB0000272b', 'EUB0000272b', 'EUB0000272b', 'EUB0000272b', '(S)-2', 'EUB0000272b']","['SGC6870N', 'SGC6870N', 'SGC6870N', 'SGC6870N', 'SGC6870N', 'SGC6870N', 'SGC6870N', 'SGC6870N', '(S)-4-(5-bromothiophene-2-carbonyl)-5-(3,5-dimethylphenyl)-7-methyl-4,5-dihydro-1H-benzo[e][1,4]diazepin-2(3H)-one', 'SGC6870N']"
CHEMBL4516859,,,Unknown,,337.26,24,24,3.15,23.55,2.0,0.0,0.0,1.0,N,0.79,1.0,MOL,-1,20.0,-0.72,C16H21BrN2O,CN1CCCC2(CCCN2C(=O)c2cccc(Br)c2)C1,PIXBSDSYGMORCQ-UHFFFAOYSA-N,"InChI=1S/C16H21BrN2O/c1-18-9-3-7-16(12-18)8-4-10-19(16)15(20)13-5-2-6-14(17)11-13/h2,5-6,11H,3-4,7-10,12H2,1H3",False,-1,['18'],"['(3-bromophenyl)(7-methyl-1,7-diazaspiro[4.5]decan-1-yl)methanone']"
CHEMBL5594627,,,,,490.65,43,51,4.0,65.99,8.0,1.0,0.0,11.0,N,0.4,3.0,MOL,-1,36.0,-1.35,C28H38N6O2,COc1cc2c(N3CCCC3)nc(NCCN(C)C)nc2cc1OCCCN1Cc2ccccc2C1,JJRRWLVKNLMRSA-UHFFFAOYSA-N,"InChI=1S/C28H38N6O2/c1-32(2)15-11-29-28-30-24-18-26(25(35-3)17-23(24)27(31-28)34-13-6-7-14-34)36-16-8-12-33-19-21-9-4-5-10-22(21)20-33/h4-5,9-10,17-18H,6-8,11-16,19-20H2,1-3H3,(H,29,30,31)",False,-1,['18; MS8535'],"[N'-(7-(3-(Isoindolin-2-yl)propoxy)-6-methoxy-4-(pyrrolidin-1-yl)-quinazolin-2-yl)-N2,N2-dimethylethane-1,2-diamine""]"""
CHEMBL5827527,,,,,547.61,1,3,3.11,132.08,9.0,2.0,1.0,5.0,N,0.39,4.0,MOL,-1,40.0,-1.08,C28H31F2N9O,Nc1ncnc2c1ncn2Cc1cc(-c2ccc(F)c(F)c2)ncc1N1CCCC(N)(C(=O)N2CCCCC2)C1,UVKFOCPUMOQOCP-UHFFFAOYSA-N,"InChI=1S/C28H31F2N9O/c29-20-6-5-18(11-21(20)30)22-12-19(14-39-17-36-24-25(31)34-16-35-26(24)39)23(13-33-22)38-10-4-7-28(32,15-38)27(40)37-8-2-1-3-9-37/h5-6,11-13,16-17H,1-4,7-10,14-15,32H2,(H2,31,34,35)",False,-1,['BDBM567885'],"['US11420970, Example 86']"
CHEMBL5816937,,,,,496.59,1,3,3.46,111.77,9.0,2.0,0.0,6.0,N,0.42,4.0,MOL,-1,35.0,-1.09,C24H26F2N8S,CSCC1(N)CCCN(c2cnc(-c3ccc(F)c(F)c3)cc2Cn2cnc3c(N)ncnc32)C1,GREXWDCNJSPLDM-UHFFFAOYSA-N,"InChI=1S/C24H26F2N8S/c1-35-12-24(28)5-2-6-33(11-24)20-9-29-19(15-3-4-17(25)18(26)7-15)8-16(20)10-34-14-32-21-22(27)30-13-31-23(21)34/h3-4,7-9,13-14H,2,5-6,10-12,28H2,1H3,(H2,27,30,31)",False,-1,['BDBM568095'],"['US11420970, Example 297']"
CHEMBL5762649,,,,,492.53,1,3,2.76,107.01,9.0,2.0,0.0,4.0,N,0.45,4.0,MOL,-1,36.0,-0.84,C25H26F2N8O,Nc1ncnc2c1ncn2Cc1cc(-c2ccc(F)c(F)c2)ncc1N1CCCC2(COCCN2)C1,ZBXLWPINSLWPEA-UHFFFAOYSA-N,"InChI=1S/C25H26F2N8O/c26-18-3-2-16(8-19(18)27)20-9-17(11-35-15-32-22-23(28)30-14-31-24(22)35)21(10-29-20)34-6-1-4-25(12-34)13-36-7-5-33-25/h2-3,8-10,14-15,33H,1,4-7,11-13H2,(H2,28,30,31)",False,-1,['BDBM568119'],"['US11420970, Example 321']"
CHEMBL1482638,,,Small molecule,,210.28,10,12,3.73,15.6,2.0,0.0,0.0,2.0,N,0.74,2.0,MOL,-1,16.0,-0.53,C14H14N2,CCCN1C=Nc2cccc3cccc1c23,OSWUZWNMNIMMSN-UHFFFAOYSA-N,"InChI=1S/C14H14N2/c1-2-9-16-10-15-12-7-3-5-11-6-4-8-13(16)14(11)12/h3-8,10H,2,9H2,1H3",False,-1,['SID26666517'],['SID26666517']
CHEMBL5613649,,,,,495.4,10,21,1.31,131.34,10.0,4.0,0.0,8.0,N,0.34,3.0,MOL,-1,30.0,-0.11,C19H23BrN6O3S,Nc1ncnc2c1ncn2[C@@H]1O[C@H](CSCCNCc2cccc(Br)c2)[C@@H](O)[C@H]1O,JGFTVBMOETWOQF-NVQRDWNXSA-N,"InChI=1S/C19H23BrN6O3S/c20-12-3-1-2-11(6-12)7-22-4-5-30-8-13-15(27)16(28)19(29-13)26-10-25-14-17(21)23-9-24-18(14)26/h1-3,6,9-10,13,15-16,19,22,27-28H,4-5,7-8H2,(H2,21,23,24)/t13-,15-,16-,19-/m1/s1",False,-1,['9a; YD1130'],"['(2R,3R,4S,5S)-2-(6-amino-9H-purin-9-yl)-5-(((2-((3-bromobenzyl)amino)ethyl)thio)methyl)tetrahydrofuran-3,4-diol']"
CHEMBL6056906,,,,,562.55,1,3,3.83,132.0,9.0,3.0,1.0,7.0,N,0.29,4.0,MOL,-1,40.0,-0.69,C26H27F5N8O,Cc1cc(C(F)F)c(F)cc1-c1cc(Cn2cnc3c(N)ncnc32)c(N2CCC[C@](N)([C@@H](O)C(F)F)C2)cn1,YLRMTRHOTUNFKP-HFZDXXHNSA-N,"InChI=1S/C26H27F5N8O/c1-13-5-16(22(28)29)17(27)7-15(13)18-6-14(9-39-12-37-20-24(32)35-11-36-25(20)39)19(8-34-18)38-4-2-3-26(33,10-38)21(40)23(30)31/h5-8,11-12,21-23,40H,2-4,9-10,33H2,1H3,(H2,32,35,36)/t21-,26+/m0/s1",False,-1,['BDBM567928'],"['US11420970, Example 129']"
CHEMBL5618872,,,,,413.48,1,1,3.33,109.6,8.0,1.0,0.0,4.0,N,0.81,2.0,MOL,-1,30.0,-1.06,C21H27N5O4,COc1cc2nc(C#N)nc(NC3CCN(C(=O)OC(C)(C)C)CC3)c2cc1OC,IQKWAXMFGWYFMG-UHFFFAOYSA-N,"InChI=1S/C21H27N5O4/c1-21(2,3)30-20(27)26-8-6-13(7-9-26)23-19-14-10-16(28-4)17(29-5)11-15(14)24-18(12-22)25-19/h10-11,13H,6-9H2,1-5H3,(H,23,24,25)",False,-1,['33'],"['tert-Butyl 4-((2-cyano-6,7-dimethoxyquinazolin-4-yl)amino)-piperidine-1-carboxylate']"
CHEMBL599924,,,Small molecule,,309.33,47,92,1.03,82.67,7.0,0.0,0.0,3.0,N,0.72,1.0,MOL,-1,23.0,-0.78,C16H15N5O2,CCn1nc(/C=C/c2ccccc2)nc2c(=O)n(C)c(=O)nc1-2,BMHKZVDHCKLDME-MDZDMXLPSA-N,"InChI=1S/C16H15N5O2/c1-3-21-14-13(15(22)20(2)16(23)18-14)17-12(19-21)10-9-11-7-5-4-6-8-11/h4-10H,3H2,1-2H3/b10-9+",False,-1,"['BDBM43224', 'SID24807290', 'GNF-Pf-159', 'SID99351060', 'GNF-Pf-159']","['1-ethyl-6-methyl-3-[(E)-2-phenylethenyl]pyrimido[5,4-e][1,2,4]triazine-5,7-dione::1-ethyl-6-methyl-3-[(E)-styryl]pyrimido[5,4-e][1,2,4]triazine-5,7-quinone::MLS000717146::SMR000278513::US9073941, 609::cid_5756371', 'SID24807290', 'GNF-Pf-159', 'SID99351060', 'GNF-Pf-159']"
CHEMBL1336922,,,Small molecule,,350.33,52,70,3.56,125.07,6.0,2.0,0.0,4.0,N,0.42,3.0,MOL,-1,26.0,-1.39,C18H14N4O4,COc1cc(/C=C(\C#N)c2nc3cc(C)ccc3[nH]2)cc([N+](=O)[O-])c1O,MEMKDJAGJLJEOO-WUXMJOGZSA-N,"InChI=1S/C18H14N4O4/c1-10-3-4-13-14(5-10)21-18(20-13)12(9-19)6-11-7-15(22(24)25)17(23)16(8-11)26-2/h3-8,23H,1-2H3,(H,20,21)/b12-6+",False,-1,['SID24797266'],['SID24797266']
CHEMBL1721095,,,Small molecule,,300.31,109,125,3.74,54.37,3.0,1.0,0.0,1.0,N,0.7,3.0,MOL,-1,23.0,0.79,C20H12O3,O=C1C=C(c2c(O)ccc3ccccc23)c2ccccc2C1=O,CEFYNLRCBQRIBG-UHFFFAOYSA-N,"InChI=1S/C20H12O3/c21-17-10-9-12-5-1-2-6-13(12)19(17)16-11-18(22)20(23)15-8-4-3-7-14(15)16/h1-11,21H",False,-1,"['SID494298', 'SID125311433', 'SID92763776']","['SID494298', 'SID125311433', 'SID92763776']"
CHEMBL5560651,,,,,314.74,2,2,2.01,102.64,7.0,1.0,0.0,4.0,N,0.79,3.0,MOL,-1,22.0,-1.73,C14H11ClN6O,N#Cc1ccc(OCCn2cnc3c(N)ncnc32)cc1Cl,DNPCMHFWLKAUJY-UHFFFAOYSA-N,"InChI=1S/C14H11ClN6O/c15-11-5-10(2-1-9(11)6-16)22-4-3-21-8-20-12-13(17)18-7-19-14(12)21/h1-2,5,7-8H,3-4H2,(H2,17,18,19)",False,-1,['14'],['4-(2-(6-amino-9H-purin-9-yl)ethoxy)-2-chlorobenzonitrile']
CHEMBL601070,,,Small molecule,,402.54,15,25,4.29,50.16,5.0,1.0,0.0,9.0,N,0.58,3.0,MOL,-1,28.0,-2.14,C21H27FN4OS,CCCCN(CC)CCNC(=O)c1cc2c(-c3ccccc3F)nn(C)c2s1,WMLOTKXEGKCROL-UHFFFAOYSA-N,"InChI=1S/C21H27FN4OS/c1-4-6-12-26(5-2)13-11-23-20(27)18-14-16-19(24-25(3)21(16)28-18)15-9-7-8-10-17(15)22/h7-10,14H,4-6,11-13H2,1-3H3,(H,23,27)",False,-1,"['SID49679487', 'SJ000072866']","['SID49679487', 'N-(2-(butyl(ethyl)amino)ethyl)-3-(2-fluorophenyl)-1-methyl-1H-thieno[2,3-c]pyrazole-5-carboxamide']"
CHEMBL1517864,,,Small molecule,,347.37,15,22,3.47,30.49,3.0,1.0,0.0,7.0,N,0.77,2.0,MOL,-1,19.0,-0.49,C18H21NO6,CNCCCOc1cccc(Oc2ccccc2)c1.O=C(O)C(=O)O,KZFZOQJNDXFCTB-UHFFFAOYSA-N,"InChI=1S/C16H19NO2.C2H2O4/c1-17-11-6-12-18-15-9-5-10-16(13-15)19-14-7-3-2-4-8-14;3-1(4)2(5)6/h2-5,7-10,13,17H,6,11-12H2,1H3;(H,3,4)(H,5,6)",False,-1,['SID24789287'],['SID24789287']
CHEMBL4587258,,,Unknown,,351.29,24,24,3.4,23.55,2.0,0.0,0.0,1.0,N,0.77,1.0,MOL,-1,21.0,-0.96,C17H23BrN2O,CN1CCCC2(CCCN(C(=O)c3cccc(Br)c3)C2)C1,NFFOSMDFLKZAGB-UHFFFAOYSA-N,"InChI=1S/C17H23BrN2O/c1-19-9-3-7-17(12-19)8-4-10-20(13-17)16(21)14-5-2-6-15(18)11-14/h2,5-6,11H,3-4,7-10,12-13H2,1H3",False,-1,['26'],"['(3-bromophenyl)(8-methyl-2,8-diazaspiro[5.5]undecan-2-yl)methanone']"
CHEMBL1559985,,,Small molecule,,378.52,7,8,2.38,81.75,5.0,2.0,0.0,9.0,N,0.37,0.0,MOL,-1,27.0,-1.12,C20H34N4O3,CC/C(NCCCN(CC)CC)=C1/C(=O)NC(=O)N(C2CCCCC2)C1=O,AJQYLEOSGFBBCH-WUKNDPDISA-N,"InChI=1S/C20H34N4O3/c1-4-16(21-13-10-14-23(5-2)6-3)17-18(25)22-20(27)24(19(17)26)15-11-8-7-9-12-15/h15,21H,4-14H2,1-3H3,(H,22,25,27)/b17-16+",False,-1,['SID861286'],['SID861286']
CHEMBL1532072,,,Small molecule,,370.42,45,56,2.73,99.09,7.0,1.0,0.0,1.0,N,0.61,2.0,MOL,-1,25.0,-1.28,C16H10N4O3S2,CSC1=NSC2=NC(=O)/C(=C\c3coc4ccccc4c3=O)C(=N)N12,AMBSMJGRIPOLHJ-GDWDSQERSA-N,"InChI=1S/C16H10N4O3S2/c1-24-16-19-25-15-18-14(22)10(13(17)20(15)16)6-8-7-23-11-5-3-2-4-9(11)12(8)21/h2-7,17H,1H3/b10-6-,17-13?",False,-1,['SID17510269'],['SID17510269']
CHEMBL5573027,,,,,409.52,85,172,3.52,101.21,6.0,2.0,0.0,2.0,N,0.63,3.0,MOL,-1,29.0,-1.27,C21H23N5O2S,Cc1cc(NC(=O)C(=O)N2C[C@@H](C)CC[C@@H]2c2ccc3scnc3c2)cnc1N,NXXBDYHMHHINFC-YVEFUNNKSA-N,"InChI=1S/C21H23N5O2S/c1-12-3-5-17(14-4-6-18-16(8-14)24-11-29-18)26(10-12)21(28)20(27)25-15-7-13(2)19(22)23-9-15/h4,6-9,11-12,17H,3,5,10H2,1-2H3,(H2,22,23)(H,25,27)/t12-,17+/m0/s1",False,-1,['TNG908'],"['N-(6-amino-5-methylpyridin-3-yl)-2-((2R,5S)-2-(benzo[d]thiazol-5-yl)-5-methylpiperidin-1-yl)-2-oxoacetamide']"
CHEMBL1401312,,,Small molecule,,452.29,22,26,1.91,111.56,7.0,1.0,0.0,3.0,N,0.7,1.0,MOL,-1,27.0,-2.19,C16H14BrN5O4S,N=C1/C(=C\c2ccc(Br)o2)C(=O)N=C2SC(CC(=O)N3CCOCC3)=NN12,CDGULQBUSBRXMX-HBGXEOCBSA-N,"InChI=1S/C16H14BrN5O4S/c17-11-2-1-9(26-11)7-10-14(18)22-16(19-15(10)24)27-12(20-22)8-13(23)21-3-5-25-6-4-21/h1-2,7,18H,3-6,8H2/b10-7+,18-14?",False,-1,['SID49820314'],['SID49820314']
CHEMBL1527004,,,Small molecule,,328.4,16,18,2.68,76.88,5.0,1.0,0.0,4.0,N,0.8,3.0,MOL,-1,23.0,-2.05,C16H16N4O2S,Cc1cc(C)nc(NS(=O)(=O)c2ccc(-n3cccc3)cc2)n1,MECPRKCBPHMOQU-UHFFFAOYSA-N,"InChI=1S/C16H16N4O2S/c1-12-11-13(2)18-16(17-12)19-23(21,22)15-7-5-14(6-8-15)20-9-3-4-10-20/h3-11H,1-2H3,(H,17,18,19)",False,-1,['SID4260454'],['SID4260454']
CHEMBL5562046,,,,,303.75,2,2,2.45,78.85,6.0,1.0,0.0,4.0,N,0.8,3.0,MOL,-1,21.0,-1.4,C14H14ClN5O,Cc1ccc(OCCn2cnc3c(N)ncnc32)c(Cl)c1,LYYVRAKDYAJHHL-UHFFFAOYSA-N,"InChI=1S/C14H14ClN5O/c1-9-2-3-11(10(15)6-9)21-5-4-20-8-19-12-13(16)17-7-18-14(12)20/h2-3,6-8H,4-5H2,1H3,(H2,16,17,18)",False,-1,['16'],['9-(2-(2-chloro-4-methylphenoxy)ethyl)-9H-purin-6-amine']
CHEMBL5589782,,,,,403.49,2,5,3.6,83.3,7.0,1.0,0.0,6.0,N,0.67,3.0,MOL,-1,30.0,-1.08,C23H25N5O2,COc1cc2nc(C#N)nc(NC3CCN(Cc4ccccc4)CC3)c2cc1OC,RQLBXYOKZOJWHL-UHFFFAOYSA-N,"InChI=1S/C23H25N5O2/c1-29-20-12-18-19(13-21(20)30-2)26-22(14-24)27-23(18)25-17-8-10-28(11-9-17)15-16-6-4-3-5-7-16/h3-7,12-13,17H,8-11,15H2,1-2H3,(H,25,26,27)",False,-1,"['16', '14']","['4-((1-Benzylpiperidin-4-yl)amino)-6,7-dimethoxyquinazoline-2-carbonitrile', '4-((1-benzylpiperidin-4-yl)amino)-6,7-dimethoxyquinazoline-2-carbonitrile']"
CHEMBL1966224,,,Small molecule,,332.36,57,81,3.67,85.41,5.0,3.0,0.0,4.0,N,0.39,3.0,MOL,-1,25.0,-0.14,C20H16N2O3,Oc1ccc(/C=N/N=C(c2ccccc2)c2ccccc2)c(O)c1O,YBAIWUIPYQTZEG-FYJGNVAPSA-N,"InChI=1S/C20H16N2O3/c23-17-12-11-16(19(24)20(17)25)13-21-22-18(14-7-3-1-4-8-14)15-9-5-2-6-10-15/h1-13,23-25H/b21-13+",False,-1,['SID22406561'],['SID22406561']
CHEMBL5189001,,,,,348.41,1,1,3.1,86.09,6.0,1.0,0.0,5.0,N,0.77,3.0,MOL,-1,26.0,-0.57,C20H20N4O2,COc1cc(CN)cc(OC)c1-c1ncn(C)c1-c1ccc(C#N)cc1,ZMYTUDHTGNNWHO-UHFFFAOYSA-N,"InChI=1S/C20H20N4O2/c1-24-12-23-19(20(24)15-6-4-13(10-21)5-7-15)18-16(25-2)8-14(11-22)9-17(18)26-3/h4-9,12H,11,22H2,1-3H3",False,-1,['5'],"['4-(4-(4-(aminomethyl)-2,6-dimethoxyphenyl)-1-methyl-1H-imidazol-5-yl)benzonitrile']"
CHEMBL1312576,,,Small molecule,,263.26,27,37,2.61,89.81,4.0,1.0,0.0,3.0,N,0.86,2.0,MOL,-1,20.0,-1.26,C15H9N3O2,N#CC(C#N)=Cc1cccn1-c1ccc(C(=O)O)cc1,OMBAOAULKBEWOE-UHFFFAOYSA-N,"InChI=1S/C15H9N3O2/c16-9-11(10-17)8-14-2-1-7-18(14)13-5-3-12(4-6-13)15(19)20/h1-8H,(H,19,20)",False,-1,['SID24784241'],['SID24784241']
CHEMBL5608120,,,,,449.56,42,83,3.54,67.1,8.0,0.0,0.0,5.0,N,0.59,3.0,MOL,-1,33.0,-1.0,C25H31N5O3,COc1cc(OC)cc(-c2noc(N3CCN(C)C4(CCN(c5ccccc5)CC4)C3)n2)c1,OACWMVMQWRVMAF-UHFFFAOYSA-N,"InChI=1S/C25H31N5O3/c1-28-13-14-30(18-25(28)9-11-29(12-10-25)20-7-5-4-6-8-20)24-26-23(27-33-24)19-15-21(31-2)17-22(16-19)32-3/h4-8,15-17H,9-14,18H2,1-3H3",False,-1,"['EUB0003228a', 'EUB0003228a', 'EUB0003228a', 'Negative control: MRK-740-NC', 'EUB0003228a']","['MRK-740-NC', 'MRK-740-NC', 'MRK-740-NC', 'MRK-740-NC', 'MRK-740-NC']"
CHEMBL5562333,,,,,445.52,2,3,2.62,97.28,6.0,3.0,0.0,6.0,N,0.54,3.0,MOL,-1,33.0,-0.52,C25H27N5O3,Cc1cc(CNC[C@@H]2CNC(=O)C2)ccc1-c1ncn(C)c1-c1ccc2c(c1)OCC(=O)N2,ICIKTJUZMIFHRD-QGZVFWFLSA-N,"InChI=1S/C25H27N5O3/c1-15-7-16(10-26-11-17-8-22(31)27-12-17)3-5-19(15)24-25(30(2)14-28-24)18-4-6-20-21(9-18)33-13-23(32)29-20/h3-7,9,14,17,26H,8,10-13H2,1-2H3,(H,27,31)(H,29,32)/t17-/m1/s1",False,-1,['24'],"['(R)-7-(1-Methyl-4-(2-methyl-4-((((5-oxopyrrolidin-3-yl)methyl)amino)methyl)phenyl)-1H-imidazol-5-yl)-2H-benzo[b][1,4]oxazin-3(4H)-one']"
CHEMBL3195024,,,Small molecule,,325.32,26,33,2.18,92.51,6.0,2.0,0.0,4.0,N,0.67,2.0,MOL,-1,24.0,-0.37,C17H15N3O4,COc1cc(/C=N/N=C2/C(=O)Nc3ccccc32)cc(OC)c1O,FHXJMTSRDQRRCZ-GIJQJNRQSA-N,"InChI=1S/C17H15N3O4/c1-23-13-7-10(8-14(24-2)16(13)21)9-18-20-15-11-5-3-4-6-12(11)19-17(15)22/h3-9,21H,1-2H3,(H,19,20,22)/b18-9+",False,-1,['SID22401431'],['SID22401431']
CHEMBL1358863,,,Small molecule,,403.46,32,39,4.57,83.69,5.0,2.0,0.0,4.0,N,0.62,3.0,MOL,-1,29.0,-1.84,C22H17N3O3S,Cc1ccccc1NC1=NC(=O)/C(=C/c2cccn2-c2cccc(C(=O)O)c2)S1,MPTCEOZNPASCDH-UYRXBGFRSA-N,"InChI=1S/C22H17N3O3S/c1-14-6-2-3-10-18(14)23-22-24-20(26)19(29-22)13-17-9-5-11-25(17)16-8-4-7-15(12-16)21(27)28/h2-13H,1H3,(H,27,28)(H,23,24,26)/b19-13-",False,-1,['SID24785796'],['SID24785796']
CHEMBL2003564,,,Small molecule,,286.36,48,62,3.55,61.69,4.0,2.0,0.0,5.0,N,0.5,2.0,MOL,-1,20.0,-1.53,C15H14N2O2S,CSc1ccc(/C=N/Nc2cccc(C(=O)O)c2)cc1,OMFCAHNZXJTJSI-MHWRWJLKSA-N,"InChI=1S/C15H14N2O2S/c1-20-14-7-5-11(6-8-14)10-16-17-13-4-2-3-12(9-13)15(18)19/h2-10,17H,1H3,(H,18,19)/b16-10+",False,-1,['SID24837645'],['SID24837645']
CHEMBL3109630,,,Small molecule,,329.44,91,301,2.98,60.08,5.0,1.0,0.0,6.0,N,0.82,1.0,MOL,-1,24.0,-0.21,C19H27N3O2,COc1cc2c(cc1OCCCN1CCCC1)N=C(N)C21CCC1,BKCDJTRMYWSXMC-UHFFFAOYSA-N,"InChI=1S/C19H27N3O2/c1-23-16-12-14-15(21-18(20)19(14)6-4-7-19)13-17(16)24-11-5-10-22-8-2-3-9-22/h12-13H,2-11H2,1H3,(H2,20,21)",False,-1,"['A-366', 'A-366', '6; A-366', 'A-366', 'A366', 'A-366', '5; A-366', '12, A-366', 'A-366', '4; A-366', 'EUB0000212b', 'A-366', 'EUB0000212b', 'A-366', 'EUB0000212b', 'A366', 'A-366', 'EUB0000212b', 'Chemical probe: A-366', 'EUB0000212b', 'A-366', 'EUB0000212b', 'EUB0000212b', 'A-366', '7; A-366', 'EUB0000212b', 'EUB0000212b', 'EUB0000212b', 'EUB0000212b', 'Chemical Probe: A-366', 'Chemical probe: A-366', 'A-336']","[5'-methoxy-6'-(3-pyrrolidin-1-ylpropoxy)spiro[cyclobutane-1,3'-indole]-2'-amine"", ""5'-methoxy-6'-(3-(pyrrolidin-1-yl)propoxy)spiro[cyclobutane-1,3'-indol]-2'-amine"", ""5'-methoxy-6'-(3-(pyrrolidin-1-yl)propoxy)spiro[cyclobutane-1,3'-indol]-2'-amine"", 'A-366', ""5'-methoxy-6'-(3-pyrrolidin-1-ylpropoxy)spiro[cyclobutane-1,3'-indole]-2'-amine"", ""5'-methoxy-6'-(3-(pyrrolidin-1-yl)propoxy)spiro[cyclobutane-1,3'-indol]-2'-amine"", ""5'-methoxy-6'-(3-(pyrrolidin-1-yl)propoxy)spiro[cyclobutane-1,3'-indol]-2'-amine"", ""5'-methoxy-6'-(3-(pyrrolidin-1-yl)propoxy)spiro[cyclobutane-1,3'-indol]-2'-amine"", 'A-366', ""5'-methoxy-6'-(3-pyrrolidin-1-ylpropoxy)spiro[cyclobutane-1,3'-indole]-2'-amine"", 'A-366', 'A-366', 'A-366', 'A-366', 'A-366', ""5'-methoxy-6'-(3-(pyrrolidin-1-yl)propoxy)spiro[cyclobutane-1,3'-indol]-2'-amine"", 'A-366', 'A-366', 'A-366', 'A-366', 'A-366', 'A-366', 'A-366', ""5'-methoxy-6'-(3-(pyrrolidin-1-yl)propoxy)spiro[cyclobutane-1,3'-indol]-2'-amine"", ""5'-methoxy-6'-(3-(pyrrolidin-1-yl)propoxy)spiro[cyclobutane-1,3'-indol]-2'-amine"", 'A-366', 'A-366', 'A-366', 'A-366', 'A-366', 'A-366', ""5'-methoxy-6'-(3-(pyrrolidin-1-yl)propoxy)spiro[cyclobutane-1,3'-indol]-2'-amine""]"""
CHEMBL4877005,,,Unknown,,416.85,1,1,3.92,72.19,3.0,2.0,0.0,4.0,N,0.67,3.0,MOL,-1,26.0,-1.32,C18H16ClF3N2O2S,Cl.Nc1cccc2c(S(=O)(=O)NCc3ccc(C(F)(F)F)cc3)cccc12,GLRGIUNIFBPFTN-UHFFFAOYSA-N,"InChI=1S/C18H15F3N2O2S.ClH/c19-18(20,21)13-9-7-12(8-10-13)11-23-26(24,25)17-6-2-3-14-15(17)4-1-5-16(14)22;/h1-10,23H,11,22H2;1H",False,-1,['11e'],['5-Amino-N-(4-(trifluoromethyl)benzyl)naphthalene-1-sulfonamide hydrochloride']
CHEMBL5402134,,,,,397.42,1,3,3.25,122.31,7.0,3.0,0.0,5.0,N,0.45,3.0,MOL,-1,28.0,-1.5,C18H15N5O4S,C=CC(=O)Nc1cc(NC(=O)Nc2ccc3nnsc3c2)cc(C(=O)OC)c1,NQSROILJGGYNAG-UHFFFAOYSA-N,"InChI=1S/C18H15N5O4S/c1-3-16(24)19-12-6-10(17(25)27-2)7-13(8-12)21-18(26)20-11-4-5-14-15(9-11)28-23-22-14/h3-9H,1H2,2H3,(H,19,24)(H2,20,21,26)",False,-1,"['24', '17']","['methyl 3-acrylamido-5-(3-(benzo[d][1,2,3]thiadiazol-6-yl)ureido)benzoate', 'methyl 3-acrylamido-5-(3-(benzo[d][1,2,3]thiadiazol-6-yl)ureido)benzoate']"
CHEMBL1598744,,,Small molecule,,343.5,13,16,3.91,45.46,6.0,1.0,0.0,8.0,N,0.63,3.0,MOL,-1,24.0,-2.59,C18H25N5S,CCN(CC)CCCNc1cc(C)nc2cc(-c3cccs3)nn12,VWWIRGYCRUALOU-UHFFFAOYSA-N,"InChI=1S/C18H25N5S/c1-4-22(5-2)10-7-9-19-17-12-14(3)20-18-13-15(21-23(17)18)16-8-6-11-24-16/h6,8,11-13,19H,4-5,7,9-10H2,1-3H3",False,-1,['SID24806681'],['SID24806681']
CHEMBL5415704,,,,,355.78,5,5,1.32,88.16,5.0,2.0,0.0,3.0,N,0.8,1.0,MOL,-1,25.0,0.01,C18H14ClN3O3,CC#CC(=O)NC12CC(NC3=C(Cl)C(=O)c4cccnc4C3=O)(C1)C2,UYIRPHWBVZGXIA-UHFFFAOYSA-N,"InChI=1S/C18H14ClN3O3/c1-2-4-11(23)21-17-7-18(8-17,9-17)22-14-12(19)15(24)10-5-3-6-20-13(10)16(14)25/h3,5-6,22H,7-9H2,1H3,(H,21,23)",False,-1,['14a'],"['N-(3-((6-chloro-5,8-dioxo-5,8-dihydroquinolin-7-yl)amino)bicyclo[1.1.1]pentan-1-yl)but-2-ynamide']"
CHEMBL1413690,,,Small molecule,,295.34,5,5,2.62,21.26,2.0,1.0,0.0,8.0,N,0.52,1.0,MOL,-1,15.0,-0.85,C15H21NO5,C=CCNCCCCOc1ccccc1.O=C(O)C(=O)O,SYWRTJXWAMFABR-UHFFFAOYSA-N,"InChI=1S/C13H19NO.C2H2O4/c1-2-10-14-11-6-7-12-15-13-8-4-3-5-9-13;3-1(4)2(5)6/h2-5,8-9,14H,1,6-7,10-12H2;(H,3,4)(H,5,6)",False,-1,['SID22413888'],['SID22413888']
CHEMBL1459294,,,Small molecule,,263.3,27,36,2.42,60.05,4.0,0.0,0.0,1.0,N,0.79,2.0,MOL,-1,20.0,-1.41,C16H13N3O,N#Cc1cc2ccc(N3CCOCC3)cc2cc1C#N,MNPHKJOTGDBSIR-UHFFFAOYSA-N,"InChI=1S/C16H13N3O/c17-10-14-7-12-1-2-16(19-3-5-20-6-4-19)9-13(12)8-15(14)11-18/h1-2,7-9H,3-6H2",False,-1,['SID7973467'],['SID7973467']
CHEMBL205040,,,Small molecule,,353.37,22,28,3.5,66.88,6.0,0.0,0.0,6.0,N,0.63,3.0,MOL,-1,26.0,0.05,C20H19NO5,COc1ccc(C(=O)c2nccc3cc(OC)c(OC)cc23)cc1OC,QJTBIAMBPGGIGI-UHFFFAOYSA-N,"InChI=1S/C20H19NO5/c1-23-15-6-5-13(10-16(15)24-2)20(22)19-14-11-18(26-4)17(25-3)9-12(14)7-8-21-19/h5-11H,1-4H3",False,-1,"['3', '16', 'SID57266027']","['(6,7-dimethoxyisoquinolin-1-yl)(3,4-dimethoxyphenyl)methanone', '(6,7-dimethoxyisoquinolin-1-yl)(3,4-dimethoxyphenyl)methanone', 'SID57266027']"
CHEMBL1412974,,,Small molecule,,466.58,10,10,4.72,87.16,6.0,2.0,0.0,11.0,N,0.43,3.0,MOL,-1,34.0,-1.31,C26H34N4O4,CCN(CC)CCCN(Cc1cc2cc(OC)c(OC)cc2nc1O)C(=O)Nc1ccccc1,BKQVVDNAUVKEIM-UHFFFAOYSA-N,"InChI=1S/C26H34N4O4/c1-5-29(6-2)13-10-14-30(26(32)27-21-11-8-7-9-12-21)18-20-15-19-16-23(33-3)24(34-4)17-22(19)28-25(20)31/h7-9,11-12,15-17H,5-6,10,13-14,18H2,1-4H3,(H,27,32)(H,28,31)",False,-1,['SID14722443'],['SID14722443']
CHEMBL5412139,,,,,312.29,1,1,2.52,114.98,6.0,2.0,0.0,3.0,N,0.57,3.0,MOL,-1,23.0,-2.35,C14H12N6O3,Cn1nnc2cc(NC(=O)Nc3cccc([N+](=O)[O-])c3)ccc21,LOTLBEUXZIPEGU-UHFFFAOYSA-N,"InChI=1S/C14H12N6O3/c1-19-13-6-5-10(8-12(13)17-18-19)16-14(21)15-9-3-2-4-11(7-9)20(22)23/h2-8H,1H3,(H2,15,16,21)",False,-1,['19'],"['1-(1-methyl-1H-benzo[d][1,2,3]triazol-5-yl)-3-(3-nitrophenyl)urea']"
CHEMBL5772750,,,,,547.64,1,3,2.88,150.1,10.0,3.0,1.0,6.0,N,0.33,4.0,MOL,-1,40.0,-0.92,C28H34FN9O2,COc1ccc(-c2cc(Cn3cnc4c(N)ncnc43)c(N3CCC[C@](N)(C(=O)NC(C)(C)C)C3)cn2)cc1F,VVCVWFZFKOXMLL-MUUNZHRXSA-N,"InChI=1S/C28H34FN9O2/c1-27(2,3)36-26(39)28(31)8-5-9-37(14-28)21-12-32-20(17-6-7-22(40-4)19(29)10-17)11-18(21)13-38-16-35-23-24(30)33-15-34-25(23)38/h6-7,10-12,15-16H,5,8-9,13-14,31H2,1-4H3,(H,36,39)(H2,30,33,34)/t28-/m1/s1",False,-1,['BDBM567882'],"['US11420970, Example 83']"
CHEMBL3422661,,,Small molecule,,334.38,7,8,3.22,93.07,5.0,2.0,0.0,5.0,N,0.75,3.0,MOL,-1,25.0,-1.52,C19H18N4O2,CCn1cc(C#N)c2cc(Oc3ccc(NC(=O)CN)cc3)ccc21,WCOKYGLNANNIJT-UHFFFAOYSA-N,"InChI=1S/C19H18N4O2/c1-2-23-12-13(10-20)17-9-16(7-8-18(17)23)25-15-5-3-14(4-6-15)22-19(24)11-21/h3-9,12H,2,11,21H2,1H3,(H,22,24)",False,-1,"['52', '7']","['2-Amino-N-[4-(3-cyano-1-ethyl-indol-5-yl)oxyphenyl]acetamide', '2-amino-N-(4-(3-cyano-1-ethyl-1H-indol-5-yloxy)phenyl)acetamide']"
CHEMBL1609006,,,Small molecule,,399.43,33,39,1.73,129.65,7.0,3.0,0.0,3.0,N,0.52,1.0,MOL,-1,28.0,-1.13,C18H17N5O4S,N=C1/C(=C/c2ccc(O)c(O)c2)C(=O)N=C2SC(CC(=O)N3CCCC3)=NN12,NBEACOBGMQOMRN-SUCZFMDKSA-N,"InChI=1S/C18H17N5O4S/c19-16-11(7-10-3-4-12(24)13(25)8-10)17(27)20-18-23(16)21-14(28-18)9-15(26)22-5-1-2-6-22/h3-4,7-8,19,24-25H,1-2,5-6,9H2/b11-7-,19-16?",False,-1,['SID49820248'],['SID49820248']
CHEMBL1873552,,,Small molecule,,463.58,6,8,3.56,71.98,8.0,1.0,0.0,7.0,N,0.57,3.0,MOL,-1,34.0,-1.32,C26H33N5O3,COc1cc2nc(N3CCOCC3)nc(NC3CCN(Cc4ccccc4)CC3)c2cc1OC,VNFLAUPKYSXJGU-UHFFFAOYSA-N,"InChI=1S/C26H33N5O3/c1-32-23-16-21-22(17-24(23)33-2)28-26(31-12-14-34-15-13-31)29-25(21)27-20-8-10-30(11-9-20)18-19-6-4-3-5-7-19/h3-7,16-17,20H,8-15,18H2,1-2H3,(H,27,28,29)",False,-1,"['SID124896676', '10']","['SID124896676', 'N-(1-Benzylpiperidin-4-yl)-6,7-dimethoxy-2-morpholinoquinazolin-4-amine']"
CHEMBL5420895,,,,,462.48,1,3,6.29,83.98,6.0,2.0,1.0,4.0,N,0.35,4.0,MOL,-1,31.0,-1.89,C20H13F3N4O2S2,CC(=O)c1ccc(-c2cc(NC(=O)Nc3ccc4nnsc4c3)cc(C(F)(F)F)c2)s1,VQSROWDBLQLXAF-UHFFFAOYSA-N,"InChI=1S/C20H13F3N4O2S2/c1-10(28)16-4-5-17(30-16)11-6-12(20(21,22)23)8-14(7-11)25-19(29)24-13-2-3-15-18(9-13)31-27-26-15/h2-9H,1H3,(H2,24,25,29)",False,-1,"['18', '25']","['1-(3-(5-acetylthiophen-2-yl)-5-(trifluoromethyl)phenyl)-3-(benzo[d][1,2,3]thiadiazol-6-yl)urea', '1-(3-(5-acetylthiophen-2-yl)-5-(trifluoromethyl)phenyl)-3-(benzo[d][1,2,3]thiadiazol-6-yl)urea']"
CHEMBL4856393,,,Unknown,,250.3,1,1,3.1,44.89,1.0,2.0,0.0,3.0,N,0.74,3.0,MOL,-1,19.0,-1.08,C16H14N2O,O=C(NCc1ccccc1)c1cccc2[nH]ccc12,UHWDMRGXAKOUEZ-UHFFFAOYSA-N,"InChI=1S/C16H14N2O/c19-16(18-11-12-5-2-1-3-6-12)14-7-4-8-15-13(14)9-10-17-15/h1-10,17H,11H2,(H,18,19)",False,-1,['9a'],['N-benzyl-1H-indole-4-carboxamide']
CHEMBL5441106,,,,,437.5,1,1,-0.78,194.66,11.0,6.0,2.0,10.0,N,0.27,2.0,MOL,-1,31.0,1.09,C19H31N7O5,CC(C)CN[C@@H](CC[C@H](N)C(=O)O)C[C@H]1O[C@@H](n2cnc3c(N)ncnc32)[C@H](O)[C@@H]1O,JFKLCPCUECHESR-AEFKHOGKSA-N,"InChI=1S/C19H31N7O5/c1-9(2)6-22-10(3-4-11(20)19(29)30)5-12-14(27)15(28)18(31-12)26-8-25-13-16(21)23-7-24-17(13)26/h7-12,14-15,18,22,27-28H,3-6,20H2,1-2H3,(H,29,30)(H2,21,23,24)/t10-,11-,12+,14+,15+,18+/m0/s1",False,-1,['8'],['N-sec-butyl Sinefungin']
CHEMBL1418124,,,Small molecule,,330.36,20,26,2.24,64.01,5.0,2.0,0.0,4.0,N,0.66,2.0,MOL,-1,24.0,-1.21,C18H19FN2O3,O=C(CN1CCN(c2ccccc2F)CC1)c1ccc(O)c(O)c1,XYIQNDGIKADVPQ-UHFFFAOYSA-N,"InChI=1S/C18H19FN2O3/c19-14-3-1-2-4-15(14)21-9-7-20(8-10-21)12-18(24)13-5-6-16(22)17(23)11-13/h1-6,11,22-23H,7-10,12H2",False,-1,['SID49679329'],['SID49679329']
CHEMBL1379448,,,Small molecule,,397.44,29,45,2.34,116.53,8.0,2.0,0.0,6.0,N,0.56,2.0,MOL,-1,29.0,-1.96,C19H23N7O3,O=C(NNc1cc(N2CCCC2)nc(N2CCCC2)n1)c1ccc([N+](=O)[O-])cc1,XMGBAJDKCRZPLQ-UHFFFAOYSA-N,"InChI=1S/C19H23N7O3/c27-18(14-5-7-15(8-6-14)26(28)29)23-22-16-13-17(24-9-1-2-10-24)21-19(20-16)25-11-3-4-12-25/h5-8,13H,1-4,9-12H2,(H,23,27)(H,20,21,22)",False,-1,"['SID104222776', 'SID87544546', 'SID24806660']","['SID104222776', 'SID87544546', 'SID24806660']"
CHEMBL5575577,,,,,554.47,10,40,3.82,134.25,9.0,4.0,1.0,7.0,N,0.25,4.0,MOL,-1,35.0,-0.5,C25H24BrN5O3S,Nc1nc2cc(CC[C@H]3C[C@@H](Nc4ncncc4C(=O)c4ccsc4)[C@H](O)[C@@H]3O)ccc2cc1Br,ULTOCOVWRCTJDQ-RLTFZFDCSA-N,"InChI=1S/C25H24BrN5O3S/c26-18-8-14-3-1-13(7-19(14)30-24(18)27)2-4-15-9-20(23(34)22(15)33)31-25-17(10-28-12-29-25)21(32)16-5-6-35-11-16/h1,3,5-8,10-12,15,20,22-23,33-34H,2,4,9H2,(H2,27,30)(H,28,29,31)/t15-,20+,22+,23-/m0/s1",False,-1,['A8'],"['(4-(((1R,2S,3R,4S)-4-(2-(2-Amino-3-bromoquinolin-7-yl)ethyl)-2,3-dihydroxycyclopentyl)amino)pyrimidin-5-yl)(thiophen-3-yl)methanone']"
CHEMBL1543944,,,Small molecule,,425.4,34,44,3.52,163.33,8.0,4.0,0.0,6.0,N,0.27,4.0,MOL,-1,31.0,-0.97,C20H19N5O6,COc1ccc(-c2ccc(C(c3c(C)n[nH]c3O)c3c(C)n[nH]c3O)o2)c([N+](=O)[O-])c1,QFUZHGWIMLMGCQ-UHFFFAOYSA-N,"InChI=1S/C20H19N5O6/c1-9-16(19(26)23-21-9)18(17-10(2)22-24-20(17)27)15-7-6-14(31-15)12-5-4-11(30-3)8-13(12)25(28)29/h4-8,18H,1-3H3,(H2,21,23,26)(H2,22,24,27)",False,-1,['SID24786789'],['SID24786789']
CHEMBL5977019,,,,,534.55,1,3,3.7,129.59,10.0,2.0,1.0,6.0,N,0.34,5.0,MOL,-1,39.0,-1.08,C26H25F3N10,Nc1ncnc2c1ncn2Cc1cc(-c2ccc(F)cc2)ncc1N1CCC[C@](N)(c2ccn(C(F)F)n2)C1,PDAXHUWFXASQDW-AREMUKBSSA-N,"InChI=1S/C26H25F3N10/c27-18-4-2-16(3-5-18)19-10-17(12-38-15-35-22-23(30)33-14-34-24(22)38)20(11-32-19)37-8-1-7-26(31,13-37)21-6-9-39(36-21)25(28)29/h2-6,9-11,14-15,25H,1,7-8,12-13,31H2,(H2,30,33,34)/t26-/m1/s1",False,-1,['BDBM568071'],"['US11420970, Example 273']"
CHEMBL1503852,,,Small molecule,,404.43,31,33,2.52,120.08,7.0,3.0,0.0,5.0,N,0.4,2.0,MOL,-1,27.0,-1.95,C17H12N2O6S2,O=C(CN1C(=O)/C(=C/c2ccco2)SC1=S)Nc1ccc(O)c(C(=O)O)c1,QSKUWLRFJPOFNP-QPEQYQDCSA-N,"InChI=1S/C17H12N2O6S2/c20-12-4-3-9(6-11(12)16(23)24)18-14(21)8-19-15(22)13(27-17(19)26)7-10-2-1-5-25-10/h1-7,20H,8H2,(H,18,21)(H,23,24)/b13-7-",False,-1,['SID49822459'],['SID49822459']
CHEMBL4561402,,,Unknown,,337.26,24,24,3.01,23.55,2.0,0.0,0.0,1.0,N,0.79,1.0,MOL,-1,20.0,-1.08,C16H21BrN2O,CN1CCC2(CCCN(C(=O)c3cccc(Br)c3)C2)C1,ZQFWTPXZOLIWPR-UHFFFAOYSA-N,"InChI=1S/C16H21BrN2O/c1-18-9-7-16(11-18)6-3-8-19(12-16)15(20)13-4-2-5-14(17)10-13/h2,4-5,10H,3,6-9,11-12H2,1H3",False,-1,['25'],"['(3-bromophenyl)(2-methyl-2,7-diazaspiro[4.5]decan-7-yl)methanone']"
CHEMBL235504,,,Small molecule,,210.19,31,45,1.52,59.92,4.0,0.0,0.0,0.0,N,0.62,2.0,MOL,-1,16.0,0.07,C12H6N2O2,O=C1C(=O)c2cccnc2-c2ncccc21,KCALAFIVPCAXJI-UHFFFAOYSA-N,InChI=1S/C12H6N2O2/c15-11-7-3-1-5-13-9(7)10-8(12(11)16)4-2-6-14-10/h1-6H,False,-1,"['17', '9', 'SID121283339', '1,10-phenanthroline-5,6-dione']","['1,10-phenanthroline-5,6-dione', '1,10-Phenanthroline-5,6-dione', 'SID121283339', '1,10-phenanthroline-5,6-dione']"
CHEMBL1906185,,,Small molecule,,394.52,5,6,3.11,75.71,5.0,1.0,0.0,6.0,N,0.82,2.0,MOL,-1,26.0,-2.49,C18H22N2O4S2,COc1ccc(S(=O)(=O)N2CCCCC2)cc1NC(=O)Cc1ccsc1,JASSZILCWYLQCG-UHFFFAOYSA-N,"InChI=1S/C18H22N2O4S2/c1-24-17-6-5-15(26(22,23)20-8-3-2-4-9-20)12-16(17)19-18(21)11-14-7-10-25-13-14/h5-7,10,12-13H,2-4,8-9,11H2,1H3,(H,19,21)",False,-1,['SID57261945'],['SID57261945']
CHEMBL1543029,,,Small molecule,,384.82,27,35,4.25,110.96,5.0,4.0,0.0,4.0,N,0.42,4.0,MOL,-1,27.0,-0.84,C19H17ClN4O3,Cc1n[nH]c(O)c1C(c1ccc(-c2ccc(Cl)cc2)o1)c1c(C)n[nH]c1O,WWAQEVYNNMDUAM-UHFFFAOYSA-N,"InChI=1S/C19H17ClN4O3/c1-9-15(18(25)23-21-9)17(16-10(2)22-24-19(16)26)14-8-7-13(27-14)11-3-5-12(20)6-4-11/h3-8,17H,1-2H3,(H2,21,23,25)(H2,22,24,26)",False,-1,['SID14723000'],['SID14723000']
CHEMBL1728280,,,Small molecule,,255.23,105,123,1.12,95.17,6.0,1.0,0.0,1.0,N,0.82,2.0,MOL,-1,19.0,1.04,C13H9N3O3,COC1=CC(=O)c2c(ccc3ncnc(N)c23)C1=O,DIQVRTKHSPGCNE-UHFFFAOYSA-N,"InChI=1S/C13H9N3O3/c1-19-9-4-8(17)10-6(12(9)18)2-3-7-11(10)13(14)16-5-15-7/h2-5H,1H3,(H2,14,15,16)",False,-1,"['SID580954', 'SID92763827']","['SID580954', 'SID92763827']"
CHEMBL6060442,,,,,528.54,1,3,2.59,141.23,10.0,3.0,1.0,7.0,N,0.33,4.0,MOL,-1,38.0,-0.75,C25H27F3N8O2,COc1ccc(-c2cc(Cn3cnc4c(N)ncnc43)c(N3CCC[C@](N)([C@@H](O)C(F)F)C3)cn2)cc1F,PBQDJBHSZQZIFY-SQJMNOBHSA-N,"InChI=1S/C25H27F3N8O2/c1-38-19-4-3-14(7-16(19)26)17-8-15(10-36-13-34-20-23(29)32-12-33-24(20)36)18(9-31-17)35-6-2-5-25(30,11-35)21(37)22(27)28/h3-4,7-9,12-13,21-22,37H,2,5-6,10-11,30H2,1H3,(H2,29,32,33)/t21-,25+/m0/s1",False,-1,['BDBM567930'],"['US11420970, Example 131']"
CHEMBL6018670,,,,,541.61,1,3,4.54,124.66,9.0,2.0,1.0,6.0,N,0.32,5.0,MOL,-1,40.0,-0.94,C29H29F2N9,C[C@H](F)c1cccc([C@@]2(N)CCCN(c3cnc(-c4ccc(F)cc4)cc3Cn3cnc4c(N)ncnc43)C2)n1,GMTBEJZBTBSSTB-RBSBEOHCSA-N,"InChI=1S/C29H29F2N9/c1-18(30)22-4-2-5-25(38-22)29(33)10-3-11-39(15-29)24-13-34-23(19-6-8-21(31)9-7-19)12-20(24)14-40-17-37-26-27(32)35-16-36-28(26)40/h2,4-9,12-13,16-18H,3,10-11,14-15,33H2,1H3,(H2,32,35,36)/t18-,29+/m0/s1",False,-1,['BDBM567982'],"['US11420970, Example 183']"
CHEMBL6051036,,,,,547.55,1,3,3.49,144.89,10.0,3.0,1.0,5.0,N,0.28,5.0,MOL,-1,40.0,-0.85,C27H24F3N9O,Nc1ncnc2c1ncn2Cc1cc(-c2ccc(F)c(F)c2)ncc1N1CCC[C@](N)(c2nc(F)ccc2O)C1,OKMKOIUTOQORHF-HHHXNRCGSA-N,"InChI=1S/C27H24F3N9O/c28-17-3-2-15(8-18(17)29)19-9-16(11-39-14-36-23-25(31)34-13-35-26(23)39)20(10-33-19)38-7-1-6-27(32,12-38)24-21(40)4-5-22(30)37-24/h2-5,8-10,13-14,40H,1,6-7,11-12,32H2,(H2,31,34,35)/t27-/m1/s1",False,-1,['BDBM568037'],"['US11420970, Example 239']"
CHEMBL5914176,,,,,539.62,1,3,3.82,133.89,10.0,2.0,1.0,6.0,N,0.33,5.0,MOL,-1,40.0,-0.8,C29H30FN9O,COc1ccc(-c2cc(Cn3cnc4c(N)ncnc43)c(N3CCC[C@](N)(c4ccc(F)c(C)n4)C3)cn2)cc1,AOVWWKOOJQGEKX-GDLZYMKVSA-N,"InChI=1S/C29H30FN9O/c1-18-22(30)8-9-25(37-18)29(32)10-3-11-38(15-29)24-13-33-23(19-4-6-21(40-2)7-5-19)12-20(24)14-39-17-36-26-27(31)34-16-35-28(26)39/h4-9,12-13,16-17H,3,10-11,14-15,32H2,1-2H3,(H2,31,34,35)/t29-/m1/s1",False,-1,['BDBM568039'],"['US11420970, Example 241']"
CHEMBL6031136,,,,,578.03,1,3,4.31,133.89,10.0,2.0,1.0,6.0,N,0.28,5.0,MOL,-1,41.0,-0.62,C28H26ClF2N9O,COc1ccc(-c2cc(Cn3cnc4c(N)ncnc43)c(N3CCC[C@](N)(c4cccc(Cl)n4)C3)cn2)c(F)c1F,VIYNPRSEGOYDRB-MUUNZHRXSA-N,"InChI=1S/C28H26ClF2N9O/c1-41-20-7-6-17(23(30)24(20)31)18-10-16(12-40-15-37-25-26(32)35-14-36-27(25)40)19(11-34-18)39-9-3-8-28(33,13-39)21-4-2-5-22(29)38-21/h2,4-7,10-11,14-15H,3,8-9,12-13,33H2,1H3,(H2,32,35,36)/t28-/m1/s1",False,-1,['BDBM568040'],"['US11420970, Example 242']"
CHEMBL5955436,,,,,514.54,1,3,3.04,137.55,10.0,2.0,1.0,5.0,N,0.36,5.0,MOL,-1,38.0,-1.08,C26H24F2N10,Nc1ncnc2c1ncn2Cc1cc(-c2ccc(F)c(F)c2)ncc1N1CCCC(N)(c2ccncn2)C1,MMWSRTFZSJVFIV-UHFFFAOYSA-N,"InChI=1S/C26H24F2N10/c27-18-3-2-16(8-19(18)28)20-9-17(11-38-15-36-23-24(29)34-14-35-25(23)38)21(10-32-20)37-7-1-5-26(30,12-37)22-4-6-31-13-33-22/h2-4,6,8-10,13-15H,1,5,7,11-12,30H2,(H2,29,34,35)",False,-1,['BDBM568053'],"['US11420970, Example 255']"
CHEMBL6043431,,,,,540.55,1,3,2.65,130.23,10.0,2.0,1.0,5.0,N,0.37,4.0,MOL,-1,39.0,-0.63,C26H27F3N8O2,Nc1ncnc2c1ncn2Cc1cc(-c2cc(F)c(F)cc2F)ncc1N1CCC[C@](N)([C@@H]2COCCO2)C1,YKSCTELKTAJQDM-BKMJKUGQSA-N,"InChI=1S/C26H27F3N8O2/c27-17-8-19(29)18(28)7-16(17)20-6-15(10-37-14-35-23-24(30)33-13-34-25(23)37)21(9-32-20)36-3-1-2-26(31,12-36)22-11-38-4-5-39-22/h6-9,13-14,22H,1-5,10-12,31H2,(H2,30,33,34)/t22-,26+/m0/s1",False,-1,['BDBM568088'],"['US11420970, Example 290']"
CHEMBL5824004,,,,,572.57,1,3,3.45,130.23,10.0,2.0,1.0,6.0,N,0.33,4.0,MOL,-1,41.0,-0.65,C27H28F4N8O2,Nc1ncnc2c1ncn2Cc1cc(-c2cc(F)c(F)cc2C(F)F)ncc1N1CCC[C@](N)([C@@H]2COCCO2)C1,XAAIPOMVFOYMRY-WXVAWEFUSA-N,"InChI=1S/C27H28F4N8O2/c28-18-7-16(17(24(30)31)8-19(18)29)20-6-15(10-39-14-37-23-25(32)35-13-36-26(23)39)21(9-34-20)38-3-1-2-27(33,12-38)22-11-40-4-5-41-22/h6-9,13-14,22,24H,1-5,10-12,33H2,(H2,32,35,36)/t22-,27+/m0/s1",False,-1,['BDBM568089'],"['US11420970, Example 291']"
CHEMBL1402863,,,Small molecule,,358.45,15,19,4.53,54.19,5.0,1.0,0.0,6.0,N,0.55,4.0,MOL,-1,27.0,-0.73,C22H22N4O,CN(C)CCNc1ncnc2oc(-c3ccccc3)c(-c3ccccc3)c12,NRLZAVKKYXUDSC-UHFFFAOYSA-N,"InChI=1S/C22H22N4O/c1-26(2)14-13-23-21-19-18(16-9-5-3-6-10-16)20(17-11-7-4-8-12-17)27-22(19)25-15-24-21/h3-12,15H,13-14H2,1-2H3,(H,23,24,25)",False,-1,['SID49648238'],['SID49648238']
CHEMBL1497153,,,Small molecule,,505.87,32,38,5.49,169.55,5.0,5.0,2.0,6.0,N,0.15,5.0,MOL,-1,36.0,-0.52,C25H16ClN3O7,O=C(O)c1[nH]c2ccccc2c1C(c1cc(Cl)cc([N+](=O)[O-])c1O)c1c(C(=O)O)[nH]c2ccccc12,SHGNRLBRVBRCMJ-UHFFFAOYSA-N,"InChI=1S/C25H16ClN3O7/c26-11-9-14(23(30)17(10-11)29(35)36)18(19-12-5-1-3-7-15(12)27-21(19)24(31)32)20-13-6-2-4-8-16(13)28-22(20)25(33)34/h1-10,18,27-28,30H,(H,31,32)(H,33,34)",False,-1,['SID47197673'],['SID47197673']
CHEMBL5591077,,,,,342.44,1,1,1.98,100.01,3.0,4.0,0.0,5.0,N,0.67,2.0,MOL,-1,25.0,-1.08,C19H26N4O2,Cc1cccc2cc(C(=O)NC3CCC(NC(=O)CCN)CC3)[nH]c12,AEUGFQSECICIPH-DYKSRFSFSA-N,"InChI=1S/C19H26N4O2/c1-12-3-2-4-13-11-16(23-18(12)13)19(25)22-15-7-5-14(6-8-15)21-17(24)9-10-20/h2-4,11,14-15,23H,5-10,20H2,1H3,(H,21,24)(H,22,25)/t14-,15?",False,-1,['2'],['N-[4-(3-aminopropanoylamino)cyclohexyl]-7-methyl-1H-indole-2-carboxamide']
CHEMBL1724600,,,Small molecule,,466.54,24,30,3.23,109.74,5.0,1.0,0.0,5.0,N,0.62,3.0,MOL,-1,32.0,-0.95,C23H18N2O5S2,Cc1ccc(S(=O)(=O)/N=C2\C=C(NS(=O)(=O)c3ccccc3)C(=O)c3ccccc32)cc1,PSZLKSUSQJZDNB-DARPEHSRSA-N,"InChI=1S/C23H18N2O5S2/c1-16-11-13-18(14-12-16)32(29,30)24-21-15-22(23(26)20-10-6-5-9-19(20)21)25-31(27,28)17-7-3-2-4-8-17/h2-15,25H,1H3/b24-21+",False,-1,['SID81066044'],['SID81066044']
CHEMBL5778380,,,,,530.53,1,3,3.37,121.0,9.0,2.0,1.0,8.0,N,0.33,4.0,MOL,-1,38.0,-1.0,C25H26F4N8O,Nc1ncnc2c1ncn2Cc1cc(-c2ccc(F)c(F)c2)ncc1N1CCC[C@@H](N)[C@H]1COCC(F)F,RAEHGKQNHSTYNV-WIYYLYMNSA-N,"InChI=1S/C25H26F4N8O/c26-16-4-3-14(6-17(16)27)19-7-15(9-36-13-35-23-24(31)33-12-34-25(23)36)20(8-32-19)37-5-1-2-18(30)21(37)10-38-11-22(28)29/h3-4,6-8,12-13,18,21-22H,1-2,5,9-11,30H2,(H2,31,33,34)/t18-,21-/m1/s1",False,-1,['BDBM568111'],"['US11420970, Example 313']"
CHEMBL5881805,,,,,562.63,1,3,3.48,138.07,10.0,2.0,1.0,7.0,N,0.35,4.0,MOL,-1,41.0,-0.73,C29H32F2N8O2,COC1CCC(C(=O)C2(N)CCCN(c3cnc(-c4ccc(F)c(F)c4)cc3Cn3cnc4c(N)ncnc43)C2)C1,IUSMEXIBPDRIRT-UHFFFAOYSA-N,"InChI=1S/C29H32F2N8O2/c1-41-20-5-3-18(9-20)26(40)29(33)7-2-8-38(14-29)24-12-34-23(17-4-6-21(30)22(31)10-17)11-19(24)13-39-16-37-25-27(32)35-15-36-28(25)39/h4,6,10-12,15-16,18,20H,2-3,5,7-9,13-14,33H2,1H3,(H2,32,35,36)",False,-1,['BDBM567905'],"['US11420970, Example 106']"
CHEMBL5916551,,,,,578.03,1,3,4.31,133.89,10.0,2.0,1.0,6.0,N,0.28,5.0,MOL,-1,41.0,-0.96,C28H26ClF2N9O,COc1ccc(-c2cc(Cn3cnc4c(N)ncnc43)c(N3CCC[C@](N)(c4ccc(F)c(Cl)n4)C3)cn2)cc1F,UPUOGLBNGLKLGX-MUUNZHRXSA-N,"InChI=1S/C28H26ClF2N9O/c1-41-22-5-3-16(9-19(22)31)20-10-17(12-40-15-37-24-26(32)35-14-36-27(24)40)21(11-34-20)39-8-2-7-28(33,13-39)23-6-4-18(30)25(29)38-23/h3-6,9-11,14-15H,2,7-8,12-13,33H2,1H3,(H2,32,35,36)/t28-/m1/s1",False,-1,['BDBM567987'],"['US11420970, Example 188']"
CHEMBL5560960,,,,,459.55,2,3,3.01,97.28,6.0,3.0,0.0,6.0,N,0.53,3.0,MOL,-1,34.0,-0.49,C26H29N5O3,Cc1cc(CNC[C@@H]2CCNC(=O)C2)ccc1-c1ncn(C)c1-c1ccc2c(c1)OCC(=O)N2,OUOZZTLCSMEGMB-GOSISDBHSA-N,"InChI=1S/C26H29N5O3/c1-16-9-17(12-27-13-18-7-8-28-23(32)10-18)3-5-20(16)25-26(31(2)15-29-25)19-4-6-21-22(11-19)34-14-24(33)30-21/h3-6,9,11,15,18,27H,7-8,10,12-14H2,1-2H3,(H,28,32)(H,30,33)/t18-/m1/s1",False,-1,['22'],"['(R)-7-(1-Methyl-4-(2-methyl-4-((((2-oxopiperidin-4-yl)-methyl)amino)methyl)phenyl)-1H-imidazol-5-yl)-2H-benzo[b][1,4]oxazin-3(4H)-one']"
CHEMBL1331573,,,Small molecule,,458.26,74,115,4.01,95.7,7.0,0.0,0.0,5.0,N,0.33,3.0,MOL,-1,29.0,-0.37,C21H16BrNO6,CCOC(=O)C(C(=O)OCC)c1cc(Br)c2noc3c2c1C(=O)c1ccccc1-3,HFSGTAOLUKMOQF-UHFFFAOYSA-N,"InChI=1S/C21H16BrNO6/c1-3-27-20(25)15(21(26)28-4-2)12-9-13(22)17-16-14(12)18(24)10-7-5-6-8-11(10)19(16)29-23-17/h5-9,15H,3-4H2,1-2H3",False,-1,"['SID24841017', 'SID857882']","['SID24841017', 'SID857882']"
CHEMBL1323674,,,Small molecule,,260.25,38,53,1.47,95.83,5.0,2.0,0.0,3.0,N,0.8,1.0,MOL,-1,19.0,-0.67,C13H12N2O4,O=C1CCCC(=O)C1=NNc1ccc(C(=O)O)cc1,PYWHRNUXBNQWMD-UHFFFAOYSA-N,"InChI=1S/C13H12N2O4/c16-10-2-1-3-11(17)12(10)15-14-9-6-4-8(5-7-9)13(18)19/h4-7,14H,1-3H2,(H,18,19)",False,-1,['SID26669782'],['SID26669782']
CHEMBL1492590,,,Small molecule,,430.44,31,40,2.64,125.47,9.0,1.0,0.0,6.0,N,0.36,3.0,MOL,-1,30.0,-1.98,C19H18N4O6S,Cc1c(NC(=O)C(C)OC(=O)c2ccc([N+](=O)[O-])s2)c(=O)n(-c2ccccc2)n1C,VTUYVKHRYKFKCV-UHFFFAOYSA-N,"InChI=1S/C19H18N4O6S/c1-11-16(18(25)22(21(11)3)13-7-5-4-6-8-13)20-17(24)12(2)29-19(26)14-9-10-15(30-14)23(27)28/h4-10,12H,1-3H3,(H,20,24)",False,-1,['SID24830280'],['SID24830280']
CHEMBL1975615,,,Small molecule,,397.46,38,52,3.21,104.04,7.0,3.0,0.0,6.0,N,0.26,3.0,MOL,-1,28.0,-1.3,C20H19N3O4S,COc1ccc2nc(C)cc(SCC(=O)N/N=C/c3ccc(O)c(O)c3)c2c1,UWPQUYNAIFBSCV-UFFVCSGVSA-N,"InChI=1S/C20H19N3O4S/c1-12-7-19(15-9-14(27-2)4-5-16(15)22-12)28-11-20(26)23-21-10-13-3-6-17(24)18(25)8-13/h3-10,24-25H,11H2,1-2H3,(H,23,26)/b21-10+",False,-1,['SID24787192'],['SID24787192']
CHEMBL55415,SCUTELLAREIN,,Small molecule,,286.24,57,185,2.28,111.13,6.0,4.0,0.0,1.0,N,0.51,3.0,MOL,-1,21.0,1.45,C15H10O6,O=c1cc(-c2ccc(O)cc2)oc2cc(O)c(O)c(O)c12,JVXZRQGOGOXCEC-UHFFFAOYSA-N,"InChI=1S/C15H10O6/c16-8-3-1-7(2-4-8)11-5-9(17)13-12(21-11)6-10(18)14(19)15(13)20/h1-6,16,18-20H",False,-1,"['Scutellarein', '3', '3', '17', '20, 6-hydroxyapigenin', '161', 'Table 1, 4', '19', 'Scutellarein', '2', 'scutellarein', 'Scutellarein', '44', '12', '13', '6-Hydroxyapigenin', '2', '2', '22', 'Scutellarein', '1', 'Table1;2', '8', '2', '16', '11', 'D8', 'I', '23', 'Scutellarein', 'Scu', 'BDBM23411', '47', '51']","['5,6,7-Trihydroxy-2-(4-hydroxy-phenyl)-chromen-4-one (Scutellarein)', 'Scutellarein', 'Scutellarein', '7-O-methyl-seutellarein', 5,6,7,4'-Tetrahydroxyflavone"", 'scutellarein', 'Scutellarein', ""5,6,7,4'-tetrahydroxyflavone"", 'Scutellarein', 'scutellarein', '5,6,7-trihydroxy-2-(4-hydroxyphenyl)-4H-chromen-4-one', 'Scutellarein', 'scutellarein', '5,6,7-trihydroxy-2-(4-hydroxyphenyl)-4H-chromen-4-one', 'Scutellarein', '6-Hydroxyapigenin', 'Scutellarein', 'Scutellarein', 'scutellarein', 'Scutellarein', 'Scutellarein', '5,6,7-trihydroxy-2-(4-hydroxyphenyl)-4H-chromen-4-one', 'Scutellarein', '5,6,7-trihydroxy-2-(4-hydroxyphenyl)-4H-chromen-4-one', 'Scutellarein', 'scutellarein', 'Scutellarein', 'Scutellarein', '5,6,7-Trihydroxy-2-(4-hydroxyphenyl)-4H-chromen-4-one; Scutellarein', 'Scutellarein', 'Scutellarein', '5,6,7-trihydroxy-2-(4-hydroxyphenyl)-4H-chromen-4-one::Scutel-larei::Scutellarein::Scutellarein (2)::Scutellarein (28)::US10252984, Table 2.2', 'Scutellarein', '5,6,7-trihydroxy-2-(4-hydroxyphenyl)-4H-chromen-4-one']"""
CHEMBL1485960,,,Small molecule,,342.38,40,51,2.51,71.78,5.0,1.0,0.0,4.0,N,0.53,2.0,MOL,-1,24.0,-1.95,C17H14N2O4S,CCOc1cccc(N2C(=O)/C(=C/c3ccco3)C(=O)NC2=S)c1,MLDNPPVULZTXCG-GXDHUFHOSA-N,"InChI=1S/C17H14N2O4S/c1-2-22-12-6-3-5-11(9-12)19-16(21)14(15(20)18-17(19)24)10-13-7-4-8-23-13/h3-10H,2H2,1H3,(H,18,20,24)/b14-10+",False,-1,['SID47198077'],['SID47198077']
CHEMBL1384253,,,Small molecule,,283.28,46,83,2.55,76.23,4.0,1.0,0.0,2.0,N,0.68,2.0,MOL,-1,21.0,-0.03,C16H13NO4,CCOC(=O)c1c(C)[nH]c2c1-c1ccccc1C(=O)C2=O,OIWQLSMNVRMWRN-UHFFFAOYSA-N,"InChI=1S/C16H13NO4/c1-3-21-16(20)11-8(2)17-13-12(11)9-6-4-5-7-10(9)14(18)15(13)19/h4-7,17H,3H2,1-2H3",False,-1,['SID22404392'],['SID22404392']
CHEMBL1389066,,,Small molecule,,290.42,24,32,3.06,41.05,4.0,1.0,0.0,5.0,N,0.68,2.0,MOL,-1,19.0,-2.31,C13H14N4S2,C=CCN(CC=C)C(=S)Nc1ccc2nsnc2c1,WIVWICYGVNXNIH-UHFFFAOYSA-N,"InChI=1S/C13H14N4S2/c1-3-7-17(8-4-2)13(18)14-10-5-6-11-12(9-10)16-19-15-11/h3-6,9H,1-2,7-8H2,(H,14,18)",False,-1,['SID24810715'],['SID24810715']
CHEMBL5869350,,,,,566.51,1,3,3.6,132.0,9.0,3.0,1.0,6.0,N,0.3,4.0,MOL,-1,40.0,-0.77,C25H24F6N8O,Nc1ncnc2c1ncn2Cc1cc(-c2ccc(C(F)(F)F)cc2F)ncc1N1CCC[C@](N)([C@@H](O)C(F)F)C1,OTZOFGDLBLPKLJ-GBXCKJPGSA-N,"InChI=1S/C25H24F6N8O/c26-16-7-14(25(29,30)31)2-3-15(16)17-6-13(9-39-12-37-19-22(32)35-11-36-23(19)39)18(8-34-17)38-5-1-4-24(33,10-38)20(40)21(27)28/h2-3,6-8,11-12,20-21,40H,1,4-5,9-10,33H2,(H2,32,35,36)/t20-,24+/m0/s1",False,-1,['BDBM567940'],"['US11420970, Example 141']"
CHEMBL1510455,,,Small molecule,,373.35,46,63,2.33,118.85,7.0,1.0,0.0,4.0,N,0.38,2.0,MOL,-1,26.0,-1.86,C16H11N3O6S,COc1ccc(N2C(=O)NC(=O)/C(=C\c3ccc([N+](=O)[O-])s3)C2=O)cc1,KFLJCZCQHOHEJD-XYOKQWHBSA-N,"InChI=1S/C16H11N3O6S/c1-25-10-4-2-9(3-5-10)18-15(21)12(14(20)17-16(18)22)8-11-6-7-13(26-11)19(23)24/h2-8H,1H3,(H,17,20,22)/b12-8+",False,-1,['SID24822951'],['SID24822951']
CHEMBL3818617,,,Small molecule,,525.34,66,206,3.77,113.55,6.0,2.0,1.0,7.0,N,0.32,2.0,MOL,-1,35.0,-1.66,C22H20Cl2F2N6O3,CCN(C(=O)CO)[C@H]1CN(/C(=N\C#N)Nc2cccc(OC(F)F)c2)N=C1c1ccc(Cl)c(Cl)c1,OTTJIRVZJJGFTK-SFHVURJKSA-N,"InChI=1S/C22H20Cl2F2N6O3/c1-2-31(19(34)11-33)18-10-32(30-20(18)13-6-7-16(23)17(24)8-13)22(28-12-27)29-14-4-3-5-15(9-14)35-21(25)26/h3-9,18,21,33H,2,10-11H2,1H3,(H,28,29)/t18-/m0/s1",False,-1,"['(S)-4; BAY-598', 'BAY-598', '3; BAY-598', 'EUB0000220b', 'BAY-598', 'EUB0000220b', 'Chemical Probe: BAY-598', 'EUB0000220b', 'Chemical Probe: BAY-598', 'EUB0000220b', 'EUB0000220a', 'EUB0000220b', 'EUB0000220b', 'EUB0000220b', 'Chemical probe: BAY-598']","[(S)-N-(1-(N'-cyano-N-(3-(difluoromethoxy)phenyl)carbamimidoyl)-3-(3,4-dichlorophenyl)-4,5-dihydro-1H-pyrazol-4-yl)-N-ethyl-2-hydroxyacetamide"", 'BAY-598', ""N-[(4S)-2-[N'-cyano-N-[3-(difluoromethoxy)phenyl]carbamimidoyl]-5-(3,4-dichlorophenyl)-3,4-dihydropyrazol-4-yl]-N-ethyl-2-hydroxyacetamide"", 'BAY-598', 'BAY-598', 'BAY-598', 'BAY-598', 'BAY-598', 'BAY-598', 'BAY-598', 'BAY-598', 'BAY-598', 'BAY-598', 'BAY-598', 'BAY-598']"""
CHEMBL5517660,,,,,418.5,2,3,3.27,77.41,6.0,2.0,0.0,6.0,N,0.64,3.0,MOL,-1,31.0,-0.74,C24H26N4O3,Cc1ccc(CNC[C@@H]2CCO2)cc1-c1ncn(C)c1-c1ccc2c(c1)OCC(=O)N2,YZOCGUCOBQCCGW-SFHVURJKSA-N,"InChI=1S/C24H26N4O3/c1-15-3-4-16(11-25-12-18-7-8-30-18)9-19(15)23-24(28(2)14-26-23)17-5-6-20-21(10-17)31-13-22(29)27-20/h3-6,9-10,14,18,25H,7-8,11-13H2,1-2H3,(H,27,29)/t18-/m0/s1",False,-1,['29'],"['(S)-7-(1-Methyl-4-(2-methyl-5-(((oxetan-2-ylmethyl)amino)methyl)phenyl)-1H-imidazol-5-yl)-2H-benzo[b][1,4]oxazin-3(4H)-one']"
CHEMBL5401919,,,,,312.73,1,1,1.61,79.29,5.0,2.0,0.0,4.0,N,0.88,1.0,MOL,-1,21.0,-0.05,C14H14ClFN2O3,CC(C)(O)[C@H](F)CNC1=C(Cl)C(=O)c2ncccc2C1=O,NWYYBIFVYPZFMV-MRVPVSSYSA-N,"InChI=1S/C14H14ClFN2O3/c1-14(2,21)8(16)6-18-11-9(15)13(20)10-7(12(11)19)4-3-5-17-10/h3-5,8,18,21H,6H2,1-2H3/t8-/m1/s1",False,-1,['12d'],"['(R)-7-chloro-6-((2-fluoro-3-hydroxy-3-methylbutyl)amino)quinoline-5,8-dione']"
CHEMBL1600440,,,Small molecule,,316.34,39,46,2.5,91.57,4.0,3.0,0.0,4.0,N,0.59,2.0,MOL,-1,22.0,-1.53,C15H12N2O4S,O=C(/C=C/c1ccco1)NC(=S)Nc1ccc(C(=O)O)cc1,LNYMJMGDLOPINF-BQYQJAHWSA-N,"InChI=1S/C15H12N2O4S/c18-13(8-7-12-2-1-9-21-12)17-15(22)16-11-5-3-10(4-6-11)14(19)20/h1-9H,(H,19,20)(H2,16,17,18,22)/b8-7+",False,-1,['SID49666861'],['SID49666861']
CHEMBL3145314,,,Small molecule,,410.39,52,65,3.35,148.46,8.0,2.0,0.0,6.0,N,0.36,3.0,MOL,-1,30.0,-1.8,C19H18N6O5,Cc1ccc(-n2[nH]c(C)c(/C=N/Nc3ccc([N+](=O)[O-])cc3[N+](=O)[O-])c2=O)cc1C,NEDOWIUCPHXIER-KEBDBYFISA-N,"InChI=1S/C19H18N6O5/c1-11-4-5-14(8-12(11)2)23-19(26)16(13(3)22-23)10-20-21-17-7-6-15(24(27)28)9-18(17)25(29)30/h4-10,21-22H,1-3H3/b20-10+",False,-1,['SID17504007'],['SID17504007']
CHEMBL1300612,,,Small molecule,,529.69,50,77,4.69,79.29,7.0,1.0,1.0,14.0,N,0.24,3.0,MOL,-1,39.0,-1.11,C31H39N5O3,CCN(CC)CCOc1ccc2c(c1)C(=NNC(=O)c1ccccn1)c1cc(OCCN(CC)CC)ccc1-2,QETDMSGRWNHKSN-UHFFFAOYSA-N,"InChI=1S/C31H39N5O3/c1-5-35(6-2)17-19-38-23-12-14-25-26-15-13-24(39-20-18-36(7-3)8-4)22-28(26)30(27(25)21-23)33-34-31(37)29-11-9-10-16-32-29/h9-16,21-22H,5-8,17-20H2,1-4H3,(H,34,37)",False,-1,"['SID17504251', 'SID87349076', 'SID144220080']","['SID17504251', 'SID87349076', 'SID144220080']"
CHEMBL1477236,,,Small molecule,,337.38,32,36,3.7,68.53,4.0,1.0,0.0,4.0,N,0.79,3.0,MOL,-1,25.0,-0.55,C20H19NO4,CCOc1cccc(=O)c2c(C)n(-c3ccc(C(=O)O)cc3)c(C)c12,CRUYZMAOBHSDEY-UHFFFAOYSA-N,"InChI=1S/C20H19NO4/c1-4-25-17-7-5-6-16(22)18-12(2)21(13(3)19(17)18)15-10-8-14(9-11-15)20(23)24/h5-11H,4H2,1-3H3,(H,23,24)",False,-1,['SID24803374'],['SID24803374']
CHEMBL1576140,,,Small molecule,,368.42,30,40,2.91,101.13,8.0,2.0,0.0,7.0,N,0.29,3.0,MOL,-1,26.0,-1.74,C18H16N4O3S,C=CCn1c(SCC(=O)c2ccc(O)c(O)c2)nnc1-c1cccnc1,GBUCPNITJSNYNF-UHFFFAOYSA-N,"InChI=1S/C18H16N4O3S/c1-2-8-22-17(13-4-3-7-19-10-13)20-21-18(22)26-11-16(25)12-5-6-14(23)15(24)9-12/h2-7,9-10,23-24H,1,8,11H2",False,-1,"['SID26671532', 'SID57287584']","['SID26671532', 'SID57287584']"
CHEMBL5095235,EZM-0414,EZM-0414|EZM0414,Small molecule,1.0,400.5,27,60,2.82,68.44,3.0,2.0,0.0,3.0,N,0.83,2.0,MOL,0,29.0,-1.27,C22H29FN4O2,CC(=O)N1CCN([C@H]2CCC[C@@H](NC(=O)c3cc4c(F)ccc(C)c4[nH]3)C2)CC1,PGNLXEBQMQHFNK-SJORKVTESA-N,"InChI=1S/C22H29FN4O2/c1-14-6-7-19(23)18-13-20(25-21(14)18)22(29)24-16-4-3-5-17(12-16)27-10-8-26(9-11-27)15(2)28/h6-7,13,16-17,25H,3-5,8-12H2,1-2H3,(H,24,29)/t16-,17+/m1/s1",False,0,"['EZM-0414', 'EUB0001100b', 'EUB0001100b', 'EZM0414', '9; EZM0414']","['EZM-0414', 'EZM0414', 'EZM0414', 'N-[(1R,3S)-3-(4-acetylpiperazin-1-yl)cyclohexyl]-4-fluoro-7-methyl-1H-indole-2-carboxamide', 'N-[(1R,3S)-3-(4-acetylpiperazin-1-yl)cyclohexyl]-4-fluoro-7-methyl-1H-indole-2-carboxamide']"
CHEMBL5195436,,,,,828.84,28,62,2.87,234.54,12.0,5.0,2.0,15.0,N,0.09,4.0,MOL,-1,61.0,-1.38,C43H40N8O10,O=C(CNc1cccc2c1C(=O)N(C1CCC(=O)NC1=O)C2=O)NCCCOc1ccc(NC(=O)c2ccc(CN(C(=O)c3ccc4c(c3)OCC(=O)N4)C3CC3)cc2)nc1,OBZWKPGPTCBYOS-UHFFFAOYSA-N,"InChI=1S/C43H40N8O10/c52-35-16-14-32(40(56)49-35)51-42(58)29-3-1-4-31(38(29)43(51)59)45-21-36(53)44-17-2-18-60-28-12-15-34(46-20-28)48-39(55)25-7-5-24(6-8-25)22-50(27-10-11-27)41(57)26-9-13-30-33(19-26)61-23-37(54)47-30/h1,3-9,12-13,15,19-20,27,32,45H,2,10-11,14,16-18,21-23H2,(H,44,53)(H,47,54)(H,46,48,55)(H,49,52,56)",False,-1,"['6; MS159', '9; MS159', '34; MS159']","['N-cyclopropyl-N-(4-((5-(3-(2-((2-(2,6-dioxopiperidin-3-yl)-1,3-dioxoisoindolin-4-yl)amino)acetamido)propoxy)pyridin-2-yl)carbamoyl)benzyl)-3-oxo-3,4-dihydro-2H-benzo[b][1,4]oxazine-7-carboxamide', 'N-cyclopropyl-N-(4-((5-(3-(2-((2-(2,6-dioxopiperidin-3-yl)-1,3-dioxoisoindolin-4-yl)amino)acetamido)propoxy)pyridin-2-yl)carbamoyl)benzyl)-3-oxo-3,4-dihydro-2H-benzo[b][1,4]oxazine-7-carboxamide', 'N-cyclopropyl-N-[[4-[[5-[3-[[2-[[2-(2,6-dioxo-3-piperidyl)-1,3-dioxo-isoindolin-4-yl]amino]acetyl]amino]propoxy]-2-pyridyl]carbamoyl]phenyl]methyl]-3-oxo-4H-1,4-benzoxazine-7-carboxamide']"
CHEMBL1985664,,,Small molecule,,427.37,45,61,1.73,172.34,10.0,4.0,0.0,7.0,N,0.19,3.0,MOL,-1,31.0,-1.54,C19H17N5O7,COc1ccc(/C=N/NC(=O)c2cc(O)c(O)c(O)c2)cc1Cn1cc([N+](=O)[O-])cn1,NUHAWFOVGGVMMF-IFRROFPPSA-N,"InChI=1S/C19H17N5O7/c1-31-17-3-2-11(4-13(17)9-23-10-14(8-21-23)24(29)30)7-20-22-19(28)12-5-15(25)18(27)16(26)6-12/h2-8,10,25-27H,9H2,1H3,(H,22,28)/b20-7+",False,-1,['SID24823527'],['SID24823527']
CHEMBL1726141,,,Small molecule,,281.31,5,6,3.8,98.31,5.0,1.0,0.0,8.0,N,0.44,1.0,MOL,-1,20.0,-0.8,C13H19N3O4,CCCCCCNc1c([N+](=O)[O-])cc(C)cc1[N+](=O)[O-],BYDTYPFJYXYPSO-UHFFFAOYSA-N,"InChI=1S/C13H19N3O4/c1-3-4-5-6-7-14-13-11(15(17)18)8-10(2)9-12(13)16(19)20/h8-9,14H,3-7H2,1-2H3",False,-1,['SID17413404'],['SID17413404']
CHEMBL1381627,,,Small molecule,,458.45,47,71,3.57,137.28,11.0,2.0,1.0,7.0,N,0.24,4.0,MOL,-1,32.0,-0.57,C21H18N2O8S,COc1cc(-c2nnc(SCc3cc(=O)oc4cc(O)c(O)cc34)o2)cc(OC)c1OC,QXJLEZHDRYBRPB-UHFFFAOYSA-N,"InChI=1S/C21H18N2O8S/c1-27-16-4-10(5-17(28-2)19(16)29-3)20-22-23-21(31-20)32-9-11-6-18(26)30-15-8-14(25)13(24)7-12(11)15/h4-8,24-25H,9H2,1-3H3",False,-1,"['SID89850354', 'SID17385711']","['SID89850354', 'SID17385711']"
CHEMBL1561729,,,Small molecule,,373.37,30,44,3.27,91.64,4.0,2.0,0.0,4.0,N,0.54,3.0,MOL,-1,28.0,-1.2,C21H15N3O4,O=C(O)c1ccc(-n2cccc2/C=C2/NC(=O)N(c3ccccc3)C2=O)cc1,SSHMKHPXXGTLGA-QGOAFFKASA-N,"InChI=1S/C21H15N3O4/c25-19-18(22-21(28)24(19)16-5-2-1-3-6-16)13-17-7-4-12-23(17)15-10-8-14(9-11-15)20(26)27/h1-13H,(H,22,28)(H,26,27)/b18-13+",False,-1,['SID26725864'],['SID26725864']
CHEMBL1436247,,,Small molecule,,334.38,15,19,2.77,76.88,5.0,1.0,0.0,2.0,N,0.78,3.0,MOL,-1,25.0,-1.64,C19H18N4O2,O=C(Nc1ccccn1)c1ccc2c(=O)n3c(nc2c1)CCCCC3,LAXFQIBGWYLMMT-UHFFFAOYSA-N,"InChI=1S/C19H18N4O2/c24-18(22-16-6-3-4-10-20-16)13-8-9-14-15(12-13)21-17-7-2-1-5-11-23(17)19(14)25/h3-4,6,8-10,12H,1-2,5,7,11H2,(H,20,22,24)",False,-1,['SID57268819'],['SID57268819']
CHEMBL1463626,,,Small molecule,,290.37,36,64,3.94,42.85,3.0,0.0,0.0,2.0,N,0.79,2.0,MOL,-1,22.0,-0.35,C19H18N2O,CC1C/C(=C\c2cccnc2)C(=O)/C(=C/c2cccnc2)C1,LTEXLUXFVUIUEF-ODPUSEOTSA-N,"InChI=1S/C19H18N2O/c1-14-8-17(10-15-4-2-6-20-12-15)19(22)18(9-14)11-16-5-3-7-21-13-16/h2-7,10-14H,8-9H2,1H3/b17-10+,18-11+",False,-1,['SID17433901'],['SID17433901']
CHEMBL1725173,,,Small molecule,,182.23,7,7,2.95,15.6,2.0,0.0,0.0,0.0,Y,0.61,2.0,MOL,-1,14.0,-0.39,C12H10N2,CN1C=Nc2cccc3cccc1c23,WLQWDTFOKYWCQK-UHFFFAOYSA-N,"InChI=1S/C12H10N2/c1-14-8-13-10-6-2-4-9-5-3-7-11(14)12(9)10/h2-8H,1H3",False,-1,['SID49667197'],['SID49667197']
CHEMBL1395907,,,Small molecule,,241.29,28,48,2.28,37.38,3.0,0.0,0.0,1.0,Y,0.71,1.0,MOL,-1,18.0,0.23,C15H15NO2,O=C1C=C(N2CCCCC2)c2ccccc2C1=O,CJXORYYEEAJZSR-UHFFFAOYSA-N,"InChI=1S/C15H15NO2/c17-14-10-13(16-8-4-1-5-9-16)11-6-2-3-7-12(11)15(14)18/h2-3,6-7,10H,1,4-5,8-9H2",False,-1,['SID47194922'],['SID47194922']
CHEMBL1359614,,,Small molecule,,434.52,30,30,3.38,106.94,7.0,3.0,0.0,5.0,N,0.38,2.0,MOL,-1,28.0,-1.77,C18H14N2O5S3,CC(C(=O)Nc1ccc(O)cc1C(=O)O)N1C(=O)/C(=C\c2cccs2)SC1=S,KDRHPXARYADUMY-RIYZIHGNSA-N,"InChI=1S/C18H14N2O5S3/c1-9(15(22)19-13-5-4-10(21)7-12(13)17(24)25)20-16(23)14(28-18(20)26)8-11-3-2-6-27-11/h2-9,21H,1H3,(H,19,22)(H,24,25)/b14-8+",False,-1,['SID49822539'],['SID49822539']
CHEMBL1370095,,,Small molecule,,205.31,14,21,1.41,32.5,3.0,1.0,0.0,2.0,Y,0.74,1.0,MOL,-1,15.0,-1.51,C12H19N3,CCN1CCN(c2ccc(N)cc2)CC1,KEPUOYACJXZYTQ-UHFFFAOYSA-N,"InChI=1S/C12H19N3/c1-2-14-7-9-15(10-8-14)12-5-3-11(13)4-6-12/h3-6H,2,7-10,13H2,1H3",False,-1,"['SID24802376', '8']","['SID24802376', '4-(4-ethylpiperazin-1-yl)aniline']"
CHEMBL133576,ACID BLUE 129,,Small molecule,,458.47,62,83,3.96,126.56,6.0,3.0,0.0,3.0,N,0.33,3.0,MOL,-1,31.0,-0.36,C23H19N2NaO5S,Cc1cc(C)c(Nc2cc(S(=O)(=O)[O-])c(N)c3c2C(=O)c2ccccc2C3=O)c(C)c1.[Na+],RRETZLLHOMHNNB-UHFFFAOYSA-M,"InChI=1S/C23H20N2O5S.Na/c1-11-8-12(2)21(13(3)9-11)25-16-10-17(31(28,29)30)20(24)19-18(16)22(26)14-6-4-5-7-15(14)23(19)27;/h4-10,25H,24H2,1-3H3,(H,28,29,30);/q;+1/p-1",False,-1,"['SID87349312', '20', 'Acid Blue 129', 'SID17432606', '29', '48']","['SID87349312', 'sodium 1-amino-4-(mesitylamino)-9,10-dioxo-9,10-dihydroanthracene-2-sulfonate', 'Acid Blue 129', 'SID17432606', 'sodium 1-amino-4-(mesitylamino)-9,10-dioxo-9,10-dihydroanthracene-2-sulfonate', 'sodium 1-amino-4-(mesitylamino)-9,10-dioxo-9,10-dihydroanthracene-2-sulfonate']"
CHEMBL5412847,,,,,347.17,3,3,2.26,79.29,5.0,2.0,0.0,4.0,N,0.82,1.0,MOL,-1,22.0,0.0,C14H13Cl2FN2O3,CC(C)(O)[C@H](F)CNC1=C(Cl)C(=O)c2ccc(Cl)nc2C1=O,SVKJKHAFGGSNKI-SSDOTTSWSA-N,"InChI=1S/C14H13Cl2FN2O3/c1-14(2,22)7(17)5-18-11-9(16)12(20)6-3-4-8(15)19-10(6)13(11)21/h3-4,7,18,22H,5H2,1-2H3/t7-/m1/s1",False,-1,['11e'],"['(R)-2,6-dichloro-7-((2-fluoro-3-hydroxy-3-methylbutyl)amino)quinoline-5,8-dione']"
CHEMBL1349475,,,Small molecule,,258.23,29,35,2.42,85.37,4.0,1.0,0.0,4.0,N,0.67,2.0,MOL,-1,19.0,-1.07,C13H10N2O4,O=C(O)c1cccc(-n2cccc2/C=C\[N+](=O)[O-])c1,CYNCWVWKWZDOOE-VURMDHGXSA-N,"InChI=1S/C13H10N2O4/c16-13(17)10-3-1-4-12(9-10)14-7-2-5-11(14)6-8-15(18)19/h1-9H,(H,16,17)/b8-6-",False,-1,['SID24802504'],['SID24802504']
CHEMBL1381264,,,Small molecule,,450.52,48,57,3.18,129.3,9.0,1.0,0.0,5.0,N,0.54,2.0,MOL,-1,29.0,-2.1,C17H14N4O5S3,CCS(=O)(=O)C1=NN2C(=N)/C(=C\c3ccc(SCc4ccco4)o3)C(=O)N=C2S1,FOUCUCMUTILNFC-ZJMWYTODSA-N,"InChI=1S/C17H14N4O5S3/c1-2-29(23,24)17-20-21-14(18)12(15(22)19-16(21)28-17)8-10-5-6-13(26-10)27-9-11-4-3-7-25-11/h3-8,18H,2,9H2,1H3/b12-8+,18-14?",False,-1,['SID24812344'],['SID24812344']
CHEMBL1430005,,,Small molecule,,177.2,37,50,0.74,26.94,1.0,0.0,0.0,0.0,Y,0.52,2.0,MOL,-1,12.0,0.0,C10H11NO2,C[n+]1cccc2cccc([O-])c21.O,ZCZCEBNADVJABP-UHFFFAOYSA-N,"InChI=1S/C10H9NO.H2O/c1-11-7-3-5-8-4-2-6-9(12)10(8)11;/h2-7H,1H3;1H2",False,-1,['SID26666020'],['SID26666020']
CHEMBL4584209,,,Unknown,,323.23,24,24,2.62,23.55,2.0,0.0,0.0,1.0,N,0.79,1.0,MOL,-1,19.0,-0.94,C15H19BrN2O,CN1C[C@H]2CCCN(C(=O)c3cccc(Br)c3)[C@H]2C1,QRWNNEQCHMVYEA-OCCSQVGLSA-N,"InChI=1S/C15H19BrN2O/c1-17-9-12-5-3-7-18(14(12)10-17)15(19)11-4-2-6-13(16)8-11/h2,4,6,8,12,14H,3,5,7,9-10H2,1H3/t12-,14+/m1/s1",False,-1,['15'],"['(3-bromophenyl)((4aR,7aR)-6-methyloctahydro-1H-pyrrolo[3,4-b]pyridin-1-yl)methanone']"
CHEMBL4582643,,,Unknown,,295.18,24,24,1.88,32.34,2.0,1.0,0.0,1.0,Y,0.86,1.0,MOL,-1,17.0,-0.78,C13H15BrN2O,O=C(c1cccc(Br)c1)N1C[C@@H]2CCN[C@@H]2C1,VZGQUVHJGMTTLC-CMPLNLGQSA-N,"InChI=1S/C13H15BrN2O/c14-11-3-1-2-9(6-11)13(17)16-7-10-4-5-15-12(10)8-16/h1-3,6,10,12,15H,4-5,7-8H2/t10-,12+/m0/s1",False,-1,['7'],"['(3-bromophenyl)((3aS,6aS)-hexahydropyrrolo[3,4-b]pyrrol-5(1H)-yl)methanone']"
CHEMBL5957146,,,,,534.6,1,3,2.92,147.3,11.0,2.0,2.0,7.0,N,0.34,4.0,MOL,-1,39.0,-0.81,C27H31FN8O3,COc1ccc(-c2cc(Cn3cnc4c(N)ncnc43)c(N3CCC[C@](N)(C(=O)OC(C)C)C3)cn2)cc1F,MOGJMYHOGBCALY-HHHXNRCGSA-N,"InChI=1S/C27H31FN8O3/c1-16(2)39-26(37)27(30)7-4-8-35(13-27)21-11-31-20(17-5-6-22(38-3)19(28)9-17)10-18(21)12-36-15-34-23-24(29)32-14-33-25(23)36/h5-6,9-11,14-16H,4,7-8,12-13,30H2,1-3H3,(H2,29,32,33)/t27-/m1/s1",False,-1,['BDBM567880'],"['US11420970, Example 81']"
CHEMBL3961701,,,Small molecule,,248.37,66,162,1.89,24.5,3.0,1.0,0.0,6.0,N,0.83,1.0,MOL,-1,18.0,-0.71,C15H24N2O,CNCCN1CCC(OCc2ccccc2)CC1,HBOJWAYLSJLULG-UHFFFAOYSA-N,"InChI=1S/C15H24N2O/c1-16-9-12-17-10-7-15(8-11-17)18-13-14-5-3-2-4-6-14/h2-6,15-16H,7-13H2,1H3",False,-1,"['17; MS049', 'MS049', 'MS049', 'EUB0000103c', 'MS049', 'EUB0000103c', 'MS049', 'EUB0000103c', 'MS049', 'EUB0000103c', 'EUB0000103c', 'EUB0000103c', 'EUB0000103c', 'EUB0000103c', 'EUB0000103c', 'EUB0000103c']","['2-(4-(Benzyloxy)piperidin-1-yl)-N-methylethan-1-amine', '2-(4-(benzyloxy)piperidin-1-yl)-N-methylethanamine', 'MS049', 'MS049 hydrochloride', '2-(4-(benzyloxy)piperidin-1-yl)-N-methylethanamine', 'MS049 hydrochloride', '2-(4-(benzyloxy)piperidin-1-yl)-N-methylethanamine', 'MS049 hydrochloride', 'MS049', 'MS049 hydrochloride', 'MS049 hydrochloride', 'MS049 hydrochloride', 'MS049 hydrochloride', 'MS049 hydrochloride', 'MS049 hydrochloride', 'MS049 hydrochloride']"
CHEMBL6036558,,,,,785.85,1,3,7.45,166.79,13.0,1.0,3.0,7.0,N,0.16,5.0,MOL,-1,57.0,-1.1,C40H45F2N9O6,COC(=O)NC1(c2cccc(C)n2)CCCN(c2cnc(-c3ccc(F)c(F)c3)cc2Cn2cnc3c(N(C(=O)OC(C)(C)C)C(=O)OC(C)(C)C)ncnc32)C1,FHGOSDAYQXVDBZ-UHFFFAOYSA-N,"InChI=1S/C40H45F2N9O6/c1-24-11-9-12-31(47-24)40(48-35(52)55-8)15-10-16-49(21-40)30-19-43-29(25-13-14-27(41)28(42)17-25)18-26(30)20-50-23-46-32-33(50)44-22-45-34(32)51(36(53)56-38(2,3)4)37(54)57-39(5,6)7/h9,11-14,17-19,22-23H,10,15-16,20-21H2,1-8H3,(H,48,52)",False,-1,['BDBM567976'],"['US11420970, Example 177']"
CHEMBL5583700,,,,,449.6,4,4,4.02,73.65,7.0,1.0,0.0,9.0,N,0.58,2.0,MOL,-1,33.0,-1.11,C26H35N5O2,COc1cc2c(NC3CCN(C4CC4)CC3)cc(C#N)nc2cc1OCCCN1CCCC1,PUCHZOBUKOKFRK-UHFFFAOYSA-N,"InChI=1S/C26H35N5O2/c1-32-25-16-22-23(28-19-7-12-31(13-8-19)21-5-6-21)15-20(18-27)29-24(22)17-26(25)33-14-4-11-30-9-2-3-10-30/h15-17,19,21H,2-14H2,1H3,(H,28,29)",False,-1,['29'],['4-((1-cyclopropylpiperidin-4-yl)amino)-6-methoxy-7-(3-(pyrrolidin-1-yl)propoxy)quinoline-2-carbonitrile']
CHEMBL5594410,,,,,438.58,2,2,3.13,86.54,8.0,1.0,0.0,9.0,N,0.6,2.0,MOL,-1,32.0,-1.08,C24H34N6O2,COc1cc2c(NCC3CCN(C)CC3)nc(C#N)nc2cc1OCCCN1CCCC1,BYCFGRRIIUNHIZ-UHFFFAOYSA-N,"InChI=1S/C24H34N6O2/c1-29-11-6-18(7-12-29)17-26-24-19-14-21(31-2)22(15-20(19)27-23(16-25)28-24)32-13-5-10-30-8-3-4-9-30/h14-15,18H,3-13,17H2,1-2H3,(H,26,27,28)",False,-1,['22'],['6-methoxy-4-(((1-methylpiperidin-4-yl)methyl)amino)-7-(3-(pyrrolidin-1-yl)propoxy)quinazoline-2-carbonitrile']
CHEMBL5195412,,,,,334.4,1,1,3.84,67.63,4.0,1.0,0.0,3.0,N,0.79,3.0,MOL,-1,25.0,-1.15,C20H19FN4,Cc1cc(CN)cc(C)c1-c1ncn(C)c1-c1ccc(C#N)c(F)c1,QPYDNHCJSHYUMH-UHFFFAOYSA-N,"InChI=1S/C20H19FN4/c1-12-6-14(9-22)7-13(2)18(12)19-20(25(3)11-24-19)15-4-5-16(10-23)17(21)8-15/h4-8,11H,9,22H2,1-3H3",False,-1,['17'],"['4-(4-(4-(aminomethyl)-2,6-dimethylphenyl)-1-methyl-1H-imidazol-5-yl)-2-fluorobenzonitrile']"
CHEMBL5202051,,,,,395.51,1,1,5.84,61.84,4.0,1.0,1.0,4.0,N,0.47,4.0,MOL,-1,30.0,-0.37,C26H25N3O,CCC(O)c1cc(C)c(-c2ncn(C)c2-c2ccc(C#N)c3ccccc23)c(C)c1,AAINTEMWCXUNHW-UHFFFAOYSA-N,"InChI=1S/C26H25N3O/c1-5-23(30)19-12-16(2)24(17(3)13-19)25-26(29(4)15-28-25)22-11-10-18(14-27)20-8-6-7-9-21(20)22/h6-13,15,23,30H,5H2,1-4H3",False,-1,['25'],"['4-(4-(4-(1-hydroxypropyl)-2,6-dimethylphenyl)-1-methyl-1H-imidazol-5-yl)-1-naphthonitrile']"
CHEMBL5830935,,,,,506.59,1,3,3.0,130.23,10.0,2.0,1.0,7.0,N,0.39,4.0,MOL,-1,37.0,-0.74,C26H31FN8O2,COc1ccc(-c2cc(Cn3cnc4c(N)ncnc43)c(N3CCC[C@](N)([C@@H](C)OC)C3)cn2)cc1F,HPXRTEYFJFTMLD-AKJBCIBTSA-N,"InChI=1S/C26H31FN8O2/c1-16(36-2)26(29)7-4-8-34(13-26)21-11-30-20(17-5-6-22(37-3)19(27)9-17)10-18(21)12-35-15-33-23-24(28)31-14-32-25(23)35/h5-6,9-11,14-16H,4,7-8,12-13,29H2,1-3H3,(H2,28,31,32)/t16-,26-/m1/s1",False,-1,['BDBM567893'],"['US11420970, Example 94']"
CHEMBL6039983,,,,,508.58,1,3,3.11,132.0,9.0,3.0,1.0,6.0,N,0.36,4.0,MOL,-1,37.0,-0.8,C26H30F2N8O,CC(C)[C@H](O)[C@@]1(N)CCCN(c2cnc(-c3ccc(F)c(F)c3)cc2Cn2cnc3c(N)ncnc32)C1,YPRBNFUBIQXUAL-JYFHCDHNSA-N,"InChI=1S/C26H30F2N8O/c1-15(2)23(37)26(30)6-3-7-35(12-26)21-10-31-20(16-4-5-18(27)19(28)8-16)9-17(21)11-36-14-34-22-24(29)32-13-33-25(22)36/h4-5,8-10,13-15,23,37H,3,6-7,11-12,30H2,1-2H3,(H2,29,32,33)/t23-,26+/m0/s1",False,-1,['BDBM567897'],"['US11420970, Example 98']"
CHEMBL4742287,,,Unknown,,268.29,1,2,2.97,44.1,2.0,0.0,0.0,3.0,Y,0.86,2.0,MOL,-1,20.0,-2.11,C16H13FN2O,CN(Cc1ccc(F)cc1)C(=O)c1ccc(C#N)cc1,RTMJZHDLXWKYAF-UHFFFAOYSA-N,"InChI=1S/C16H13FN2O/c1-19(11-13-4-8-15(17)9-5-13)16(20)14-6-2-12(10-18)3-7-14/h2-9H,11H2,1H3",False,-1,['3a'],['4-cyano-N-(4-fluorobenzyl)-N-methylbenzamide']
CHEMBL1451931,,,Small molecule,,263.3,62,89,2.58,46.17,3.0,1.0,0.0,3.0,Y,0.87,2.0,MOL,-1,20.0,0.24,C17H13NO2,O=C1C=C(NCc2ccccc2)c2ccccc2C1=O,KXFKWUFYZQYBFH-UHFFFAOYSA-N,"InChI=1S/C17H13NO2/c19-16-10-15(18-11-12-6-2-1-3-7-12)13-8-4-5-9-14(13)17(16)20/h1-10,18H,11H2",False,-1,"['BDBM54927', 'SID24806613']","['4-(benzylamino)-1,2-naphthoquinone::4-(benzylamino)naphthalene-1,2-dione::4-[(phenylmethyl)amino]naphthalene-1,2-dione::MLS000712297::SMR000282064::US9073941, 901::cid_3095209', 'SID24806613']"
CHEMBL1582403,,,Small molecule,,386.46,37,47,4.19,95.16,7.0,1.0,0.0,5.0,N,0.61,2.0,MOL,-1,26.0,-2.12,C17H14N4O3S2,CCC1=NN2C(=N)/C(=C\c3ccc(SCc4ccco4)o3)C(=O)N=C2S1,BQLBXGYOYZGYER-LRVNMVSOSA-N,"InChI=1S/C17H14N4O3S2/c1-2-13-20-21-15(18)12(16(22)19-17(21)26-13)8-10-5-6-14(24-10)25-9-11-4-3-7-23-11/h3-8,18H,2,9H2,1H3/b12-8+,18-15?",False,-1,['SID14733010'],['SID14733010']
CHEMBL1556805,,,Small molecule,,434.95,57,98,5.0,7.12,2.0,0.0,1.0,5.0,N,0.47,3.0,MOL,-1,24.0,-0.68,C21H23ClN2O4S,CC[n+]1c(/C=C/C=C/c2ccc(N(C)C)cc2)sc2ccccc21.[O-][Cl+3]([O-])([O-])[O-],FWTLKTVVDHEQMM-UHFFFAOYSA-M,"InChI=1S/C21H23N2S.ClHO4/c1-4-23-19-10-6-7-11-20(19)24-21(23)12-8-5-9-17-13-15-18(16-14-17)22(2)3;2-1(3,4)5/h5-16H,4H2,1-3H3;(H,2,3,4,5)/q+1;/p-1",False,-1,['SID26662188'],['SID26662188']
CHEMBL1439735,,,Small molecule,,371.38,31,37,1.15,144.22,9.0,3.0,0.0,6.0,N,0.33,3.0,MOL,-1,26.0,-1.85,C16H13N5O4S,NC(=O)c1ccc(-n2nnnc2SCC(=O)c2ccc(O)c(O)c2)cc1,IORNAGYAHIJMSI-UHFFFAOYSA-N,"InChI=1S/C16H13N5O4S/c17-15(25)9-1-4-11(5-2-9)21-16(18-19-20-21)26-8-14(24)10-3-6-12(22)13(23)7-10/h1-7,22-23H,8H2,(H2,17,25)",False,-1,"['SID24821381', 'SID56373643']","['SID24821381', 'SID56373643']"
CHEMBL505670,,,Small molecule,,290.26,98,160,1.92,109.0,7.0,0.0,0.0,3.0,N,0.31,3.0,MOL,-1,20.0,-1.38,C11H6N4O4S,O=[N+]([O-])c1ccc(Sc2cccc[n+]2[O-])c2nonc12,ICCFXXDUYSPKOL-UHFFFAOYSA-N,InChI=1S/C11H6N4O4S/c16-14-6-2-1-3-9(14)20-8-5-4-7(15(17)18)10-11(8)13-19-12-10/h1-6H,False,-1,"['3e; NSC228155', 'SID26666864', 'NSC228155', '1, NSC228155', 'NSC-228155', 'NSC228155', 'NSC228155', '0228155:01', 'EOS100077', 'NSC228155', 'EOS100077', 'EOS100077']","['2-(7-nitrobenzo[c][1,2,5]oxadiazol-4-ylthio)pyridine 1-oxide', 'SID26666864', 'NSC228155', '2-[(7-nitrobenzo[c][1,2,5]oxadiazol-4-yl)thio]pyridine 1-oxide', '4-Nitro-7-(1-oxy-pyridin-2-ylsulfanyl)-benzo[1,2,5]oxadiazole', '2-(7-nitrobenzo[c][1,2,5]oxadiazol-4-ylthio)pyridine 1-oxide', '2-(7-nitrobenzo[c][1,2,5]oxadiazol-4-ylthio)pyridine 1-oxide', 'CO-ADD:0136454', 'NSC228155', 'NSC228155', 'NSC228155', 'NSC228155']"
CHEMBL1389371,,,Small molecule,,417.47,28,35,3.47,104.29,7.0,2.0,0.0,6.0,N,0.47,4.0,MOL,-1,31.0,-1.17,C23H23N5O3,CCCCNC(=O)c1c(N)n(Cc2ccc3c(c2)OCO3)c2nc3ccccc3nc12,ZFBNEONZIBBYDW-UHFFFAOYSA-N,"InChI=1S/C23H23N5O3/c1-2-3-10-25-23(29)19-20-22(27-16-7-5-4-6-15(16)26-20)28(21(19)24)12-14-8-9-17-18(11-14)31-13-30-17/h4-9,11H,2-3,10,12-13,24H2,1H3,(H,25,29)",False,-1,['SID14743451'],['SID14743451']
CHEMBL5436306,,,,,383.78,1,1,2.0,79.37,5.0,1.0,0.0,5.0,N,0.84,1.0,MOL,-1,26.0,-0.62,C17H16ClF2N3O3,CC(F)(F)C(=O)NCCC1CN(C2=C(Cl)C(=O)c3cccnc3C2=O)C1,KQILXJHCHUQJOK-UHFFFAOYSA-N,"InChI=1S/C17H16ClF2N3O3/c1-17(19,20)16(26)22-6-4-9-7-23(8-9)13-11(18)14(24)10-3-2-5-21-12(10)15(13)25/h2-3,5,9H,4,6-8H2,1H3,(H,22,26)",False,-1,['14m'],"['N-(2-(1-(6-chloro-5,8-dioxo-5,8-dihydroquinolin-7-yl)azetidin-3-yl)ethyl)-2,2-difluoropropanamide']"
CHEMBL5170326,,,,,422.58,1,1,6.28,53.64,4.0,1.0,1.0,4.0,N,0.42,4.0,MOL,-1,32.0,-0.8,C28H30N4,Cc1cc(CNC(C)(C)C)cc(C)c1-c1ncn(C)c1-c1ccc(C#N)c2ccccc12,RCDJMPWHSRTIDC-UHFFFAOYSA-N,"InChI=1S/C28H30N4/c1-18-13-20(16-31-28(3,4)5)14-19(2)25(18)26-27(32(6)17-30-26)24-12-11-21(15-29)22-9-7-8-10-23(22)24/h7-14,17,31H,16H2,1-6H3",False,-1,['31'],"['4-(4-(4-((tert-butylamino)methyl)-2,6-dimethylphenyl)-1-methyl-1H-imidazol-5-yl)-1-naphthonitrile']"
CHEMBL1324749,,,Small molecule,,442.63,14,25,4.49,68.1,8.0,1.0,0.0,8.0,N,0.52,3.0,MOL,-1,31.0,-2.34,C23H34N6OS,CCN(CC)CCCNc1nc(-n2nc(C)cc2C)nc2sc3c(c12)CC(C)(C)OC3,KCGDIPHRRPJODH-UHFFFAOYSA-N,"InChI=1S/C23H34N6OS/c1-7-28(8-2)11-9-10-24-20-19-17-13-23(5,6)30-14-18(17)31-21(19)26-22(25-20)29-16(4)12-15(3)27-29/h12H,7-11,13-14H2,1-6H3,(H,24,25,26)",False,-1,['SID26659062'],['SID26659062']
CHEMBL1497005,,,Small molecule,,196.25,13,16,3.34,15.6,2.0,0.0,0.0,0.0,N,0.63,2.0,MOL,-1,15.0,-0.48,C13H12N2,CC1=Nc2cccc3cccc(c23)N1C,STQXWPANZYEXBI-UHFFFAOYSA-N,"InChI=1S/C13H12N2/c1-9-14-11-7-3-5-10-6-4-8-12(13(10)11)15(9)2/h3-8H,1-2H3",False,-1,['SID22413123'],['SID22413123']
CHEMBL1518767,,,Small molecule,,237.24,37,56,1.42,86.63,5.0,3.0,0.0,1.0,N,0.64,1.0,MOL,-1,16.0,-0.48,C10H7NO4S,O=C1NC(=O)/C(=C\c2ccc(O)cc2O)S1,CPVBTHMWQGHRIR-FPYGCLRLSA-N,"InChI=1S/C10H7NO4S/c12-6-2-1-5(7(13)4-6)3-8-9(14)11-10(15)16-8/h1-4,12-13H,(H,11,14,15)/b8-3+",False,-1,['SID24786862'],['SID24786862']
CHEMBL1454614,,,Small molecule,,243.26,51,92,1.13,46.61,4.0,0.0,0.0,1.0,N,0.69,1.0,MOL,-1,18.0,-0.03,C14H13NO3,O=C1C=C(N2CCOCC2)c2ccccc2C1=O,CGVPOLUKPMAOAN-UHFFFAOYSA-N,"InChI=1S/C14H13NO3/c16-13-9-12(15-5-7-18-8-6-15)10-3-1-2-4-11(10)14(13)17/h1-4,9H,5-8H2",False,-1,['SID49642589'],['SID49642589']
CHEMBL5618866,,,,,407.52,2,3,3.77,71.54,7.0,2.0,0.0,7.0,N,0.62,3.0,MOL,-1,30.0,-1.04,C23H29N5O2,CNc1nc(NC2CCN(Cc3ccccc3)CC2)c2cc(OC)c(OC)cc2n1,ACMFIUXIFHKHME-UHFFFAOYSA-N,"InChI=1S/C23H29N5O2/c1-24-23-26-19-14-21(30-3)20(29-2)13-18(19)22(27-23)25-17-9-11-28(12-10-17)15-16-7-5-4-6-8-16/h4-8,13-14,17H,9-12,15H2,1-3H3,(H2,24,25,26,27)",False,-1,['12'],"['N4-(1-Benzylpiperidin-4-yl)-6,7-dimethoxy-N2-methylquinazoline-2,4-diamine']"
CHEMBL3196993,,,Small molecule,,378.41,34,48,0.79,127.51,9.0,4.0,0.0,5.0,N,0.34,2.0,MOL,-1,26.0,-1.92,C16H18N4O5S,O=C(Cc1csc(N2CCOCC2)n1)N/N=C/c1ccc(O)c(O)c1O,JCHNLKWQETXWGW-CAOOACKPSA-N,"InChI=1S/C16H18N4O5S/c21-12-2-1-10(14(23)15(12)24)8-17-19-13(22)7-11-9-26-16(18-11)20-3-5-25-6-4-20/h1-2,8-9,21,23-24H,3-7H2,(H,19,22)/b17-8+",False,-1,['SID24837012'],['SID24837012']
CHEMBL3198994,,,Small molecule,,293.75,41,54,2.53,55.4,4.0,1.0,0.0,6.0,N,0.82,1.0,MOL,-1,20.0,-0.5,C15H16ClNO3,CCOCCCNC1=C(Cl)C(=O)c2ccccc2C1=O,LWVORGVUNADPOT-UHFFFAOYSA-N,"InChI=1S/C15H16ClNO3/c1-2-20-9-5-8-17-13-12(16)14(18)10-6-3-4-7-11(10)15(13)19/h3-4,6-7,17H,2,5,8-9H2,1H3",False,-1,['SID26660201'],['SID26660201']
CHEMBL5532580,,,,,443.51,2,3,2.81,98.89,8.0,2.0,0.0,6.0,N,0.48,4.0,MOL,-1,33.0,-1.15,C24H25N7O2,Cc1cc(CNCc2ncnn2C)ccc1-c1ncn(C)c1-c1ccc2c(c1)OCC(=O)N2,HUWXNQUPNJTKDZ-UHFFFAOYSA-N,"InChI=1S/C24H25N7O2/c1-15-8-16(10-25-11-21-26-13-28-31(21)3)4-6-18(15)23-24(30(2)14-27-23)17-5-7-19-20(9-17)33-12-22(32)29-19/h4-9,13-14,25H,10-12H2,1-3H3,(H,29,32)",False,-1,['23'],"['7-(1-Methyl-4-(2-methyl-4-((((1-methyl-1H-1,2,4-triazol-5-yl)methyl)amino)methyl)phenyl)-1H-imidazol-5-yl)-2H-benzo[b][1,4]oxazin-3(4H)-one']"
CHEMBL5562861,,,,,362.39,2,4,2.49,99.24,5.0,2.0,0.0,3.0,N,0.75,3.0,MOL,-1,27.0,-0.92,C20H18N4O3,Cc1cc(C(N)=O)ccc1-c1ncn(C)c1-c1ccc2c(c1)OCC(=O)N2,NMBPINFRTFCTEF-UHFFFAOYSA-N,"InChI=1S/C20H18N4O3/c1-11-7-13(20(21)26)3-5-14(11)18-19(24(2)10-22-18)12-4-6-15-16(8-12)27-9-17(25)23-15/h3-8,10H,9H2,1-2H3,(H2,21,26)(H,23,25)",False,-1,['5'],"['3-methyl-4-[1-methyl-5-(3-oxo-4H-1,4-benzoxazin-7-yl)imidazol-4-yl]benzamide']"
CHEMBL4454921,,,Unknown,,507.55,4,13,0.49,185.87,11.0,5.0,2.0,9.0,N,0.21,4.0,MOL,-1,37.0,0.25,C25H29N7O5,Nc1ncnc2c1ncn2[C@@H]1O[C@H](CN(CC[C@H](N)C(=O)O)Cc2ccc3ccccc3c2)[C@@H](O)[C@H]1O,FISQGTLCZLBIAR-XCPBYIKRSA-N,"InChI=1S/C25H29N7O5/c26-17(25(35)36)7-8-31(10-14-5-6-15-3-1-2-4-16(15)9-14)11-18-20(33)21(34)24(37-18)32-13-30-19-22(27)28-12-29-23(19)32/h1-6,9,12-13,17-18,20-21,24,33-34H,7-8,10-11,26H2,(H,35,36)(H2,27,28,29)/t17-,18+,20+,21+,24+/m0/s1",False,-1,"['78', '3; GYZ-78']","['(S)-2-Amino-4-((((2R,3S,4R,5R)-5-(6-amino-9H-purin-9-yl)-3,4-dihydroxytetrahydrofuran-2-yl)methyl)(naphthalen-2-ylmethyl)amino)butanoic Acid', '(S)-2-amino-4-((((2R,3S,4R,5R)-5-(6-amino-9H-purin-9-yl)-3,4-dihydroxytetrahydrofuran-2-yl)methyl)(naphthalen-2-ylmethyl)amino)butanoic acid']"
CHEMBL3780926,,,Small molecule,,218.34,32,40,1.9,29.26,2.0,1.0,0.0,4.0,N,0.84,1.0,MOL,-1,16.0,-0.62,C14H22N2,NCCN1CCC(Cc2ccccc2)CC1,PCNDXYHWLSHXMV-UHFFFAOYSA-N,"InChI=1S/C14H22N2/c15-8-11-16-9-6-14(7-10-16)12-13-4-2-1-3-5-13/h1-5,14H,6-12,15H2",False,-1,['7'],['2-(4-benzylpiperidin-1-yl)ethanamine']
CHEMBL1535938,,,Small molecule,,278.31,46,69,3.24,43.37,3.0,0.0,0.0,3.0,N,0.87,2.0,MOL,-1,21.0,0.8,C18H14O3,COc1ccc(CC2=CC(=O)c3ccccc3C2=O)cc1,HZDGZAXBWMQSSX-UHFFFAOYSA-N,"InChI=1S/C18H14O3/c1-21-14-8-6-12(7-9-14)10-13-11-17(19)15-4-2-3-5-16(15)18(13)20/h2-9,11H,10H2,1H3",False,-1,['SID47196251'],['SID47196251']
CHEMBL1440160,,,Small molecule,,328.76,30,41,2.97,93.35,4.0,3.0,0.0,4.0,N,0.46,2.0,MOL,-1,23.0,-0.71,C17H13ClN2O3,N#C/C(=C/c1ccc(O)c(O)c1)C(=O)NCc1ccc(Cl)cc1,WVOXRYIKDPXAGZ-QPEQYQDCSA-N,"InChI=1S/C17H13ClN2O3/c18-14-4-1-11(2-5-14)10-20-17(23)13(9-19)7-12-3-6-15(21)16(22)8-12/h1-8,21-22H,10H2,(H,20,23)/b13-7-",False,-1,['SID49675665'],['SID49675665']
CHEMBL5076615,,,Unknown,,394.49,2,3,4.4,51.37,3.0,2.0,0.0,4.0,N,0.69,3.0,MOL,-1,29.0,-1.82,C23H27FN4O,Cc1ccc(F)c2cc(C(=O)Nc3cccc(N4CCC(N(C)C)CC4)c3)[nH]c12,GBIAQCRLFDZGOQ-UHFFFAOYSA-N,"InChI=1S/C23H27FN4O/c1-15-7-8-20(24)19-14-21(26-22(15)19)23(29)25-16-5-4-6-18(13-16)28-11-9-17(10-12-28)27(2)3/h4-8,13-14,17,26H,9-12H2,1-3H3,(H,25,29)",False,-1,"['20', '6']","['N-(3-(4-(dimethylamino)piperidin-1-yl)phenyl)-4-fluoro-7-methyl-1H-indole-2-carboxamide', 'N-[3-[4-(dimethylamino)-1-piperidyl]phenyl]-4-fluoro-7-methyl-1H-indole-2-carboxamide']"
CHEMBL5440868,,,,,429.78,1,1,1.61,108.39,6.0,3.0,0.0,4.0,N,0.67,1.0,MOL,-1,29.0,-0.15,C18H15ClF3N3O4,C[C@@](O)(C(=O)NC12CC(NC3=C(Cl)C(=O)c4cccnc4C3=O)(C1)C2)C(F)(F)F,WKHWLIIGJCKEDM-KLAILNCOSA-N,"InChI=1S/C18H15ClF3N3O4/c1-15(29,18(20,21)22)14(28)25-17-5-16(6-17,7-17)24-11-9(19)12(26)8-3-2-4-23-10(8)13(11)27/h2-4,24,29H,5-7H2,1H3,(H,25,28)/t15-,16?,17?/m1/s1",False,-1,['14d'],"['(R)-N-(3-((6-chloro-5,8-dioxo-5,8-dihydroquinolin-7-yl)amino)bicyclo[1.1.1]pentan-1-yl)-3,3,3-trifluoro-2-hydroxy-2-methylpropanamide']"
CHEMBL5407427,,,,,395.34,1,1,1.04,108.39,6.0,3.0,0.0,4.0,N,0.7,1.0,MOL,-1,28.0,0.15,C18H16F3N3O4,C[C@@](O)(C(=O)NC12CC(NC3=CC(=O)c4ncccc4C3=O)(C1)C2)C(F)(F)F,SRYBOQXSPQGCML-KLAILNCOSA-N,"InChI=1S/C18H16F3N3O4/c1-15(28,18(19,20)21)14(27)24-17-6-16(7-17,8-17)23-10-5-11(25)12-9(13(10)26)3-2-4-22-12/h2-5,23,28H,6-8H2,1H3,(H,24,27)/t15-,16?,17?/m1/s1",False,-1,['15d'],"['(R)-N-(3-((7-chloro-5,8-dioxo-5,8-dihydroquinolin-6-yl)amino)bicyclo[1.1.1]pentan-1-yl)-3,3,3-trifluoro-2-hydroxy-2-methylpropanamide']"
CHEMBL5207536,,,,,318.38,1,1,3.09,76.86,5.0,1.0,0.0,4.0,N,0.8,3.0,MOL,-1,24.0,-0.77,C19H18N4O,COc1cc(CN)ccc1-c1ncn(C)c1-c1ccc(C#N)cc1,BQAILKWZTQNDNZ-UHFFFAOYSA-N,"InChI=1S/C19H18N4O/c1-23-12-22-18(16-8-5-14(11-21)9-17(16)24-2)19(23)15-6-3-13(10-20)4-7-15/h3-9,12H,11,21H2,1-2H3",False,-1,['6'],['4-(4-(4-(aminomethyl)-2-methoxyphenyl)-1-methyl-1H-imidazol-5-yl)benzonitrile']
CHEMBL5173044,,,,,365.44,1,1,5.21,58.68,4.0,0.0,1.0,3.0,N,0.47,4.0,MOL,-1,28.0,-0.51,C24H19N3O,Cc1cc(C=O)cc(C)c1-c1ncn(C)c1-c1ccc(C#N)c2ccccc12,MPIMWWSLDGZTRB-UHFFFAOYSA-N,"InChI=1S/C24H19N3O/c1-15-10-17(13-28)11-16(2)22(15)23-24(27(3)14-26-23)21-9-8-18(12-25)19-6-4-5-7-20(19)21/h4-11,13-14H,1-3H3",False,-1,['22'],"['4-(4-(4-formyl-2,6-dimethylphenyl)-1-methyl-1H-imidazol-5-yl)-1-naphthonitrile']"
CHEMBL3191670,,,Small molecule,,377.4,23,29,3.39,111.02,5.0,4.0,0.0,5.0,N,0.31,3.0,MOL,-1,28.0,-0.99,C21H19N3O4,C/C(CC(=O)Nc1ccc2ccccc2c1)=N\NC(=O)c1ccc(O)c(O)c1,HIANALPANJMDTK-YDZHTSKRSA-N,"InChI=1S/C21H19N3O4/c1-13(23-24-21(28)16-7-9-18(25)19(26)12-16)10-20(27)22-17-8-6-14-4-2-3-5-15(14)11-17/h2-9,11-12,25-26H,10H2,1H3,(H,22,27)(H,24,28)/b23-13+",False,-1,['SID49725935'],['SID49725935']
CHEMBL4295236,,,Small molecule,,347.42,3,3,4.6,77.91,3.0,2.0,0.0,4.0,N,0.72,3.0,MOL,-1,26.0,-1.01,C21H21N3O2,CC(C)(C)C(=O)Nc1[nH]c2ccc(OCc3ccccc3)cc2c1C#N,GPOSSEXBGJCWHA-UHFFFAOYSA-N,"InChI=1S/C21H21N3O2/c1-21(2,3)20(25)24-19-17(12-22)16-11-15(9-10-18(16)23-19)26-13-14-7-5-4-6-8-14/h4-11,23H,13H2,1-3H3,(H,24,25)",False,-1,['4'],['N-(5-(benzyloxy)-3-cyano-1H-indol-2-yl)pivalamide']
CHEMBL4752461,,,Unknown,,276.34,1,2,3.54,44.1,2.0,0.0,0.0,2.0,N,0.84,2.0,MOL,-1,21.0,-1.43,C18H16N2O,N#Cc1ccc(C(=O)N2CCCC2c2ccccc2)cc1,OECRRFQZOUXUPL-UHFFFAOYSA-N,"InChI=1S/C18H16N2O/c19-13-14-8-10-16(11-9-14)18(21)20-12-4-7-17(20)15-5-2-1-3-6-15/h1-3,5-6,8-11,17H,4,7,12H2",False,-1,['2a'],['4-(2-phenylpyrrolidine-1-carbonyl)benzonitrile']
CHEMBL1569215,,,Small molecule,,408.8,43,53,3.76,99.85,4.0,2.0,0.0,4.0,N,0.51,3.0,MOL,-1,29.0,-1.28,C21H13ClN2O5,O=C1NN(c2ccc(Cl)cc2)C(=O)/C1=C\c1ccc(-c2cccc(C(=O)O)c2)o1,OJWXVAZPRPROLV-BOPFTXTBSA-N,"InChI=1S/C21H13ClN2O5/c22-14-4-6-15(7-5-14)24-20(26)17(19(25)23-24)11-16-8-9-18(29-16)12-2-1-3-13(10-12)21(27)28/h1-11H,(H,23,25)(H,27,28)/b17-11-",False,-1,['SID24803696'],['SID24803696']
CHEMBL1573779,,,Small molecule,,475.66,14,19,3.44,73.66,7.0,2.0,0.0,12.0,N,0.21,2.0,MOL,-1,33.0,-0.81,C24H37N5O3S,CCN(CC)CCCN(Cc1cc2cc3c(cc2nc1O)OCO3)C(S)=NCCCN(C)C,AJEHNNVDEZAAHB-UHFFFAOYSA-N,"InChI=1S/C24H37N5O3S/c1-5-28(6-2)11-8-12-29(24(33)25-9-7-10-27(3)4)16-19-13-18-14-21-22(32-17-31-21)15-20(18)26-23(19)30/h13-15H,5-12,16-17H2,1-4H3,(H,25,33)(H,26,30)",False,-1,"['SID49644654', 'D-A13']","['SID49644654', '1-(3-(diethylamino)propyl)-3-(3-(dimethylamino)propyl)-1-((6-oxo-5,6-dihydro-[1,3]dioxolo[4,5-g]quinolin-7-yl)methyl)thiourea']"
CHEMBL1415156,,,Small molecule,,458.28,44,52,5.05,96.74,6.0,1.0,1.0,3.0,N,0.41,5.0,MOL,-1,30.0,-1.82,C22H12BrN5O2,N#Cc1c(NC(=O)c2ccc(Br)o2)n(-c2ccccc2)c2nc3ccccc3nc12,NGFYSVJWYNOJNU-UHFFFAOYSA-N,"InChI=1S/C22H12BrN5O2/c23-18-11-10-17(30-18)22(29)27-20-14(12-24)19-21(28(20)13-6-2-1-3-7-13)26-16-9-5-4-8-15(16)25-19/h1-11H,(H,27,29)",False,-1,"['SID24840976', 'SID857569']","['SID24840976', 'SID857569']"
CHEMBL1421172,,,Small molecule,,304.37,46,60,2.26,62.55,4.0,1.0,0.0,5.0,N,0.51,1.0,MOL,-1,21.0,-1.32,C15H16N2O3S,CCCCN1C(=O)/C(=C/C=C/c2ccco2)C(=O)NC1=S,SULBKQYHOFOKGZ-RZYXTZOYSA-N,"InChI=1S/C15H16N2O3S/c1-2-3-9-17-14(19)12(13(18)16-15(17)21)8-4-6-11-7-5-10-20-11/h4-8,10H,2-3,9H2,1H3,(H,16,18,21)/b6-4+,12-8+",False,-1,['SID17512316'],['SID17512316']
CHEMBL1400512,,,Small molecule,,542.39,64,93,5.34,98.77,6.0,1.0,2.0,8.0,N,0.45,2.0,MOL,-1,32.0,-0.16,C22H25BrNO6PS,CC(C)OP(=O)(OC(C)C)C1(NS(=O)(=O)c2ccccc2)C=C(Br)C(=O)c2ccccc21,WYWVFHQWDDIXIR-UHFFFAOYSA-N,"InChI=1S/C22H25BrNO6PS/c1-15(2)29-31(26,30-16(3)4)22(24-32(27,28)17-10-6-5-7-11-17)14-20(23)21(25)18-12-8-9-13-19(18)22/h5-16,24H,1-4H3",False,-1,"['SID14742534', 'SID87347760']","['SID14742534', 'SID87347760']"
CHEMBL1447211,,,Small molecule,,408.42,49,65,4.65,136.93,6.0,2.0,0.0,3.0,N,0.64,3.0,MOL,-1,31.0,-0.96,C24H16N4O3,CC1=C(C#N)c2nc(N)c(C#N)c(C)c2/C1=C\c1ccc(-c2ccccc2C(=O)O)o1,YAMTZUZWURNHAX-MFOYZWKCSA-N,"InChI=1S/C24H16N4O3/c1-12-17(21-13(2)19(11-26)23(27)28-22(21)18(12)10-25)9-14-7-8-20(31-14)15-5-3-4-6-16(15)24(29)30/h3-9H,1-2H3,(H2,27,28)(H,29,30)/b17-9-",False,-1,"['SID24820887', 'SID104219500']","['SID24820887', 'SID104219500']"
CHEMBL1411403,,,Small molecule,,339.37,37,50,4.36,79.54,4.0,2.0,0.0,5.0,N,0.68,3.0,MOL,-1,24.0,-1.16,C18H13NO4S,O=C(/C=C/c1ccco1)Nc1scc(-c2ccccc2)c1C(=O)O,WWJDTCKZONJWRU-CMDGGOBGSA-N,"InChI=1S/C18H13NO4S/c20-15(9-8-13-7-4-10-23-13)19-17-16(18(21)22)14(11-24-17)12-5-2-1-3-6-12/h1-11H,(H,19,20)(H,21,22)/b9-8+",False,-1,['SID26671495'],['SID26671495']
CHEMBL3590526,,,Small molecule,,577.55,44,54,4.33,102.93,6.0,4.0,1.0,13.0,N,0.26,2.0,MOL,-1,39.0,-1.04,C29H38Cl2N4O4,O=C1COc2c(cccc2[C@@H](O)CNCCN(C(=O)CCNCCc2ccc(Cl)c(Cl)c2)C2CCCCC2)N1,WVRBXBROEPXZHF-SANMLTNESA-N,"InChI=1S/C29H38Cl2N4O4/c30-23-10-9-20(17-24(23)31)11-13-32-14-12-28(38)35(21-5-2-1-3-6-21)16-15-33-18-26(36)22-7-4-8-25-29(22)39-19-27(37)34-25/h4,7-10,17,21,26,32-33,36H,1-3,5-6,11-16,18-19H2,(H,34,37)/t26-/m0/s1",False,-1,"['23a, A-893', 'EUB0002483a', 'BDBM50095537']","['(R)-N-cyclohexyl-3-(3,4-dichlorophenethylamino)-N-(2-(2-hydroxy-2-(3-oxo-3,4-dihydro-2H-benzo[b][1,4]oxazin-8-yl)ethylamino)ethyl)propanamide', 'A-893', 'CHEMBL3590526::US9598381, 1a (S enantiomer)']"
CHEMBL1598762,,,Small molecule,,432.27,28,44,4.26,66.88,6.0,0.0,0.0,6.0,N,0.54,3.0,MOL,-1,27.0,0.02,C20H18BrNO5,COc1cc(Br)c(C(=O)c2nccc3cc(OC)c(OC)cc23)cc1OC,KNIHFXMFUCCLGH-UHFFFAOYSA-N,"InChI=1S/C20H18BrNO5/c1-24-15-7-11-5-6-22-19(12(11)8-16(15)25-2)20(23)13-9-17(26-3)18(27-4)10-14(13)21/h5-10H,1-4H3",False,-1,"['SID104222656', 'SID47199811']","['SID104222656', 'SID47199811']"
CHEMBL4785465,,,Unknown,,310.78,1,2,4.19,44.1,2.0,0.0,0.0,2.0,N,0.83,2.0,MOL,-1,22.0,-1.59,C18H15ClN2O,N#Cc1ccc(C(=O)N2CCCC2c2ccc(Cl)cc2)cc1,XJPAFFIKAUYDIG-UHFFFAOYSA-N,"InChI=1S/C18H15ClN2O/c19-16-9-7-14(8-10-16)17-2-1-11-21(17)18(22)15-5-3-13(12-20)4-6-15/h3-10,17H,1-2,11H2",False,-1,['2'],['4-(2-(4-chlorophenyl)pyrrolidine-1-carbonyl)benzonitrile']
CHEMBL4756612,,,Unknown,,277.33,1,2,2.93,56.99,3.0,0.0,0.0,2.0,Y,0.85,2.0,MOL,-1,21.0,-1.57,C17H15N3O,N#Cc1ccc(C(=O)N2CCCC2c2ccncc2)cc1,FGGQYJPFNJAXLQ-UHFFFAOYSA-N,"InChI=1S/C17H15N3O/c18-12-13-3-5-15(6-4-13)17(21)20-11-1-2-16(20)14-7-9-19-10-8-14/h3-10,16H,1-2,11H2",False,-1,['2c'],['4-(2-(pyridin-4-yl)pyrrolidine-1-carbonyl)benzonitrile']
CHEMBL5570019,,,,,513.4,10,35,2.52,146.28,9.0,5.0,1.0,5.0,N,0.35,3.0,MOL,-1,33.0,0.39,C23H25BrN6O3,Nc1nc2cc(CC[C@H]3C[C@@H](Nc4ncnc5c4C(=O)CCN5)[C@H](O)[C@@H]3O)ccc2cc1Br,ZKGZTDISFHHJHP-DFXFOWLGSA-N,"InChI=1S/C23H25BrN6O3/c24-14-8-12-3-1-11(7-15(12)29-21(14)25)2-4-13-9-16(20(33)19(13)32)30-23-18-17(31)5-6-26-22(18)27-10-28-23/h1,3,7-8,10,13,16,19-20,32-33H,2,4-6,9H2,(H2,25,29)(H2,26,27,28,30)/t13-,16+,19+,20-/m0/s1",False,-1,['A2'],"['4-(((1R,2S,3R,4S)-4-(2-(2-amino-3-bromoquinolin-7-yl)ethyl)-2,3-dihydroxycyclopentyl)amino)-7,8-dihydropyrido[2,3-d]pyrimidin-5(6H)-one']"
CHEMBL4863964,,,Unknown,,297.38,1,1,3.32,46.17,2.0,1.0,0.0,4.0,N,0.8,3.0,MOL,-1,21.0,-1.27,C17H15NO2S,O=S(=O)(NCc1ccccc1)c1cccc2ccccc12,ZCMTYVMLHHPNJB-UHFFFAOYSA-N,"InChI=1S/C17H15NO2S/c19-21(20,18-13-14-7-2-1-3-8-14)17-12-6-10-15-9-4-5-11-16(15)17/h1-12,18H,13H2",False,-1,['11r'],['N-benzylnaphthalene-1-sulfonamide']
CHEMBL1537618,,,Small molecule,,410.88,19,23,1.94,98.15,6.0,2.0,0.0,5.0,N,0.58,2.0,MOL,-1,27.0,-1.42,C18H19ClN2O5S,O=C(CN1CCN(S(=O)(=O)c2ccc(Cl)cc2)CC1)c1ccc(O)c(O)c1,CEZPASRHUVNIKD-UHFFFAOYSA-N,"InChI=1S/C18H19ClN2O5S/c19-14-2-4-15(5-3-14)27(25,26)21-9-7-20(8-10-21)12-18(24)13-1-6-16(22)17(23)11-13/h1-6,11,22-23H,7-10,12H2",False,-1,['SID49717126'],['SID49717126']
CHEMBL5592110,,,,,250.3,1,1,3.73,44.89,1.0,2.0,0.0,2.0,N,0.71,3.0,MOL,-1,19.0,-1.43,C16H14N2O,Cc1cccc2cc(C(=O)Nc3ccccc3)[nH]c12,IEEMQZYPIOENMT-UHFFFAOYSA-N,"InChI=1S/C16H14N2O/c1-11-6-5-7-12-10-14(18-15(11)12)16(19)17-13-8-3-2-4-9-13/h2-10,18H,1H3,(H,17,19)",False,-1,['4'],['7-methyl-N-phenyl-1H-indole-2-carboxamide']
CHEMBL5085128,,,Unknown,,337.4,2,2,4.2,57.78,2.0,2.0,0.0,4.0,N,0.75,3.0,MOL,-1,25.0,-1.14,C20H20FN3O,Cc1cccnc1C(NC(=O)c1cc2c(F)ccc(C)c2[nH]1)C1CC1,IYOJRUQOOVAGRU-UHFFFAOYSA-N,"InChI=1S/C20H20FN3O/c1-11-4-3-9-22-18(11)19(13-6-7-13)24-20(25)16-10-14-15(21)8-5-12(2)17(14)23-16/h3-5,8-10,13,19,23H,6-7H2,1-2H3,(H,24,25)",False,-1,"['8', '5']","['N-(cyclopropyl(3-methylpyridin-2-yl)methyl)-4-fluoro-7-methyl-1H-indole-2-carboxamide', 'N-[cyclopropyl-(3-methyl-2-pyridyl)methyl]-4-fluoro-7-methyl-1H-indole-2-carboxamide']"
CHEMBL5560061,,,,,270.3,2,2,1.07,104.87,7.0,2.0,0.0,4.0,N,0.69,3.0,MOL,-1,20.0,-0.96,C13H14N6O,Nc1ccc(OCCn2cnc3c(N)ncnc32)cc1,DJWIIFBFICUZJT-UHFFFAOYSA-N,"InChI=1S/C13H14N6O/c14-9-1-3-10(4-2-9)20-6-5-19-8-18-11-12(15)16-7-17-13(11)19/h1-4,7-8H,5-6,14H2,(H2,15,16,17)",False,-1,['7'],['9-(2-(4-aminophenoxy)ethyl)-9H-purin-6-amine']
CHEMBL5590338,,,,,451.62,4,4,4.26,73.65,7.0,1.0,0.0,9.0,N,0.57,2.0,MOL,-1,33.0,-1.25,C26H37N5O2,COc1cc2c(NC3CCN(C(C)C)CC3)cc(C#N)nc2cc1OCCCN1CCCC1,ABOYMKZJGPBYCR-UHFFFAOYSA-N,"InChI=1S/C26H37N5O2/c1-19(2)31-12-7-20(8-13-31)28-23-15-21(18-27)29-24-17-26(25(32-3)16-22(23)24)33-14-6-11-30-9-4-5-10-30/h15-17,19-20H,4-14H2,1-3H3,(H,28,29)",False,-1,['28'],['4-((1-isopropylpiperidin-4-yl)amino)-6-methoxy-7-(3-(pyrrolidin-1-yl)propoxy)quinoline-2-carbonitrile']
CHEMBL1310353,,,Small molecule,,265.18,42,58,0.28,122.76,6.0,1.0,0.0,2.0,N,0.35,1.0,MOL,-1,19.0,-1.45,C10H7N3O6,CN1C(=O)NC(=O)/C(=C/c2ccc([N+](=O)[O-])o2)C1=O,JDXMQMFUMIPHFW-XQRVVYSFSA-N,"InChI=1S/C10H7N3O6/c1-12-9(15)6(8(14)11-10(12)16)4-5-2-3-7(19-5)13(17)18/h2-4H,1H3,(H,11,14,16)/b6-4-",False,-1,['SID26670839'],['SID26670839']
CHEMBL1567396,,,Small molecule,,257.29,57,75,2.43,66.4,3.0,2.0,0.0,2.0,N,0.63,1.0,MOL,-1,19.0,0.14,C15H15NO3,CC(=O)c1ccc2c(c1)C1C=CCC1C(C(=O)O)N2,MAHHEUJIITYGOD-UHFFFAOYSA-N,"InChI=1S/C15H15NO3/c1-8(17)9-5-6-13-12(7-9)10-3-2-4-11(10)14(16-13)15(18)19/h2-3,5-7,10-11,14,16H,4H2,1H3,(H,18,19)",False,-1,"['SID24801477', 'SID125317283', '1d; Fig 3, Cpd 22-2, CU-4, 75', 'BDBM48826']","['SID24801477', 'SID125317283', '8-acetyl-3a,4,5,9b-tetrahydro-3H-cyclopenta[c]quinoline-4-carboxylic acid', '8-acetyl-3a,4,5,9b-tetrahydro-3H-cyclopenta[c]quinoline-4-carboxylic acid::8-ethanoyl-3a,4,5,9b-tetrahydro-3H-cyclopenta[c]quinoline-4-carboxylic acid::MLS000713690::SMR000273171::US11584714, Compound 30::cid_3136298']"
CHEMBL1577193,,,Small molecule,,290.27,30,42,0.63,93.06,6.0,2.0,0.0,2.0,N,0.78,1.0,MOL,-1,21.0,0.58,C15H14O6,CCOC(=O)C1=C(C)OC2(O)c3ccccc3C(=O)C12O,UGGKRXKFQMVAEG-UHFFFAOYSA-N,"InChI=1S/C15H14O6/c1-3-20-13(17)11-8(2)21-15(19)10-7-5-4-6-9(10)12(16)14(11,15)18/h4-7,18-19H,3H2,1-2H3",False,-1,['SID26662598'],['SID26662598']
CHEMBL1705326,,,Small molecule,,253.1,12,15,2.59,48.14,3.0,1.0,0.0,1.0,Y,0.79,2.0,MOL,-1,14.0,-0.53,C10H9BrN2O,COc1cc(N)c2ncccc2c1Br,PXAZBIOPHFDNJJ-UHFFFAOYSA-N,"InChI=1S/C10H9BrN2O/c1-14-8-5-7(12)10-6(9(8)11)3-2-4-13-10/h2-5H,12H2,1H3",False,-1,['SID89854866'],['SID89854866']
CHEMBL1492642,,,Small molecule,,430.58,34,37,4.04,66.48,5.0,1.0,0.0,5.0,N,0.57,2.0,MOL,-1,28.0,-1.28,C20H18N2O3S3,CC(/C=C1\SC(=S)N(NS(=O)(=O)c2ccc(C)cc2)C1=O)=C\c1ccccc1,KCPBIJRLUJKCAR-MNPLYOLFSA-N,"InChI=1S/C20H18N2O3S3/c1-14-8-10-17(11-9-14)28(24,25)21-22-19(23)18(27-20(22)26)13-15(2)12-16-6-4-3-5-7-16/h3-13,21H,1-2H3/b15-12+,18-13-",False,-1,['SID26663188'],['SID26663188']
CHEMBL5565869,,,,,1200.6,28,56,,,,,,,,,,MOL,-1,,,C64H95F2N11O7S,COc1cc2c(NC3CCN(CCCC(=O)NCCCCCCCCCCCC(=O)N[C@H](C(=O)N4C[C@H](O)C[C@H]4C(=O)NCc4ccc(-c5scnc5C)cc4)C(C)(C)C)CC3)nc(N3CCC(F)(F)CC3)nc2cc1OCCCN1CCCC1,CLUWNSLFLMBFKA-RMCUFUCFSA-N,"InChI=1S/C64H95F2N11O7S/c1-45-57(85-44-69-45)47-23-21-46(22-24-47)42-68-60(81)52-39-49(78)43-77(52)61(82)58(63(2,3)4)72-56(80)19-13-11-9-7-6-8-10-12-14-29-67-55(79)20-17-32-75-34-25-48(26-35-75)70-59-50-40-53(83-5)54(84-38-18-33-74-30-15-16-31-74)41-51(50)71-62(73-59)76-36-27-64(65,66)28-37-76/h21-24,40-41,44,48-49,52,58,78H,6-20,25-39,42-43H2,1-5H3,(H,67,79)(H,68,81)(H,72,80)(H,70,71,73)/t49-,52+,58-/m1/s1",False,-1,['10; MS8709'],"['(2S,4R)-1-((S)-2-(12-(4-(4-((2-(4,4-difluoropiperidin-1-yl)-6-methoxy-7-(3-(pyrrolidin-1-yl)propoxy)quinazolin-4-yl)amino)piperidin-1-yl)butanamido)dodecanamido)-3,3-dimethylbutanoyl)-4-hydroxy-N-(4-(4-methylthiazol-5-yl)benzyl)pyrrolidine-2-carboxamide']"
CHEMBL224916,,,Small molecule,,397.42,35,45,1.89,136.8,8.0,4.0,0.0,6.0,N,0.28,3.0,MOL,-1,28.0,-1.75,C18H15N5O4S,O=C(Cc1nnc(NC(=O)c2ccccc2)s1)N/N=C\c1ccc(O)c(O)c1,RFLYKJDOCKZJGW-GRSHGNNSSA-N,"InChI=1S/C18H15N5O4S/c24-13-7-6-11(8-14(13)25)10-19-21-15(26)9-16-22-23-18(28-16)20-17(27)12-4-2-1-3-5-12/h1-8,10,24-25H,9H2,(H,21,26)(H,20,23,27)/b19-10-",False,-1,"['18', 'SID49645077']","[N'-(3,4-dihydroxybenzylidene)-2-(5-benzamido-1,3,4-thiadiazol-2-yl)acetohydrazide"", 'SID49645077']"""
CHEMBL1417216,,,Small molecule,,402.48,20,22,3.59,120.96,7.0,3.0,0.0,10.0,N,0.21,3.0,MOL,-1,28.0,-1.0,C19H22N4O4S,CCOC(=O)CCCCC(=O)c1[nH]c(O)nc1CSc1nc2ccccc2[nH]1,HRCGOBVLZLYNFI-UHFFFAOYSA-N,"InChI=1S/C19H22N4O4S/c1-2-27-16(25)10-6-5-9-15(24)17-14(20-18(26)23-17)11-28-19-21-12-7-3-4-8-13(12)22-19/h3-4,7-8H,2,5-6,9-11H2,1H3,(H,21,22)(H2,20,23,26)",False,-1,"['SID87344448', 'SID4245111']","['SID87344448', 'SID4245111']"
CHEMBL3191689,,,Small molecule,,384.4,28,44,2.15,108.7,6.0,2.0,0.0,4.0,N,0.67,3.0,MOL,-1,29.0,-0.69,C21H16N6O2,O=C(N/N=C1\C/C(=N\NC(=O)c2ccncc2)c2ccccc21)c1ccncc1,CNHYVFLAIWMBDE-SIHVKLMXSA-N,"InChI=1S/C21H16N6O2/c28-20(14-5-9-22-10-6-14)26-24-18-13-19(17-4-2-1-3-16(17)18)25-27-21(29)15-7-11-23-12-8-15/h1-12H,13H2,(H,26,28)(H,27,29)/b24-18+,25-19+",False,-1,['SID24824662'],['SID24824662']
CHEMBL5542150,,,,,312.33,2,2,1.45,107.95,7.0,2.0,0.0,5.0,N,0.74,3.0,MOL,-1,23.0,-1.33,C15H16N6O2,CC(=O)Nc1ccc(OCCn2cnc3c(N)ncnc32)cc1,QNHSWFMDIUJSAR-UHFFFAOYSA-N,"InChI=1S/C15H16N6O2/c1-10(22)20-11-2-4-12(5-3-11)23-7-6-21-9-19-13-14(16)17-8-18-15(13)21/h2-5,8-9H,6-7H2,1H3,(H,20,22)(H2,16,17,18)",False,-1,['8'],['N-(4-(2-(6-amino-9H-purin-9-yl)ethoxy)phenyl)acetamide']
CHEMBL5591131,,,,,452.6,14,40,3.66,86.54,8.0,1.0,0.0,9.0,N,0.58,2.0,MOL,-1,33.0,-1.29,C25H36N6O2,COc1cc2c(NC3CCN(C(C)C)CC3)nc(C#N)nc2cc1OCCCN1CCCC1,KKXRBRPMTQSNTJ-UHFFFAOYSA-N,"InChI=1S/C25H36N6O2/c1-18(2)31-12-7-19(8-13-31)27-25-20-15-22(32-3)23(16-21(20)28-24(17-26)29-25)33-14-6-11-30-9-4-5-10-30/h15-16,18-19H,4-14H2,1-3H3,(H,27,28,29)",False,-1,['16; W4032'],['4-((1-isopropylpiperidin-4-yl)amino)-6-methoxy-7-(3-(pyrrolidin-1-yl)propoxy)quinazoline-2-carbonitrile']
CHEMBL1521897,,,Small molecule,,321.38,13,16,3.83,53.68,4.0,1.0,0.0,6.0,N,0.43,3.0,MOL,-1,24.0,-0.17,C20H19NO3,C=CCN(CC=C)Cc1c(O)ccc2c1oc(=O)c1ccccc12,MHMJKBVYSKCGGB-UHFFFAOYSA-N,"InChI=1S/C20H19NO3/c1-3-11-21(12-4-2)13-17-18(22)10-9-15-14-7-5-6-8-16(14)20(23)24-19(15)17/h3-10,22H,1-2,11-13H2",False,-1,['SID14741408'],['SID14741408']
CHEMBL5401805,,,,,328.39,1,2,2.88,58.64,4.0,1.0,0.0,4.0,N,0.94,2.0,MOL,-1,23.0,-2.27,C17H16N2O3S,O=C1COc2cc(C(=O)N(Cc3cccs3)C3CC3)ccc2N1,XPHOPAPMJBSLFN-UHFFFAOYSA-N,"InChI=1S/C17H16N2O3S/c20-16-10-22-15-8-11(3-6-14(15)18-16)17(21)19(12-4-5-12)9-13-2-1-7-23-13/h1-3,6-8,12H,4-5,9-10H2,(H,18,20)",False,-1,"['34; MRT866', '51; MRT866']","['N-cyclopropyl-3-oxo-N-(thiophen-2-ylmethyl)-3,4-dihydro-2H-benzo[b][1,4]oxazine-7-carboxamide', 'N-cyclopropyl-3-oxo-N-(thiophen-2-ylmethyl)-3,4-dihydro-2H-benzo[b][1,4]oxazine-7-carboxamide']"
CHEMBL1457845,,,Small molecule,,394.48,18,25,4.01,92.26,7.0,1.0,0.0,4.0,N,0.67,3.0,MOL,-1,29.0,-0.77,C22H26N4O3,Nc1c(C(=O)OCC2CCCO2)c2nc3ccccc3nc2n1C1CCCCC1,FATJHSCHOFPPQA-UHFFFAOYSA-N,"InChI=1S/C22H26N4O3/c23-20-18(22(27)29-13-15-9-6-12-28-15)19-21(26(20)14-7-2-1-3-8-14)25-17-11-5-4-10-16(17)24-19/h4-5,10-11,14-15H,1-3,6-9,12-13,23H2",False,-1,['SID862376'],['SID862376']
CHEMBL1710157,,,Small molecule,,562.58,90,97,-0.15,163.18,11.0,1.0,2.0,5.0,N,0.35,0.0,MOL,-1,41.0,1.39,C29H30N4O8,COC1=C(C)C(=O)C2=C(C1=O)C1C3CC4=C(C(=O)C(OC)=C(C)C4=O)C(CNC(=O)C(C)=O)N3C(C#N)C(C2)N1C,JNEGMBHBUAJRSX-UHFFFAOYSA-N,"InChI=1S/C29H30N4O8/c1-11-23(35)14-8-17-22-21-15(24(36)12(2)28(41-6)26(21)38)7-16(32(22)4)18(9-30)33(17)19(10-31-29(39)13(3)34)20(14)25(37)27(11)40-5/h16-19,22H,7-8,10H2,1-6H3,(H,31,39)",False,-1,"['SID92763447', 'SID457973']","['SID92763447', 'SID457973']"
CHEMBL5566275,,,,,433.58,3,4,5.41,54.46,5.0,1.0,1.0,4.0,N,0.6,3.0,MOL,-1,31.0,-1.07,C25H27N3O2S,Cc1ccc(CN2CCCCC2)cc1-c1nsc(C)c1-c1ccc2c(c1)OCC(=O)N2,BRXGRHRYSGOUIW-UHFFFAOYSA-N,"InChI=1S/C25H27N3O2S/c1-16-6-7-18(14-28-10-4-3-5-11-28)12-20(16)25-24(17(2)31-27-25)19-8-9-21-22(13-19)30-15-23(29)26-21/h6-9,12-13H,3-5,10-11,14-15H2,1-2H3,(H,26,29)",False,-1,['33'],"['7-(5-Methyl-3-(2-methyl-5-(piperidin-1-ylmethyl)phenyl)isothiazol-4-yl)-2H-benzo[b][1,4]oxazin-3(4H)-one']"
CHEMBL1462764,,,Small molecule,,332.15,57,79,4.03,51.8,4.0,0.0,0.0,2.0,N,0.62,2.0,MOL,-1,20.0,-1.0,C15H10BrNO3,CC1=NOC(=O)/C1=C\c1ccc(-c2ccccc2Br)o1,QEKJWVLLYXEGCP-WQLSENKSSA-N,"InChI=1S/C15H10BrNO3/c1-9-12(15(18)20-17-9)8-10-6-7-14(19-10)11-4-2-3-5-13(11)16/h2-8H,1H3/b12-8-",False,-1,['SID24785452'],['SID24785452']
CHEMBL1508847,,,Small molecule,,353.38,58,79,1.96,108.05,6.0,2.0,0.0,6.0,N,0.59,1.0,MOL,-1,23.0,-1.09,C14H11NO6S2,O=C(O)CC(C(=O)O)N1C(=O)/C(=C/C=C/c2ccco2)SC1=S,PLHJCQICLZZWLN-MDDLVQQVSA-N,"InChI=1S/C14H11NO6S2/c16-11(17)7-9(13(19)20)15-12(18)10(23-14(15)22)5-1-3-8-4-2-6-21-8/h1-6,9H,7H2,(H,16,17)(H,19,20)/b3-1+,10-5-",False,-1,['SID26663487'],['SID26663487']
CHEMBL5532583,,,,,443.51,2,3,2.81,98.89,8.0,2.0,0.0,6.0,N,0.48,4.0,MOL,-1,33.0,-1.29,C24H25N7O2,Cc1cc(CNCc2nncn2C)ccc1-c1ncn(C)c1-c1ccc2c(c1)OCC(=O)N2,KTVJINSMSOLPAV-UHFFFAOYSA-N,"InChI=1S/C24H25N7O2/c1-15-8-16(10-25-11-21-29-27-14-30(21)2)4-6-18(15)23-24(31(3)13-26-23)17-5-7-19-20(9-17)33-12-22(32)28-19/h4-9,13-14,25H,10-12H2,1-3H3,(H,28,32)",False,-1,['28'],"['7-(1-Methyl-4-(2-methyl-4-((((4-methyl-4H-1,2,4-triazol-3-yl)methyl)amino)methyl)phenyl)-1H-imidazol-5-yl)-2H-benzo[b][1,4]oxazin-3(4H)-one']"
CHEMBL5830931,,,,,547.61,1,3,3.11,132.08,9.0,2.0,1.0,5.0,N,0.39,4.0,MOL,-1,40.0,-1.07,C28H31F2N9O,CC1CCCN1C(=O)C1(N)CCCN(c2cnc(-c3ccc(F)c(F)c3)cc2Cn2cnc3c(N)ncnc32)C1,NSRJMEFEJODBHY-UHFFFAOYSA-N,"InChI=1S/C28H31F2N9O/c1-17-4-2-9-39(17)27(40)28(32)7-3-8-37(14-28)23-12-33-22(18-5-6-20(29)21(30)10-18)11-19(23)13-38-16-36-24-25(31)34-15-35-26(24)38/h5-6,10-12,15-17H,2-4,7-9,13-14,32H2,1H3,(H2,31,34,35)",False,-1,['BDBM567887'],"['US11420970, Example 88']"
CHEMBL5909953,,,,,547.0,1,3,3.26,157.78,11.0,3.0,2.0,5.0,N,0.28,5.0,MOL,-1,39.0,-0.88,C26H24ClFN10O,Nc1ncnc2c1ncn2Cc1cc(-c2cnc(O)c(F)c2)ncc1N1CCCC(N)(c2cccc(Cl)n2)C1,BKNOGGYXKJJUNT-UHFFFAOYSA-N,"InChI=1S/C26H24ClFN10O/c27-21-4-1-3-20(36-21)26(30)5-2-6-37(12-26)19-10-31-18(15-7-17(28)25(39)32-9-15)8-16(19)11-38-14-35-22-23(29)33-13-34-24(22)38/h1,3-4,7-10,13-14H,2,5-6,11-12,30H2,(H,32,39)(H2,29,33,34)",False,-1,['BDBM568042'],"['US11420970, Example 244']"
CHEMBL1443822,,,Small molecule,,426.43,33,41,4.43,132.0,5.0,3.0,0.0,5.0,N,0.4,4.0,MOL,-1,32.0,-1.5,C24H18N4O4,Cc1cc(/C=C(/C#N)c2nc3ccccc3[nH]2)c(C)n1-c1cc(C(=O)O)cc(C(=O)O)c1,CTKZTWNBAHUHSD-LSCVHKIXSA-N,"InChI=1S/C24H18N4O4/c1-13-7-15(8-18(12-25)22-26-20-5-3-4-6-21(20)27-22)14(2)28(13)19-10-16(23(29)30)9-17(11-19)24(31)32/h3-11H,1-2H3,(H,26,27)(H,29,30)(H,31,32)/b18-8-",False,-1,['SID24789736'],['SID24789736']
CHEMBL6038055,,,,,480.52,1,3,2.48,132.0,9.0,3.0,0.0,6.0,N,0.38,4.0,MOL,-1,35.0,-0.79,C24H26F2N8O,Nc1ncnc2c1ncn2Cc1cc(-c2ccc(F)c(F)c2)ncc1N1CCC[C@@H](N)[C@H]1CCO,WDUCEZOTCKEVMG-UYAOXDASSA-N,"InChI=1S/C24H26F2N8O/c25-16-4-3-14(8-17(16)26)19-9-15(11-33-13-32-22-23(28)30-12-31-24(22)33)21(10-29-19)34-6-1-2-18(27)20(34)5-7-35/h3-4,8-10,12-13,18,20,35H,1-2,5-7,11,27H2,(H2,28,30,31)/t18-,20-/m1/s1",False,-1,['BDBM568112'],"['US11420970, Example 314']"
CHEMBL3422653,,,Small molecule,,335.37,7,8,2.32,119.09,6.0,3.0,0.0,4.0,N,0.68,3.0,MOL,-1,25.0,-1.21,C18H17N5O2,Cn1c(N)c(C#N)c2cc(Oc3ccc(NC(=O)CN)cc3)ccc21,BYFWRNNQCQLOCH-UHFFFAOYSA-N,"InChI=1S/C18H17N5O2/c1-23-16-7-6-13(8-14(16)15(9-19)18(23)21)25-12-4-2-11(3-5-12)22-17(24)10-20/h2-8H,10,20-21H2,1H3,(H,22,24)",False,-1,"['6', '11']","['2-amino-N-(4-(2-amino-3-cyano-1-methyl-1H-indol-5-yloxy)phenyl)acetamide', '2-Amino-N-[4-(2-amino-3-cyano-1-methyl-1H-indol-5-yloxy)-phenyl]-acetamide']"
CHEMBL1521514,,,Small molecule,,239.32,32,43,4.48,27.96,3.0,0.0,0.0,3.0,N,0.73,2.0,MOL,-1,18.0,-1.32,C15H17N3,Cc1cccc(N=Nc2ccc(N(C)C)cc2)c1,LVTFSVIRYMXRSR-UHFFFAOYSA-N,"InChI=1S/C15H17N3/c1-12-5-4-6-14(11-12)17-16-13-7-9-15(10-8-13)18(2)3/h4-11H,1-3H3",False,-1,"['SID144208953', 'SID144213339', 'SID49724795']","['SID144208953', 'SID144213339', 'SID49724795']"
CHEMBL3189845,,,Small molecule,,318.81,27,39,2.71,56.65,6.0,1.0,0.0,5.0,N,0.68,2.0,MOL,-1,22.0,-1.77,C15H19ClN6,CN(C)c1cc(N/N=C/c2ccc(Cl)cc2)nc(N(C)C)n1,MZVDBDZUJDCBSC-LICLKQGHSA-N,"InChI=1S/C15H19ClN6/c1-21(2)14-9-13(18-15(19-14)22(3)4)20-17-10-11-5-7-12(16)8-6-11/h5-10H,1-4H3,(H,18,19,20)/b17-10+",False,-1,['SID24813304'],['SID24813304']
CHEMBL5989654,,,,,544.57,1,3,2.71,146.66,11.0,2.0,2.0,6.0,N,0.31,5.0,MOL,-1,40.0,-1.25,C27H26F2N10O,Cn1ccc(C(=O)C2(N)CCCN(c3cnc(-c4ccc(F)c(F)c4)cc3Cn3cnc4c(N)ncnc43)C2)n1,BCIHHNGJVXTFCG-UHFFFAOYSA-N,"InChI=1S/C27H26F2N10O/c1-37-8-5-20(36-37)24(40)27(31)6-2-7-38(13-27)22-11-32-21(16-3-4-18(28)19(29)9-16)10-17(22)12-39-15-35-23-25(30)33-14-34-26(23)39/h3-5,8-11,14-15H,2,6-7,12-13,31H2,1H3,(H2,30,33,34)",False,-1,['BDBM567909'],"['US11420970, Example 110']"
CHEMBL1362734,,,Small molecule,,443.79,57,80,4.11,114.71,8.0,0.0,0.0,4.0,N,0.44,3.0,MOL,-1,29.0,-2.04,C16H9ClF3N5O3S,CCn1nc([N+](=O)[O-])c(C(C#N)c2nc3cc(C(F)(F)F)ccc3s2)c(Cl)c1=O,SCGVTAZSAALBIZ-UHFFFAOYSA-N,"InChI=1S/C16H9ClF3N5O3S/c1-2-24-15(26)12(17)11(13(23-24)25(27)28)8(6-21)14-22-9-5-7(16(18,19)20)3-4-10(9)29-14/h3-5,8H,2H2,1H3",False,-1,"['SID16952483', 'SID87337053']","['SID16952483', 'SID87337053']"
CHEMBL5926402,,,,,494.55,1,3,3.13,121.0,9.0,2.0,0.0,6.0,N,0.42,4.0,MOL,-1,36.0,-0.88,C25H28F2N8O,CO[C@H](C)[C@@]1(N)CCCN(c2cnc(-c3ccc(F)c(F)c3)cc2Cn2cnc3c(N)ncnc32)C1,GSBRBMILDDIXOW-SGANQWHYSA-N,"InChI=1S/C25H28F2N8O/c1-15(36-2)25(29)6-3-7-34(12-25)21-10-30-20(16-4-5-18(26)19(27)8-16)9-17(21)11-35-14-33-22-23(28)31-13-32-24(22)35/h4-5,8-10,13-15H,3,6-7,11-12,29H2,1-2H3,(H2,28,31,32)/t15-,25-/m1/s1",False,-1,['BDBM567896'],"['US11420970, Example 97']"
CHEMBL5755701,,,,,534.49,1,3,2.86,132.0,9.0,3.0,1.0,6.0,N,0.25,4.0,MOL,-1,38.0,-0.69,C24H23F5N8O,Nc1ncnc2c1ncn2Cc1cc(-c2cc(F)c(F)cc2F)ncc1N1CCC[C@](N)([C@H](O)C(F)F)C1,RITHSQHPTNJAHO-HYBUGGRVSA-N,"InChI=1S/C24H23F5N8O/c25-14-6-16(27)15(26)5-13(14)17-4-12(8-37-11-35-19-22(30)33-10-34-23(19)37)18(7-32-17)36-3-1-2-24(31,9-36)20(38)21(28)29/h4-7,10-11,20-21,38H,1-3,8-9,31H2,(H2,30,33,34)/t20-,24-/m1/s1",False,-1,['BDBM567956'],"['US11420970, Example 157']"
CHEMBL5028132,,,Unknown,,312.39,1,1,2.9,72.19,3.0,2.0,0.0,4.0,N,0.73,3.0,MOL,-1,22.0,-1.13,C17H16N2O2S,Nc1cccc2c(S(=O)(=O)NCc3ccccc3)cccc12,YVNAAXWSEDLITQ-UHFFFAOYSA-N,"InChI=1S/C17H16N2O2S/c18-16-10-4-9-15-14(16)8-5-11-17(15)22(20,21)19-12-13-6-2-1-3-7-13/h1-11,19H,12,18H2",False,-1,['10'],['5-amino-N-benzylnaphthalene-1-sulfonamide']
CHEMBL6041940,,,,,575.6,1,3,3.84,144.89,10.0,3.0,1.0,6.0,N,0.26,5.0,MOL,-1,42.0,-0.83,C29H28F3N9O,CC(O)c1ccc([C@@]2(N)CCCN(c3cnc(-c4ccc(F)c(F)c4)cc3Cn3cnc4c(N)ncnc43)C2)nc1F,MDQKXARHSMRMOT-DSANZHRBSA-N,"InChI=1S/C29H28F3N9O/c1-16(42)19-4-6-24(39-26(19)32)29(34)7-2-8-40(13-29)23-11-35-22(17-3-5-20(30)21(31)9-17)10-18(23)12-41-15-38-25-27(33)36-14-37-28(25)41/h3-6,9-11,14-16,42H,2,7-8,12-13,34H2,1H3,(H2,33,36,37)/t16?,29-/m1/s1",False,-1,['BDBM568013'],"['US11420970, Example 215']"
CHEMBL5878728,,,,,552.05,1,3,3.67,141.96,11.0,2.0,2.0,5.0,N,0.31,6.0,MOL,-1,40.0,-0.9,C28H26ClN11,Nc1ncnc2c1ncn2Cc1cc(-c2ccc3ccnn3c2)ncc1N1CCCC(N)(c2cccc(Cl)n2)C1,UGXYTMHJNBGIRV-UHFFFAOYSA-N,"InChI=1S/C28H26ClN11/c29-24-4-1-3-23(37-24)28(31)8-2-10-38(15-28)22-12-32-21(18-5-6-20-7-9-36-40(20)14-18)11-19(22)13-39-17-35-25-26(30)33-16-34-27(25)39/h1,3-7,9,11-12,14,16-17H,2,8,10,13,15,31H2,(H2,30,33,34)",False,-1,['BDBM568020'],"['US11420970, Example 222']"
CHEMBL5980333,,,,,561.03,1,3,3.56,146.78,11.0,2.0,2.0,6.0,N,0.3,5.0,MOL,-1,40.0,-0.92,C27H26ClFN10O,COc1ncc(-c2cc(Cn3cnc4c(N)ncnc43)c(N3CCC[C@](N)(c4cccc(Cl)n4)C3)cn2)cc1F,GRPMJZDSBNDXHA-HHHXNRCGSA-N,"InChI=1S/C27H26ClFN10O/c1-40-26-18(29)8-16(10-33-26)19-9-17(12-39-15-36-23-24(30)34-14-35-25(23)39)20(11-32-19)38-7-3-6-27(31,13-38)21-4-2-5-22(28)37-21/h2,4-5,8-11,14-15H,3,6-7,12-13,31H2,1H3,(H2,30,34,35)/t27-/m1/s1",False,-1,['BDBM568029'],"['US11420970, Example 231']"
CHEMBL5806078,,,,,548.99,1,3,3.69,137.55,10.0,2.0,1.0,5.0,N,0.34,5.0,MOL,-1,39.0,-1.22,C26H23ClF2N10,Nc1ncnc2c1ncn2Cc1cc(-c2ccc(F)c(F)c2)ncc1N1CCCC(N)(c2ccc(Cl)nn2)C1,RTBFLXSJDUXYMI-UHFFFAOYSA-N,"InChI=1S/C26H23ClF2N10/c27-22-5-4-21(36-37-22)26(31)6-1-7-38(12-26)20-10-32-19(15-2-3-17(28)18(29)8-15)9-16(20)11-39-14-35-23-24(30)33-13-34-25(23)39/h2-5,8-10,13-14H,1,6-7,11-12,31H2,(H2,30,33,34)",False,-1,['BDBM568047'],"['US11420970, Example 249']"
CHEMBL5829304,,,,,524.61,1,3,3.46,137.55,10.0,2.0,1.0,6.0,N,0.34,5.0,MOL,-1,39.0,-0.93,C28H29FN10,CCc1cncc([C@@]2(N)CCCN(c3cnc(-c4ccc(F)cc4)cc3Cn3cnc4c(N)ncnc43)C2)n1,GXGZDSNAFVBJJF-MUUNZHRXSA-N,"InChI=1S/C28H29FN10/c1-2-21-11-32-13-24(37-21)28(31)8-3-9-38(15-28)23-12-33-22(18-4-6-20(29)7-5-18)10-19(23)14-39-17-36-25-26(30)34-16-35-27(25)39/h4-7,10-13,16-17H,2-3,8-9,14-15,31H2,1H3,(H2,30,34,35)/t28-/m1/s1",False,-1,['BDBM568048'],"['US11420970, Example 250']"
CHEMBL5800936,,,,,466.5,1,3,2.09,132.0,9.0,3.0,0.0,5.0,N,0.41,4.0,MOL,-1,34.0,-0.79,C23H24F2N8O,Nc1ncnc2c1ncn2Cc1cc(-c2ccc(F)c(F)c2)ncc1N1CCC[C@@H](N)[C@H]1CO,YROMIJBJXSMXHY-YLJYHZDGSA-N,"InChI=1S/C23H24F2N8O/c24-15-4-3-13(6-16(15)25)18-7-14(9-32-12-31-21-22(27)29-11-30-23(21)32)19(8-28-18)33-5-1-2-17(26)20(33)10-34/h3-4,6-8,11-12,17,20,34H,1-2,5,9-10,26H2,(H2,27,29,30)/t17-,20-/m1/s1",False,-1,['BDBM568110'],"['US11420970, Example 312']"
CHEMBL6046403,,,,,482.51,1,3,3.61,111.77,8.0,2.0,0.0,6.0,N,0.43,4.0,MOL,-1,35.0,-0.89,C24H25F3N8,Nc1ncnc2c1ncn2Cc1cc(-c2ccc(F)cc2)ncc1N1CCC[C@](N)(CC(F)F)C1,FMDLHNNUSXWWIR-DEOSSOPVSA-N,"InChI=1S/C24H25F3N8/c25-17-4-2-15(3-5-17)18-8-16(11-35-14-33-21-22(28)31-13-32-23(21)35)19(10-30-18)34-7-1-6-24(29,12-34)9-20(26)27/h2-5,8,10,13-14,20H,1,6-7,9,11-12,29H2,(H2,28,31,32)/t24-/m0/s1",False,-1,['BDBM567870'],"['US11420970, Example 71']"
CHEMBL6018611,,,,,519.59,1,3,2.05,141.31,10.0,2.0,1.0,6.0,N,0.39,4.0,MOL,-1,38.0,-0.94,C26H30FN9O2,COc1ccc(-c2cc(Cn3cnc4c(N)ncnc43)c(N3CCC[C@](N)(C(=O)N(C)C)C3)cn2)cc1F,ZDOQIKHMVSNXHC-AREMUKBSSA-N,"InChI=1S/C26H30FN9O2/c1-34(2)25(37)26(29)7-4-8-35(13-26)20-11-30-19(16-5-6-21(38-3)18(27)9-16)10-17(20)12-36-15-33-22-23(28)31-14-32-24(22)36/h5-6,9-11,14-15H,4,7-8,12-13,29H2,1-3H3,(H2,28,31,32)/t26-/m1/s1",False,-1,['BDBM567879'],"['US11420970, Example 80']"
CHEMBL5950982,,,,,544.56,1,3,3.69,132.0,9.0,3.0,1.0,7.0,N,0.3,4.0,MOL,-1,39.0,-0.58,C26H28F4N8O,Cc1cc(C(F)F)ccc1-c1cc(Cn2cnc3c(N)ncnc32)c(N2CCC[C@](N)([C@H](O)C(F)F)C2)cn1,LKOGIDSDIBCKAU-QFQXNSOFSA-N,"InChI=1S/C26H28F4N8O/c1-14-7-15(22(27)28)3-4-17(14)18-8-16(10-38-13-36-20-24(31)34-12-35-25(20)38)19(9-33-18)37-6-2-5-26(32,11-37)21(39)23(29)30/h3-4,7-9,12-13,21-23,39H,2,5-6,10-11,32H2,1H3,(H2,31,34,35)/t21-,26-/m1/s1",False,-1,['BDBM567939'],"['US11420970, Example 140']"
CHEMBL5833489,,,,,578.03,1,3,4.62,133.89,10.0,2.0,1.0,7.0,N,0.27,5.0,MOL,-1,41.0,-1.03,C28H26ClF2N9O,Nc1ncnc2c1ncn2Cc1cc(-c2ccc(OC(F)F)cc2)ncc1N1CCCC(N)(c2cccc(Cl)n2)C1,UWLKVXMIDOWWRG-UHFFFAOYSA-N,"InChI=1S/C28H26ClF2N9O/c29-23-4-1-3-22(38-23)28(33)9-2-10-39(14-28)21-12-34-20(17-5-7-19(8-6-17)41-27(30)31)11-18(21)13-40-16-37-24-25(32)35-15-36-26(24)40/h1,3-8,11-12,15-16,27H,2,9-10,13-14,33H2,(H2,32,35,36)",False,-1,['BDBM567983'],"['US11420970, Example 184']"
CHEMBL5992084,,,,,418.48,1,3,2.59,111.77,8.0,2.0,0.0,4.0,N,0.52,4.0,MOL,-1,31.0,-1.19,C22H23FN8,Nc1ncnc2c1ncn2Cc1cc(-c2cccc(F)c2)ncc1N1CCC[C@@H](N)C1,HPOZUUJZGFELQR-QGZVFWFLSA-N,"InChI=1S/C22H23FN8/c23-16-4-1-3-14(7-16)18-8-15(19(9-26-18)30-6-2-5-17(24)11-30)10-31-13-29-20-21(25)27-12-28-22(20)31/h1,3-4,7-9,12-13,17H,2,5-6,10-11,24H2,(H2,25,27,28)/t17-/m1/s1",False,-1,['BDBM567797'],"['US11420970, Example 4']"
CHEMBL6057203,,,,,457.59,1,3,3.01,116.7,9.0,2.0,0.0,6.0,N,0.46,4.0,MOL,-1,34.0,-0.89,C25H31N9,CCn1ccc([C@@]2(N)CCCN(c3cnc(C4CC4)cc3Cn3cnc4c(N)nccc43)C2)n1,BWGBPSYCGXPSQM-RUZDIDTESA-N,"InChI=1S/C25H31N9/c1-2-34-11-7-22(31-34)25(27)8-3-10-32(15-25)21-13-29-19(17-4-5-17)12-18(21)14-33-16-30-23-20(33)6-9-28-24(23)26/h6-7,9,11-13,16-17H,2-5,8,10,14-15,27H2,1H3,(H2,26,28)/t25-/m1/s1",False,-1,['BDBM568074'],"['US11420970, Example 276']"
CHEMBL5987135,,,,,532.96,1,3,3.24,132.0,9.0,3.0,1.0,6.0,N,0.34,4.0,MOL,-1,37.0,-0.8,C24H24ClF3N8O,Nc1ncnc2c1ncn2Cc1cc(-c2ccc(Cl)cc2F)ncc1N1CCC[C@](N)([C@@H](O)C(F)F)C1,QIHZOUNKSKTTRZ-GBXCKJPGSA-N,"InChI=1S/C24H24ClF3N8O/c25-14-2-3-15(16(26)7-14)17-6-13(9-36-12-34-19-22(29)32-11-33-23(19)36)18(8-31-17)35-5-1-4-24(30,10-35)20(37)21(27)28/h2-3,6-8,11-12,20-21,37H,1,4-5,9-10,30H2,(H2,29,32,33)/t20-,24+/m0/s1",False,-1,['BDBM567932'],"['US11420970, Example 133']"
CHEMBL5773444,,,,,548.6,1,3,3.09,138.07,10.0,2.0,1.0,6.0,N,0.37,4.0,MOL,-1,40.0,-0.87,C28H30F2N8O2,Nc1ncnc2c1ncn2Cc1cc(-c2ccc(F)c(F)c2)ncc1N1CCCC(N)(C(=O)C2CCOCC2)C1,NQBVQANNNPJVTI-UHFFFAOYSA-N,"InChI=1S/C28H30F2N8O2/c29-20-3-2-18(10-21(20)30)22-11-19(13-38-16-36-24-26(31)34-15-35-27(24)38)23(12-33-22)37-7-1-6-28(32,14-37)25(39)17-4-8-40-9-5-17/h2-3,10-12,15-17H,1,4-9,13-14,32H2,(H2,31,34,35)",False,-1,['BDBM567907'],"['US11420970, Example 108']"
CHEMBL6053114,,,,,532.5,1,3,2.43,152.23,10.0,4.0,1.0,6.0,N,0.27,4.0,MOL,-1,38.0,-0.47,C24H24F4N8O2,Nc1ncnc2c1ncn2Cc1cc(-c2cc(F)c(O)cc2F)ncc1N1CCC[C@](N)([C@H](O)C(F)F)C1,OFESRDMDAGNRKY-HYBUGGRVSA-N,"InChI=1S/C24H24F4N8O2/c25-14-6-18(37)15(26)5-13(14)16-4-12(8-36-11-34-19-22(29)32-10-33-23(19)36)17(7-31-16)35-3-1-2-24(30,9-35)20(38)21(27)28/h4-7,10-11,20-21,37-38H,1-3,8-9,30H2,(H2,29,32,33)/t20-,24-/m1/s1",False,-1,['BDBM567943'],"['US11420970, Example 144']"
CHEMBL6036115,,,,,543.58,1,3,3.19,138.71,9.0,2.0,1.0,5.0,N,0.25,5.0,MOL,-1,40.0,-0.93,C28H27F2N9O,Cc1cccc([C@@]2(N)CCCN(c3cnc(-c4ccc(F)c(F)c4)cc3Cn3cnc4c(N)ncnc43)C2)[n+]1[O-],RICCDVVVIXQEPZ-MUUNZHRXSA-N,"InChI=1S/C28H27F2N9O/c1-17-4-2-5-24(39(17)40)28(32)8-3-9-37(14-28)23-12-33-22(18-6-7-20(29)21(30)10-18)11-19(23)13-38-16-36-25-26(31)34-15-35-27(25)38/h2,4-7,10-12,15-16H,3,8-9,13-14,32H2,1H3,(H2,31,34,35)/t28-/m1/s1",False,-1,['BDBM568030'],"['US11420970, Example 232']"
CHEMBL1347107,,,Small molecule,,408.41,39,46,3.39,137.26,7.0,4.0,0.0,5.0,N,0.37,4.0,MOL,-1,30.0,-0.61,C21H20N4O5,COC(=O)c1ccc(-c2ccc(C(c3c(C)n[nH]c3O)c3c(C)n[nH]c3O)o2)cc1,PBHGPBFYTOSLSJ-UHFFFAOYSA-N,"InChI=1S/C21H20N4O5/c1-10-16(19(26)24-22-10)18(17-11(2)23-25-20(17)27)15-9-8-14(30-15)12-4-6-13(7-5-12)21(28)29-3/h4-9,18H,1-3H3,(H2,22,24,26)(H2,23,25,27)",False,-1,['SID24787030'],['SID24787030']
CHEMBL5618340,,,,,454.57,2,3,5.39,59.51,6.0,1.0,1.0,7.0,N,0.4,4.0,MOL,-1,34.0,-1.14,C28H30N4O2,COc1cc2nc(-c3ccccc3)nc(NC3CCN(Cc4ccccc4)CC3)c2cc1OC,QXQLLFWRBCINII-UHFFFAOYSA-N,"InChI=1S/C28H30N4O2/c1-33-25-17-23-24(18-26(25)34-2)30-27(21-11-7-4-8-12-21)31-28(23)29-22-13-15-32(16-14-22)19-20-9-5-3-6-10-20/h3-12,17-18,22H,13-16,19H2,1-2H3,(H,29,30,31)",False,-1,['14'],"['N-(1-Benzylpiperidin-4-yl)-6,7-dimethoxy-2-phenylquinazolin-4-amine']"
CHEMBL5619303,,,,,295.39,1,1,2.79,64.84,5.0,1.0,0.0,3.0,N,0.94,2.0,MOL,-1,22.0,-1.54,C17H21N5,CC(C)N1CCC(Nc2nc(C#N)nc3ccccc23)CC1,OBVBNGKLTNAJCS-UHFFFAOYSA-N,"InChI=1S/C17H21N5/c1-12(2)22-9-7-13(8-10-22)19-17-14-5-3-4-6-15(14)20-16(11-18)21-17/h3-6,12-13H,7-10H2,1-2H3,(H,19,20,21)",False,-1,['37'],['4-((1-Isopropylpiperidin-4-yl)amino)quinazoline-2-carbonitrile']
CHEMBL5618533,,,,,407.52,2,3,3.18,85.53,7.0,2.0,0.0,7.0,N,0.62,3.0,MOL,-1,30.0,-1.05,C23H29N5O2,COc1cc2nc(CN)nc(NC3CCN(Cc4ccccc4)CC3)c2cc1OC,HBYBXXAIGPOFGZ-UHFFFAOYSA-N,"InChI=1S/C23H29N5O2/c1-29-20-12-18-19(13-21(20)30-2)26-22(14-24)27-23(18)25-17-8-10-28(11-9-17)15-16-6-4-3-5-7-16/h3-7,12-13,17H,8-11,14-15,24H2,1-2H3,(H,25,26,27)",False,-1,['17'],"['2-(Aminomethyl)-N-(1-benzylpiperidin-4-yl)-6,7-dimethoxyquinazolin-4-amine']"
CHEMBL1609245,,,Small molecule,,348.4,25,35,2.75,49.85,5.0,0.0,0.0,3.0,N,0.85,2.0,MOL,-1,26.0,-0.74,C21H20N2O3,CN(C1=C(N2CCOCC2)C(=O)c2ccccc2C1=O)c1ccccc1,ZTCYGVFKKFCREE-UHFFFAOYSA-N,"InChI=1S/C21H20N2O3/c1-22(15-7-3-2-4-8-15)18-19(23-11-13-26-14-12-23)21(25)17-10-6-5-9-16(17)20(18)24/h2-10H,11-14H2,1H3",False,-1,['SID17511224'],['SID17511224']
CHEMBL5907575,,,,,566.07,1,3,3.91,142.48,11.0,2.0,2.0,5.0,N,0.3,6.0,MOL,-1,41.0,-0.84,C29H28ClN11,Cn1cnc2ccc(-c3cc(Cn4cnc5c(N)ncnc54)c(N4CCCC(N)(c5cccc(Cl)n5)C4)cn3)cc21,AXZIWLYZTNGOBI-UHFFFAOYSA-N,"InChI=1S/C29H28ClN11/c1-39-16-36-20-7-6-18(11-22(20)39)21-10-19(13-41-17-37-26-27(31)34-15-35-28(26)41)23(12-33-21)40-9-3-8-29(32,14-40)24-4-2-5-25(30)38-24/h2,4-7,10-12,15-17H,3,8-9,13-14,32H2,1H3,(H2,31,34,35)",False,-1,['BDBM568018'],"['US11420970, Example 220']"
CHEMBL5771580,,,,,493.52,1,3,1.97,154.86,9.0,3.0,0.0,6.0,N,0.37,4.0,MOL,-1,36.0,-0.92,C24H25F2N9O,NC(=O)C[C@@H]1[C@H](N)CCCN1c1cnc(-c2ccc(F)c(F)c2)cc1Cn1cnc2c(N)ncnc21,GVYRECWJRXNFOH-IEBWSBKVSA-N,"InChI=1S/C24H25F2N9O/c25-15-4-3-13(6-16(15)26)18-7-14(10-34-12-33-22-23(29)31-11-32-24(22)34)20(9-30-18)35-5-1-2-17(27)19(35)8-21(28)36/h3-4,6-7,9,11-12,17,19H,1-2,5,8,10,27H2,(H2,28,36)(H2,29,31,32)/t17-,19-/m1/s1",False,-1,['BDBM568118'],"['US11420970, Example 320']"
CHEMBL5619523,,,,,393.49,2,3,3.31,85.53,7.0,2.0,0.0,6.0,N,0.66,3.0,MOL,-1,29.0,-1.02,C22H27N5O2,COc1cc2nc(N)nc(NC3CCN(Cc4ccccc4)CC3)c2cc1OC,GATJDYRSKIYBTG-UHFFFAOYSA-N,"InChI=1S/C22H27N5O2/c1-28-19-12-17-18(13-20(19)29-2)25-22(23)26-21(17)24-16-8-10-27(11-9-16)14-15-6-4-3-5-7-15/h3-7,12-13,16H,8-11,14H2,1-2H3,(H3,23,24,25,26)",False,-1,['13'],"['N4-(1-Benzylpiperidin-4-yl)-6,7-dimethoxyquinazoline-2,4-diamine']"
CHEMBL1541973,,,Small molecule,,318.8,38,56,2.59,49.41,4.0,1.0,0.0,4.0,N,0.93,1.0,MOL,-1,22.0,-0.77,C17H19ClN2O2,O=C1C(Cl)=C(NCCN2CCCCC2)C(=O)c2ccccc21,AEEMKLGKYAOKOA-UHFFFAOYSA-N,"InChI=1S/C17H19ClN2O2/c18-14-15(19-8-11-20-9-4-1-5-10-20)17(22)13-7-3-2-6-12(13)16(14)21/h2-3,6-7,19H,1,4-5,8-11H2",False,-1,['SID24822076'],['SID24822076']
CHEMBL1385611,,,Small molecule,,208.26,14,17,3.51,15.6,2.0,0.0,0.0,2.0,N,0.69,2.0,MOL,-1,16.0,-0.38,C14H12N2,C=CCN1C=Nc2cccc3cccc1c23,NHMWNTMJLVNEEJ-UHFFFAOYSA-N,"InChI=1S/C14H12N2/c1-2-9-16-10-15-12-7-3-5-11-6-4-8-13(16)14(11)12/h2-8,10H,1,9H2",False,-1,['SID24792009'],['SID24792009']
CHEMBL5189494,,,,,384.41,1,1,4.72,67.63,4.0,1.0,0.0,3.0,N,0.71,3.0,MOL,-1,28.0,-0.92,C21H19F3N4,Cc1cc(CN)cc(C)c1-c1ncn(C)c1-c1ccc(C#N)c(C(F)(F)F)c1,JLBPNLXFYAARQM-UHFFFAOYSA-N,"InChI=1S/C21H19F3N4/c1-12-6-14(9-25)7-13(2)18(12)19-20(28(3)11-27-19)15-4-5-16(10-26)17(8-15)21(22,23)24/h4-8,11H,9,25H2,1-3H3",False,-1,['20'],"['4-(4-(4-(aminomethyl)-2,6-dimethylphenyl)-1-methyl-1H-imidazol-5-yl)-2-(trifluoromethyl)benzonitrile']"
CHEMBL5560105,,,,,319.36,3,4,3.39,56.15,4.0,1.0,0.0,2.0,N,0.79,3.0,MOL,-1,24.0,-0.83,C19H17N3O2,Cc1ccccc1-c1ncn(C)c1-c1ccc2c(c1)OCC(=O)N2,MRMUTHUMMVEAMF-UHFFFAOYSA-N,"InChI=1S/C19H17N3O2/c1-12-5-3-4-6-14(12)18-19(22(2)11-20-18)13-7-8-15-16(9-13)24-10-17(23)21-15/h3-9,11H,10H2,1-2H3,(H,21,23)",False,-1,['8'],"['7-(1-Methyl-4-(o-tolyl)-1H-imidazol-5-yl)-2H-benzo[b][1,4]oxazin-3(4H)-one']"
CHEMBL5593275,,,,,492.67,2,2,4.58,86.54,8.0,1.0,0.0,9.0,N,0.51,2.0,MOL,-1,36.0,-1.07,C28H40N6O2,COc1cc2c(NC3CCN(C4CCCCC4)CC3)nc(C#N)nc2cc1OCCCN1CCCC1,MPYDHWGOMXNQOW-UHFFFAOYSA-N,"InChI=1S/C28H40N6O2/c1-35-25-18-23-24(19-26(25)36-17-7-14-33-12-5-6-13-33)31-27(20-29)32-28(23)30-21-10-15-34(16-11-21)22-8-3-2-4-9-22/h18-19,21-22H,2-17H2,1H3,(H,30,31,32)",False,-1,['20'],['4-((1-cyclohexylpiperidin-4-yl)amino)-6-methoxy-7-(3-(pyrrolidin-1-yl)propoxy)quinazoline-2-carbonitrile']
CHEMBL5595949,,,,,500.65,2,2,4.45,86.54,8.0,1.0,1.0,10.0,N,0.41,3.0,MOL,-1,37.0,-1.2,C29H36N6O2,COc1cc2c(NC3CCN(Cc4ccccc4)CC3)nc(C#N)nc2cc1OCCCN1CCCC1,CGAGSHBMXYRDJN-UHFFFAOYSA-N,"InChI=1S/C29H36N6O2/c1-36-26-18-24-25(19-27(26)37-17-7-14-34-12-5-6-13-34)32-28(20-30)33-29(24)31-23-10-15-35(16-11-23)21-22-8-3-2-4-9-22/h2-4,8-9,18-19,23H,5-7,10-17,21H2,1H3,(H,31,32,33)",False,-1,['21'],['4-((1-benzylpiperidin-4-yl)amino)-6-methoxy-7-(3-(pyrrolidin-1-yl)propoxy)quinazoline-2-carbonitrile']
CHEMBL5397204,,,,,439.85,1,1,1.9,99.6,6.0,2.0,0.0,5.0,N,0.73,1.0,MOL,-1,30.0,-0.09,C20H20ClF2N3O4,O=C1C(NCCC2(O)CCN(C(=O)C3CC3(F)F)CC2)=C(Cl)C(=O)c2ncccc21,OGFBLOLLFBNITG-UHFFFAOYSA-N,"InChI=1S/C20H20ClF2N3O4/c21-13-15(16(27)11-2-1-6-24-14(11)17(13)28)25-7-3-19(30)4-8-26(9-5-19)18(29)12-10-20(12,22)23/h1-2,6,12,25,30H,3-5,7-10H2",False,-1,['15e'],"['7-chloro-6-((2-(1-(2,2-difluorocyclopropane-1-carbonyl)-4-hydroxypiperidin-4-yl)ethyl)amino)quinoline-5,8-dione']"
CHEMBL5419286,,,,,409.82,1,1,2.49,70.58,5.0,0.0,0.0,2.0,N,0.75,1.0,MOL,-1,28.0,-0.59,C19H18ClF2N3O3,CC(F)(F)C(=O)N1CCC2(CC1)CN(C1=C(Cl)C(=O)c3cccnc3C1=O)C2,NPNMKTVTHWULLL-UHFFFAOYSA-N,"InChI=1S/C19H18ClF2N3O3/c1-18(21,22)17(28)24-7-4-19(5-8-24)9-25(10-19)14-12(20)15(26)11-3-2-6-23-13(11)16(14)27/h2-3,6H,4-5,7-10H2,1H3",False,-1,['14i'],"['6-chloro-7-(7-(2,2-difluoropropanoyl)-2,7-diazaspiro[3.5]nonan-2-yl)quinoline-5,8-dione']"
CHEMBL5591500,,,,,451.62,2,2,4.27,73.65,7.0,1.0,0.0,10.0,N,0.54,2.0,MOL,-1,33.0,-1.11,C26H37N5O2,CCCN1CCC(Nc2cc(C#N)nc3cc(OCCCN4CCCC4)c(OC)cc23)CC1,VDFCTSUFEJCENU-UHFFFAOYSA-N,"InChI=1S/C26H37N5O2/c1-3-9-30-13-7-20(8-14-30)28-23-16-21(19-27)29-24-18-26(25(32-2)17-22(23)24)33-15-6-12-31-10-4-5-11-31/h16-18,20H,3-15H2,1-2H3,(H,28,29)",False,-1,['27'],['6-methoxy-4-((1-propylpiperidin-4-yl)amino)-7-(3-(pyrrolidin-1-yl)propoxy)quinoline-2-carbonitrile']
CHEMBL5592452,,,,,451.57,2,2,3.4,90.72,7.0,1.0,0.0,8.0,N,0.62,2.0,MOL,-1,33.0,-1.2,C25H33N5O3,COc1cc2c(NC3CCN(C(C)=O)CC3)cc(C#N)nc2cc1OCCCN1CCCC1,AWBVFJAFNIXJGO-UHFFFAOYSA-N,"InChI=1S/C25H33N5O3/c1-18(31)30-11-6-19(7-12-30)27-22-14-20(17-26)28-23-16-25(24(32-2)15-21(22)23)33-13-5-10-29-8-3-4-9-29/h14-16,19H,3-13H2,1-2H3,(H,27,28)",False,-1,['33'],['4-((1-acetylpiperidin-4-yl)amino)-6-methoxy-7-(3-(pyrrolidin-1-yl)propoxy)quinoline-2-carbonitrile']
CHEMBL5618171,,,,,327.39,1,1,2.02,83.3,7.0,1.0,0.0,4.0,N,0.92,2.0,MOL,-1,24.0,-0.9,C17H21N5O2,COc1cc2nc(C#N)nc(NC3CCN(C)CC3)c2cc1OC,QGUHHEJDRQEANN-UHFFFAOYSA-N,"InChI=1S/C17H21N5O2/c1-22-6-4-11(5-7-22)19-17-12-8-14(23-2)15(24-3)9-13(12)20-16(10-18)21-17/h8-9,11H,4-7H2,1-3H3,(H,19,20,21)",False,-1,['18'],"['6,7-Dimethoxy-4-((1-methylpiperidin-4-yl)amino)quinazoline-2-carbonitrile']"
CHEMBL1338765,,,Small molecule,,373.93,15,22,4.23,45.23,3.0,1.0,0.0,8.0,N,0.75,2.0,MOL,-1,26.0,-1.54,C21H28ClN3O,CCCCN(CC)CCNC(=O)c1ccc2c(Cl)c3c(nc2c1)CCC3,XEVLACCZPZZGJT-UHFFFAOYSA-N,"InChI=1S/C21H28ClN3O/c1-3-5-12-25(4-2)13-11-23-21(26)15-9-10-17-19(14-15)24-18-8-6-7-16(18)20(17)22/h9-10,14H,3-8,11-13H2,1-2H3,(H,23,26)",False,-1,['SID49670258'],['SID49670258']
CHEMBL268855,,,Small molecule,,327.41,12,14,3.1,62.3,4.0,1.0,0.0,4.0,N,0.8,3.0,MOL,-1,23.0,-1.64,C17H17N3O2S,CN(C)c1cccc2c(S(=O)(=O)Nc3ccccn3)cccc12,QTTGUFALNOXXDZ-UHFFFAOYSA-N,"InChI=1S/C17H17N3O2S/c1-20(2)15-9-5-8-14-13(15)7-6-10-16(14)23(21,22)19-17-11-3-4-12-18-17/h3-12H,1-2H3,(H,18,19)",False,-1,"['4a', 'SID863733']","['5-Dimethylamino-naphthalene-1-sulfonic acid pyridin-2-ylamide', 'SID863733']"
CHEMBL339587,,,Small molecule,,256.26,49,74,2.7,77.76,4.0,3.0,0.0,3.0,N,0.45,2.0,MOL,-1,19.0,0.64,C15H12O4,O=C(/C=C/c1ccc(O)c(O)c1)c1ccccc1O,PSYVAIWGYVDYHN-FNORWQNLSA-N,"InChI=1S/C15H12O4/c16-12-4-2-1-3-11(12)13(17)7-5-10-6-8-14(18)15(19)9-10/h1-9,16,18-19H/b7-5+",False,-1,"['9', '8', 'NCI37433', '1', 'NSC37433', '8', 'SID26664445']","['3-(3,4-Dihydroxy-phenyl)-1-(2-hydroxy-phenyl)-propenone', 2',3,4-trihydroxychalcone"", '3-(3,4-dihydroxyphenyl)-1-(2-hydroxyphenyl)prop-2-en-1-one', '3-(3,4-dihydroxyphenyl)-1-(2-hydroxyphenyl)prop-2-en-1-one', '(E)-3-(3,4-dihydroxyphenyl)-1-(2-hydroxyphenyl)prop-2-en-1-one', '3-(3,4-dihydroxyphenyl)-1-(2-hydroxyphenyl)prop-2-en-1-one', 'SID26664445']"""
CHEMBL1445617,,,Small molecule,,447.93,40,56,5.0,102.75,5.0,4.0,0.0,5.0,N,0.3,5.0,MOL,-1,32.0,-1.22,C24H22ClN5O2,Cc1n[nH]c(O)c1C(c1c(C)n[nH]c1O)c1cn(Cc2ccccc2Cl)c2ccccc12,BSFXHEDVIBMBTQ-UHFFFAOYSA-N,"InChI=1S/C24H22ClN5O2/c1-13-20(23(31)28-26-13)22(21-14(2)27-29-24(21)32)17-12-30(19-10-6-4-8-16(17)19)11-15-7-3-5-9-18(15)25/h3-10,12,22H,11H2,1-2H3,(H2,26,28,31)(H2,27,29,32)",False,-1,['SID17504267'],['SID17504267']
CHEMBL5422577,,,,,583.69,2,11,4.32,142.86,6.0,4.0,1.0,13.0,N,0.22,3.0,MOL,-1,43.0,-1.26,C33H37N5O5,NCCCCCCNC(=O)c1ccc(NC(=O)c2ccc(CN(C(=O)c3ccc4c(c3)OCC(=O)N4)C3CC3)cc2)cc1,MDIKJIFCQAJLPD-UHFFFAOYSA-N,"InChI=1S/C33H37N5O5/c34-17-3-1-2-4-18-35-31(40)23-9-12-26(13-10-23)36-32(41)24-7-5-22(6-8-24)20-38(27-14-15-27)33(42)25-11-16-28-29(19-25)43-21-30(39)37-28/h5-13,16,19,27H,1-4,14-15,17-18,20-21,34H2,(H,35,40)(H,36,41)(H,37,39)",False,-1,"['35; UNC8153', '7; UNC8153', '60; UNC8153']","['N-[[4-[[4-(6-aminohexylcarbamoyl)phenyl]carbamoyl]phenyl]methyl]-N-cyclopropyl-3-oxo-4H-1,4-benzoxazine-7-carboxamide', 'N-(4-((4-((6-aminohexyl)carbamoyl)phenyl)carbamoyl)benzyl)-N-cyclopropyl-3-oxo-3,4-dihydro-2H-benzo[b][1,4]oxazine-7-carboxamide', 'N-(4-((4-((6-aminohexyl)carbamoyl)phenyl)carbamoyl)benzyl)-N-cyclopropyl-3-oxo-3,4-dihydro-2H-benzo[b][1,4]oxazine-7-carboxamide']"
CHEMBL5517868,,,,,348.41,3,4,2.85,82.17,5.0,2.0,0.0,3.0,N,0.76,3.0,MOL,-1,26.0,-0.67,C20H20N4O2,Cc1ccc(CN)cc1-c1ncn(C)c1-c1ccc2c(c1)OCC(=O)N2,DXBREQYPXPKCLM-UHFFFAOYSA-N,"InChI=1S/C20H20N4O2/c1-12-3-4-13(9-21)7-15(12)19-20(24(2)11-22-19)14-5-6-16-17(8-14)26-10-18(25)23-16/h3-8,11H,9-10,21H2,1-2H3,(H,23,25)",False,-1,['15'],"['7-(4-(5-(Aminomethyl)-2-methylphenyl)-1-methyl-1H-imidazol-5-yl)-2H-benzo[b][1,4]oxazin-3(4H)-one']"
CHEMBL5620247,,,,,399.5,1,1,2.82,92.53,8.0,1.0,0.0,8.0,N,0.68,2.0,MOL,-1,29.0,-1.23,C21H29N5O3,COCCOc1cc2nc(C#N)nc(NC3CCN(C(C)C)CC3)c2cc1OC,GXHXSWUSAUPXII-UHFFFAOYSA-N,"InChI=1S/C21H29N5O3/c1-14(2)26-7-5-15(6-8-26)23-21-16-11-18(28-4)19(29-10-9-27-3)12-17(16)24-20(13-22)25-21/h11-12,14-15H,5-10H2,1-4H3,(H,23,24,25)",False,-1,['40'],['4-((1-Isopropylpiperidin-4-yl)amino)-6-methoxy-7-(2-methoxyethoxy)quinazoline-2-carbonitrile']
CHEMBL1504596,,,Small molecule,,440.63,14,18,5.13,68.7,4.0,2.0,1.0,9.0,N,0.57,2.0,MOL,-1,32.0,-1.3,C26H40N4O2,CCN(CC)CCCN(Cc1cc2ccc(C)c(C)c2nc1O)C(=O)NC1CCCCC1,VBLQQVZWDKIYLH-UHFFFAOYSA-N,"InChI=1S/C26H40N4O2/c1-5-29(6-2)15-10-16-30(26(32)27-23-11-8-7-9-12-23)18-22-17-21-14-13-19(3)20(4)24(21)28-25(22)31/h13-14,17,23H,5-12,15-16,18H2,1-4H3,(H,27,32)(H,28,31)",False,-1,['SID14722628'],['SID14722628']
CHEMBL3422654,,,Small molecule,,351.37,7,9,1.67,150.18,6.0,5.0,0.0,5.0,N,0.47,3.0,MOL,-1,26.0,-0.62,C18H17N5O3,N#Cc1c(N)[nH]c2ccc(Oc3ccc(NC(=O)[C@@H](N)CO)cc3)cc12,COLOVWUHIINYEF-HNNXBMFYSA-N,"InChI=1S/C18H17N5O3/c19-8-14-13-7-12(5-6-16(13)23-17(14)21)26-11-3-1-10(2-4-11)22-18(25)15(20)9-24/h1-7,15,23-24H,9,20-21H2,(H,22,25)/t15-/m0/s1",False,-1,"['13', '44']","['(S)-2-amino-N-(4-(2-amino-3-cyano-1H-indol-5-yloxy)phenyl)-3-hydroxypropanamide', '(2S)-2-Amino-N-[4-[(2-amino-3-cyano-1H-indol-5-yl)oxy]phenyl]-3-hydroxy-propanamide']"
CHEMBL5406268,,,,,439.85,3,3,1.9,99.6,6.0,2.0,0.0,5.0,N,0.73,1.0,MOL,-1,30.0,-0.07,C20H20ClF2N3O4,O=C1C(Cl)=C(NCCC2(O)CCN(C(=O)C3CC3(F)F)CC2)C(=O)c2ncccc21,MFRUOYMNNALBDU-UHFFFAOYSA-N,"InChI=1S/C20H20ClF2N3O4/c21-13-15(17(28)14-11(16(13)27)2-1-6-24-14)25-7-3-19(30)4-8-26(9-5-19)18(29)12-10-20(12,22)23/h1-2,6,12,25,30H,3-5,7-10H2",False,-1,['14e'],"['6-chloro-7-((2-(1-(2,2-difluorocyclopropane-1-carbonyl)-4-hydroxypiperidin-4-yl)ethyl)amino)quinoline-5,8-dione']"
CHEMBL5179727,,,,,367.46,1,1,4.25,80.52,5.0,1.0,0.0,3.0,N,0.59,4.0,MOL,-1,28.0,-0.74,C23H21N5,Cc1cc(CN)cc(C)c1-c1ncn(C)c1-c1ccc(C#N)c2ncccc12,PKNAWOSDGDUQEP-UHFFFAOYSA-N,"InChI=1S/C23H21N5/c1-14-9-16(11-24)10-15(2)20(14)22-23(28(3)13-27-22)19-7-6-17(12-25)21-18(19)5-4-8-26-21/h4-10,13H,11,24H2,1-3H3",False,-1,['14'],"['5-(4-(4-(aminomethyl)-2,6-dimethylphenyl)-1-methyl-1H-imidazol-5-yl)quinoline-8-carbonitrile']"
CHEMBL1309165,,,Small molecule,,277.28,38,55,3.04,92.93,4.0,3.0,0.0,2.0,N,0.5,3.0,MOL,-1,21.0,-0.74,C16H11N3O2,N#C/C(=C/c1ccc(O)c(O)c1)c1nc2ccccc2[nH]1,VQDBNQGKHHMTAF-XFFZJAGNSA-N,"InChI=1S/C16H11N3O2/c17-9-11(7-10-5-6-14(20)15(21)8-10)16-18-12-3-1-2-4-13(12)19-16/h1-8,20-21H,(H,18,19)/b11-7-",False,-1,['SID49665251'],['SID49665251']
CHEMBL5619100,,,,,546.53,1,4,2.73,141.23,10.0,3.0,1.0,7.0,N,0.3,4.0,MOL,-1,39.0,-0.65,C25H26F4N8O2,COc1cc(F)c(-c2cc(Cn3cnc4c(N)ncnc43)c(N3CCC[C@](N)([C@H](O)C(F)F)C3)cn2)cc1F,PIFXSVGCYBHXHR-PXDATVDWSA-N,"InChI=1S/C25H26F4N8O2/c1-39-19-7-15(26)14(6-16(19)27)17-5-13(9-37-12-35-20-23(30)33-11-34-24(20)37)18(8-32-17)36-4-2-3-25(31,10-36)21(38)22(28)29/h5-8,11-12,21-22,38H,2-4,9-10,31H2,1H3,(H2,30,33,34)/t21-,25-/m1/s1",False,-1,"['7', 'BDBM567960']","['(S)-1-((R)-3-amino-1-(4-((6-amino-9H-purin-9-yl)methyl)-6-(2,5-difluoro-4-methoxyphenyl)pyridin-3-yl)piperidin-3-yl)-2,2-difluoroethan-1-ol', 'US11420970, Example 161']"
CHEMBL5431172,,,,,312.29,1,1,2.52,114.98,6.0,2.0,0.0,3.0,N,0.57,3.0,MOL,-1,23.0,-2.31,C14H12N6O3,Cn1nnc2ccc(NC(=O)Nc3cccc([N+](=O)[O-])c3)cc21,FWNGJGFKYYRQQC-UHFFFAOYSA-N,"InChI=1S/C14H12N6O3/c1-19-13-8-10(5-6-12(13)17-18-19)16-14(21)15-9-3-2-4-11(7-9)20(22)23/h2-8H,1H3,(H2,15,16,21)",False,-1,['13'],"['1-(1-methyl-1H-benzo[d][1,2,3]triazol-6-yl)-3-(3-nitrophenyl)urea']"
CHEMBL5542909,,,,,416.53,2,3,4.38,59.39,5.0,1.0,0.0,4.0,N,0.69,3.0,MOL,-1,31.0,-1.05,C25H28N4O2,Cc1cc(CN2CCCCC2)ccc1-c1ncn(C)c1-c1ccc2c(c1)OCC(=O)N2,CDZHONALNGXILP-UHFFFAOYSA-N,"InChI=1S/C25H28N4O2/c1-17-12-18(14-29-10-4-3-5-11-29)6-8-20(17)24-25(28(2)16-26-24)19-7-9-21-22(13-19)31-15-23(30)27-21/h6-9,12-13,16H,3-5,10-11,14-15H2,1-2H3,(H,27,30)",False,-1,['14'],"['7-(1-Methyl-4-(2-methyl-4-(piperidin-1-ylmethyl)phenyl)-1H-imidazol-5-yl)-2H-benzo[b][1,4]oxazin-3(4H)-one']"
CHEMBL5589842,,,,,355.44,4,5,2.8,83.3,7.0,1.0,0.0,5.0,N,0.88,2.0,MOL,-1,26.0,-1.11,C19H25N5O2,COc1cc2nc(C#N)nc(NC3CCN(C(C)C)CC3)c2cc1OC,YZCVYKLALYEZAY-UHFFFAOYSA-N,"InChI=1S/C19H25N5O2/c1-12(2)24-7-5-13(6-8-24)21-19-14-9-16(25-3)17(26-4)10-15(14)22-18(11-20)23-19/h9-10,12-13H,5-8H2,1-4H3,(H,21,22,23)",False,-1,"['15', '29']","['4-((1-isopropylpiperidin-4-yl)amino)-6,7-dimethoxyquinazoline-2-carbonitrile', '6,7-Dimethoxy-4-((1-isopropylpiperidin-4-yl)amino)quinazoline-2-carbonitrile']"
CHEMBL5592690,,,,,271.36,1,1,2.48,70.91,2.0,3.0,0.0,2.0,N,0.78,2.0,MOL,-1,20.0,-1.08,C16H21N3O,Cc1cccc2cc(C(=O)NC3CCC(N)CC3)[nH]c12,HUECPDIVYYQQOT-CZLNCXOFSA-N,"InChI=1S/C16H21N3O/c1-10-3-2-4-11-9-14(19-15(10)11)16(20)18-13-7-5-12(17)6-8-13/h2-4,9,12-13,19H,5-8,17H2,1H3,(H,18,20)/t12-,13?",False,-1,['1'],['N-(4-aminocyclohexyl)-7-methyl-1H-indole-2-carboxamide']
CHEMBL5800609,,,,,547.55,1,3,3.49,144.89,10.0,3.0,1.0,5.0,N,0.28,5.0,MOL,-1,40.0,-0.87,C27H24F3N9O,Nc1ncnc2c1ncn2Cc1cc(-c2ccc(F)c(F)c2)ncc1N1CCCC(N)(c2ccc(O)c(F)n2)C1,KRKLHQTWSPLDTB-UHFFFAOYSA-N,"InChI=1S/C27H24F3N9O/c28-17-3-2-15(8-18(17)29)19-9-16(11-39-14-36-23-25(31)34-13-35-26(23)39)20(10-33-19)38-7-1-6-27(32,12-38)22-5-4-21(40)24(30)37-22/h2-5,8-10,13-14,40H,1,6-7,11-12,32H2,(H2,31,34,35)",False,-1,['BDBM568012'],"['US11420970, Example 214']"
CHEMBL6021723,,,,,494.58,1,3,4.11,111.77,8.0,2.0,0.0,5.0,N,0.38,5.0,MOL,-1,37.0,-0.96,C28H27FN8,Nc1nccc2c1ncn2Cc1cc(-c2ccc(F)cc2)ncc1N1CCCC(N)(c2ccccn2)C1,JHIJCQZHSBQHTB-UHFFFAOYSA-N,"InChI=1S/C28H27FN8/c29-21-7-5-19(6-8-21)22-14-20(16-37-18-35-26-23(37)9-12-33-27(26)30)24(15-34-22)36-13-3-10-28(31,17-36)25-4-1-2-11-32-25/h1-2,4-9,11-12,14-15,18H,3,10,13,16-17,31H2,(H2,30,33)",False,-1,['BDBM568064'],"['US11420970, Example 266']"
CHEMBL6002294,,,,,516.5,1,3,2.56,132.0,9.0,3.0,1.0,6.0,N,0.26,4.0,MOL,-1,37.0,-0.73,C24H24F4N8O,Nc1ncnc2c1ncn2Cc1cc(-c2cc(F)c(F)cc2F)ncc1N1CCC[C@](N)([C@@H](F)CO)C1,PUQMTRGYMNBENI-GBXCKJPGSA-N,"InChI=1S/C24H24F4N8O/c25-15-6-17(27)16(26)5-14(15)18-4-13(8-36-12-34-21-22(29)32-11-33-23(21)36)19(7-31-18)35-3-1-2-24(30,10-35)20(28)9-37/h4-7,11-12,20,37H,1-3,8-10,30H2,(H2,29,32,33)/t20-,24+/m0/s1",False,-1,['BDBM568084'],"['US11420970, Example 286']"
CHEMBL5800839,,,,,531.55,1,3,3.79,124.66,9.0,2.0,1.0,5.0,N,0.33,5.0,MOL,-1,39.0,-1.08,C27H24F3N9,Nc1ncnc2c1ncn2Cc1cc(-c2ccc(F)c(F)c2)ncc1N1CCCC(N)(c2cccc(F)n2)C1,RRTHHQKNOGTJLZ-UHFFFAOYSA-N,"InChI=1S/C27H24F3N9/c28-18-6-5-16(9-19(18)29)20-10-17(12-39-15-36-24-25(31)34-14-35-26(24)39)21(11-33-20)38-8-2-7-27(32,13-38)22-3-1-4-23(30)37-22/h1,3-6,9-11,14-15H,2,7-8,12-13,32H2,(H2,31,34,35)",False,-1,['BDBM568060'],"['US11420970, Example 262']"
CHEMBL5902446,,,,,454.46,1,3,2.83,111.77,8.0,2.0,0.0,4.0,N,0.49,4.0,MOL,-1,33.0,-1.01,C22H21F3N8,Nc1ncnc2c1ncn2Cc1cc(-c2cccc(F)c2)ncc1N1CCC(F)(F)C(N)C1,KJVWJAOMLPDQCX-UHFFFAOYSA-N,"InChI=1S/C22H21F3N8/c23-15-3-1-2-13(6-15)16-7-14(9-33-12-31-19-20(27)29-11-30-21(19)33)17(8-28-16)32-5-4-22(24,25)18(26)10-32/h1-3,6-8,11-12,18H,4-5,9-10,26H2,(H2,27,29,30)",False,-1,['BDBM567816'],"['US11420970, Example 17']"
CHEMBL5969041,,,,,566.51,1,3,3.66,132.0,9.0,3.0,1.0,7.0,N,0.29,4.0,MOL,-1,40.0,-0.65,C25H24F6N8O,Nc1ncnc2c1ncn2Cc1cc(-c2cc(F)c(F)cc2C(F)F)ncc1N1CCC[C@](N)([C@@H](O)C(F)F)C1,CEIVZPPHKBDONO-NBGIEHNGSA-N,"InChI=1S/C25H24F6N8O/c26-15-5-13(14(21(28)29)6-16(15)27)17-4-12(8-39-11-37-19-23(32)35-10-36-24(19)39)18(7-34-17)38-3-1-2-25(33,9-38)20(40)22(30)31/h4-7,10-11,20-22,40H,1-3,8-9,33H2,(H2,32,35,36)/t20-,25+/m0/s1",False,-1,['BDBM567969'],"['US11420970, Example 170']"
CHEMBL5418173,,,,,315.31,1,3,3.24,110.05,6.0,2.0,0.0,3.0,N,0.57,3.0,MOL,-1,22.0,-2.29,C13H9N5O3S,O=C(Nc1cccc([N+](=O)[O-])c1)Nc1ccc2nnsc2c1,YFFSMAXJXAKYIX-UHFFFAOYSA-N,"InChI=1S/C13H9N5O3S/c19-13(14-8-2-1-3-10(6-8)18(20)21)15-9-4-5-11-12(7-9)22-17-16-11/h1-7H,(H2,14,15,19)",False,-1,"['15', '21']","['1-(benzo[d][1,2,3]thiadiazol-6-yl)-3-(3-nitrophenyl)urea', '1-(benzo[d][1,2,3]thiadiazol-6-yl)-3-(3-nitrophenyl)urea']"
CHEMBL5183061,,,,,356.35,1,1,4.1,67.63,4.0,1.0,0.0,3.0,N,0.77,3.0,MOL,-1,26.0,-0.99,C19H15F3N4,Cn1cnc(-c2ccc(CN)cc2C(F)(F)F)c1-c1ccc(C#N)cc1,ZAFVXKKKUNEGOP-UHFFFAOYSA-N,"InChI=1S/C19H15F3N4/c1-26-11-25-17(18(26)14-5-2-12(9-23)3-6-14)15-7-4-13(10-24)8-16(15)19(20,21)22/h2-8,11H,10,24H2,1H3",False,-1,['10'],['4-(4-(4-(aminomethyl)-2-(trifluoromethyl)phenyl)-1-methyl-1H-imidazol-5-yl)benzonitrile']
CHEMBL5402620,,,,,381.77,3,3,1.95,88.16,5.0,2.0,0.0,4.0,N,0.83,1.0,MOL,-1,26.0,-0.31,C17H14ClF2N3O3,CC(F)(F)C(=O)NC12CC(NC3=C(Cl)C(=O)c4cccnc4C3=O)(C1)C2,WAMZKBAOGFIKSS-UHFFFAOYSA-N,"InChI=1S/C17H14ClF2N3O3/c1-15(19,20)14(26)23-17-5-16(6-17,7-17)22-11-9(18)12(24)8-3-2-4-21-10(8)13(11)25/h2-4,22H,5-7H2,1H3,(H,23,26)",False,-1,['14c'],"['N-(3-((6-chloro-5,8-dioxo-5,8-dihydroquinolin-7-yl)amino)bicyclo[1.1.1]pentan-1-yl)-2,2-difluoropropanamide']"
CHEMBL5403046,,,,,383.84,1,1,1.86,70.58,5.0,0.0,0.0,1.0,N,0.69,1.0,MOL,-1,27.0,-0.26,C20H18ClN3O3,CC#CC(=O)N1CCC2(CC1)CN(C1=C(Cl)C(=O)c3ncccc3C1=O)C2,WDSMMWFAUCZTEC-UHFFFAOYSA-N,"InChI=1S/C20H18ClN3O3/c1-2-4-14(25)23-9-6-20(7-10-23)11-24(12-20)17-15(21)19(27)16-13(18(17)26)5-3-8-22-16/h3,5,8H,6-7,9-12H2,1H3",False,-1,['15j'],"['6-(7-(but-2-ynoyl)-2,7-diazaspiro[3.5]nonan-2-yl)-7-chloroquinoline-5,8-dione']"
CHEMBL5899700,,,,,528.54,1,3,2.59,141.23,10.0,3.0,1.0,7.0,N,0.33,4.0,MOL,-1,38.0,-0.63,C25H27F3N8O2,COc1cc(F)ccc1-c1cc(Cn2cnc3c(N)ncnc32)c(N2CCC[C@](N)([C@@H](O)C(F)F)C2)cn1,JJEPJVZPBAPWBK-SQJMNOBHSA-N,"InChI=1S/C25H27F3N8O2/c1-38-19-8-15(26)3-4-16(19)17-7-14(10-36-13-34-20-23(29)32-12-33-24(20)36)18(9-31-17)35-6-2-5-25(30,11-35)21(37)22(27)28/h3-4,7-9,12-13,21-22,37H,2,5-6,10-11,30H2,1H3,(H2,29,32,33)/t21-,25+/m0/s1",False,-1,['BDBM567973'],"['US11420970, Example 174']"
CHEMBL5181192,,,,,436.56,1,1,4.96,65.08,5.0,1.0,0.0,4.0,N,0.49,4.0,MOL,-1,33.0,-0.83,C28H28N4O,Cc1cc(CN2CCC(O)C2)cc(C)c1-c1ncn(C)c1-c1ccc(C#N)c2ccccc12,VBXDCCAJVLLJET-UHFFFAOYSA-N,"InChI=1S/C28H28N4O/c1-18-12-20(15-32-11-10-22(33)16-32)13-19(2)26(18)27-28(31(3)17-30-27)25-9-8-21(14-29)23-6-4-5-7-24(23)25/h4-9,12-13,17,22,33H,10-11,15-16H2,1-3H3",False,-1,['39'],"['4-(4-(4-((3-hydroxypyrrolidin-1-yl)methyl)-2,6-dimethylphenyl)-1-methyl-1H-imidazol-5-yl)-1-naphthonitrile']"
CHEMBL5170530,,,,,549.72,1,1,6.88,83.18,6.0,1.0,2.0,5.0,N,0.29,4.0,MOL,-1,41.0,-1.04,C34H39N5O2,Cc1cc(CN2CCC(NC(=O)OC(C)(C)C)CC2)cc(C)c1-c1ncn(C)c1-c1ccc(C#N)c2ccccc12,PHJINNRDSQREGF-UHFFFAOYSA-N,"InChI=1S/C34H39N5O2/c1-22-17-24(20-39-15-13-26(14-16-39)37-33(40)41-34(3,4)5)18-23(2)30(22)31-32(38(6)21-36-31)29-12-11-25(19-35)27-9-7-8-10-28(27)29/h7-12,17-18,21,26H,13-16,20H2,1-6H3,(H,37,40)",False,-1,['36'],"['tert-butyl (1-(4-(5-(4-cyanonaphthalen-1-yl)-1-methyl-1H-imidazol-4-yl)-3,5-dimethylbenzyl)piperidin-4-yl)carbamate']"
CHEMBL5172159,,,,,331.42,1,1,3.28,93.65,5.0,2.0,0.0,3.0,N,0.72,3.0,MOL,-1,25.0,-0.69,C20H21N5,Cc1cc(CN)cc(C)c1-c1ncn(C)c1-c1ccc(C#N)c(N)c1,BNKMMQAIJNQGDK-UHFFFAOYSA-N,"InChI=1S/C20H21N5/c1-12-6-14(9-21)7-13(2)18(12)19-20(25(3)11-24-19)15-4-5-16(10-22)17(23)8-15/h4-8,11H,9,21,23H2,1-3H3",False,-1,['15'],"['2-amino-4-(4-(4-(aminomethyl)-2,6-dimethylphenyl)-1-methyl-1H-imidazol-5-yl)benzonitrile']"
CHEMBL5416709,,,,,1238.46,2,2,,,,,,,,,,MOL,-1,,,C61H87N7O18S,O=C(CCCC[C@@H]1SC[C@@H]2NC(=O)N[C@@H]21)NCCOCCOCCOCCOCCOCCOCCOCCOCCOCCOCCOCCNC(=O)c1ccc(NC(=O)c2ccc(CN(C(=O)c3ccc4c(c3)OCC(=O)N4)C3CC3)cc2)cc1,JXTDBIVBSAFNBJ-PLCURSASSA-N,"InChI=1S/C61H87N7O18S/c69-55(4-2-1-3-54-57-52(44-87-54)66-61(74)67-57)62-17-19-75-21-23-77-25-27-79-29-31-81-33-35-83-37-39-85-40-38-84-36-34-82-32-30-80-28-26-78-24-22-76-20-18-63-58(71)46-9-12-49(13-10-46)64-59(72)47-7-5-45(6-8-47)42-68(50-14-15-50)60(73)48-11-16-51-53(41-48)86-43-56(70)65-51/h5-13,16,41,50,52,54,57H,1-4,14-15,17-40,42-44H2,(H,62,69)(H,63,71)(H,64,72)(H,65,70)(H2,66,67,74)/t52-,54-,57-/m0/s1",False,-1,['53; UNC7145'],"['N-cyclopropyl-3-oxo-N-(4-((4-((37-oxo-41-((3aS,4S,6aR)-2-oxohexahydro-1H-thieno[3,4-d]imidazol-4-yl)-3,6,9,12,15,18,21,24,27,30,33-undecaoxa-36-azahentetracontyl)carbamoyl)phenyl)carbamoyl)benzyl)-3,4-dihydro-2H-benzo[b][1,4]oxazine-7-carboxamide']"
CHEMBL5428630,,,,,351.79,1,1,3.22,74.85,4.0,2.0,0.0,4.0,N,0.76,3.0,MOL,-1,25.0,-0.27,C19H14ClN3O2,O=C1C(NCCc2c[nH]c3ccccc23)=C(Cl)C(=O)c2ncccc21,RMLBSODULWIGPL-UHFFFAOYSA-N,"InChI=1S/C19H14ClN3O2/c20-15-17(18(24)13-5-3-8-21-16(13)19(15)25)22-9-7-11-10-23-14-6-2-1-4-12(11)14/h1-6,8,10,22-23H,7,9H2",False,-1,['12c'],"['6-((2-(1H-indol-3-yl)ethyl)amino)-7-chloroquinoline-5,8-dione']"
CHEMBL5435504,,,,,393.78,1,1,1.95,88.16,5.0,2.0,0.0,4.0,N,0.82,1.0,MOL,-1,27.0,-0.15,C18H14ClF2N3O3,O=C1C(Cl)=C(NC23CC(NC(=O)C4CC4(F)F)(C2)C3)C(=O)c2ncccc21,UJKOPNAULYODRU-UHFFFAOYSA-N,"InChI=1S/C18H14ClF2N3O3/c19-10-12(14(26)11-8(13(10)25)2-1-3-22-11)23-16-5-17(6-16,7-16)24-15(27)9-4-18(9,20)21/h1-3,9,23H,4-7H2,(H,24,27)",False,-1,['14b'],"['N-(3-((6-chloro-5,8-dioxo-5,8-dihydroquinolin-7-yl)amino)bicyclo[1.1.1]pentan-1-yl)-2,2-difluorocyclopropane-1-carboxamide']"
CHEMBL5435611,,,,,329.74,1,1,0.73,79.37,5.0,1.0,0.0,2.0,N,0.81,1.0,MOL,-1,23.0,-0.11,C16H12ClN3O3,CC#CC(=O)NC1CN(C2=C(Cl)C(=O)c3ncccc3C2=O)C1,DOYQVMPICFMBAO-UHFFFAOYSA-N,"InChI=1S/C16H12ClN3O3/c1-2-4-11(21)19-9-7-20(8-9)14-12(17)16(23)13-10(15(14)22)5-3-6-18-13/h3,5-6,9H,7-8H2,1H3,(H,19,21)",False,-1,['15h'],"['N-(1-(7-chloro-5,8-dioxo-5,8-dihydroquinolin-7-yl)azetidin-3-yl)but-2-ynamide']"
CHEMBL5424751,,,,,383.84,1,1,1.86,70.58,5.0,0.0,0.0,1.0,N,0.69,1.0,MOL,-1,27.0,-0.25,C20H18ClN3O3,CC#CC(=O)N1CCC2(CC1)CN(C1=C(Cl)C(=O)c3cccnc3C1=O)C2,YDIINXBBPNTGSJ-UHFFFAOYSA-N,"InChI=1S/C20H18ClN3O3/c1-2-4-14(25)23-9-6-20(7-10-23)11-24(12-20)17-15(21)18(26)13-5-3-8-22-16(13)19(17)27/h3,5,8H,6-7,9-12H2,1H3",False,-1,['14j'],"['7-(7-(but-2-ynoyl)-2,7-diazaspiro[3.5]nonan-2-yl)-6-chloroquinoline-5,8-dione']"
CHEMBL5591835,,,,,450.59,4,4,3.41,86.54,8.0,1.0,0.0,9.0,N,0.58,2.0,MOL,-1,33.0,-1.15,C25H34N6O2,COc1cc2c(NC3CCN(C4CC4)CC3)nc(C#N)nc2cc1OCCCN1CCCC1,MBUONUPUCSDIFQ-UHFFFAOYSA-N,"InChI=1S/C25H34N6O2/c1-32-22-15-20-21(16-23(22)33-14-4-11-30-9-2-3-10-30)28-24(17-26)29-25(20)27-18-7-12-31(13-8-18)19-5-6-19/h15-16,18-19H,2-14H2,1H3,(H,27,28,29)",False,-1,['19'],['4-((1-cyclopropylpiperidin-4-yl)amino)-6-methoxy-7-(3-(pyrrolidin-1-yl)propoxy)quinazoline-2-carbonitrile']
CHEMBL5559547,,,,,280.29,2,2,1.36,102.64,7.0,1.0,0.0,4.0,N,0.77,3.0,MOL,-1,21.0,-1.45,C14H12N6O,N#Cc1ccccc1OCCn1cnc2c(N)ncnc21,ZVEKKILEZBZOFW-UHFFFAOYSA-N,"InChI=1S/C14H12N6O/c15-7-10-3-1-2-4-11(10)21-6-5-20-9-19-12-13(16)17-8-18-14(12)20/h1-4,8-9H,5-6H2,(H2,16,17,18)",False,-1,['13'],['2-(2-(6-amino-9H-purin-9-yl)ethoxy)benzonitrile']
CHEMBL5746181,,,,,492.56,1,3,2.35,141.23,10.0,3.0,0.0,6.0,N,0.37,4.0,MOL,-1,36.0,-0.72,C25H29FN8O2,COc1ccc(-c2cc(Cn3cnc4c(N)ncnc43)c(N3CCC[C@](N)([C@@H](C)O)C3)cn2)cc1F,TULGIIDJPDOOLH-SGANQWHYSA-N,"InChI=1S/C25H29FN8O2/c1-15(35)25(28)6-3-7-33(12-25)20-10-29-19(16-4-5-21(36-2)18(26)8-16)9-17(20)11-34-14-32-22-23(27)30-13-31-24(22)34/h4-5,8-10,13-15,35H,3,6-7,11-12,28H2,1-2H3,(H2,27,30,31)/t15-,25-/m1/s1",False,-1,['BDBM567889'],"['US11420970, Example 90']"
CHEMBL5174009,,,,,436.56,1,1,5.23,54.08,5.0,0.0,1.0,4.0,N,0.44,4.0,MOL,-1,33.0,-1.05,C28H28N4O,Cc1cc(CN2CCOCC2)cc(C)c1-c1ncn(C)c1-c1ccc(C#N)c2ccccc12,LRPWZWOTQVVPME-UHFFFAOYSA-N,"InChI=1S/C28H28N4O/c1-19-14-21(17-32-10-12-33-13-11-32)15-20(2)26(19)27-28(31(3)18-30-27)25-9-8-22(16-29)23-6-4-5-7-24(23)25/h4-9,14-15,18H,10-13,17H2,1-3H3",False,-1,['34'],"['4-(4-(2,6-dimethyl-4-(morpholinomethyl)phenyl)-1-methyl-1H-imidazol-5-yl)-1-naphthonitrile']"
CHEMBL5433538,,,,,312.73,3,3,1.61,79.29,5.0,2.0,0.0,4.0,N,0.88,1.0,MOL,-1,21.0,-0.03,C14H14ClFN2O3,CC(C)(O)[C@H](F)CNC1=C(Cl)C(=O)c2cccnc2C1=O,DXEREVPJYMFRDY-MRVPVSSYSA-N,"InChI=1S/C14H14ClFN2O3/c1-14(2,21)8(16)6-18-11-9(15)12(19)7-4-3-5-17-10(7)13(11)20/h3-5,8,18,21H,6H2,1-2H3/t8-/m1/s1",False,-1,['11d'],"['(R)-6-chloro-7-((2-fluoro-3-hydroxy-3-methylbutyl)amino)quinoline-5,8-dione']"
CHEMBL5849834,,,,,516.5,1,3,3.33,121.0,9.0,2.0,1.0,7.0,N,0.36,4.0,MOL,-1,37.0,-1.02,C24H24F4N8O,Nc1ncnc2c1ncn2Cc1cc(-c2ccc(F)c(F)c2)ncc1N1CCC[C@](N)(COC(F)F)C1,FJEAHBJMQCSDTB-XMMPIXPASA-N,"InChI=1S/C24H24F4N8O/c25-16-3-2-14(6-17(16)26)18-7-15(9-36-13-34-20-21(29)32-12-33-22(20)36)19(8-31-18)35-5-1-4-24(30,10-35)11-37-23(27)28/h2-3,6-8,12-13,23H,1,4-5,9-11,30H2,(H2,29,32,33)/t24-/m1/s1",False,-1,['BDBM567840'],"['US11420970, Example 41']"
CHEMBL5805688,,,,,552.57,1,3,2.47,149.82,11.0,3.0,2.0,6.0,N,0.29,5.0,MOL,-1,40.0,-0.82,C26H27F3N10O,Cn1ncc2cc(-c3cc(Cn4cnc5c(N)ncnc54)c(N4CCC[C@](N)([C@H](O)C(F)F)C4)cn3)c(F)cc21,YADRUOFMBRNEAR-ATIYNZHBSA-N,"InChI=1S/C26H27F3N10O/c1-37-19-7-17(27)16(5-14(19)8-36-37)18-6-15(10-39-13-35-21-24(30)33-12-34-25(21)39)20(9-32-18)38-4-2-3-26(31,11-38)22(40)23(28)29/h5-9,12-13,22-23,40H,2-4,10-11,31H2,1H3,(H2,30,33,34)/t22-,26-/m1/s1",False,-1,['BDBM567942'],"['US11420970, Example 143']"
CHEMBL5791450,,,,,532.96,1,3,3.24,132.0,9.0,3.0,1.0,6.0,N,0.34,4.0,MOL,-1,37.0,-0.8,C24H24ClF3N8O,Nc1ncnc2c1ncn2Cc1cc(-c2ccc(Cl)cc2F)ncc1N1CCC[C@](N)([C@H](O)C(F)F)C1,QIHZOUNKSKTTRZ-HYBUGGRVSA-N,"InChI=1S/C24H24ClF3N8O/c25-14-2-3-15(16(26)7-14)17-6-13(9-36-12-34-19-22(29)32-11-33-23(19)36)18(8-31-17)35-5-1-4-24(30,10-35)20(37)21(27)28/h2-3,6-8,11-12,20-21,37H,1,4-5,9-10,30H2,(H2,29,32,33)/t20-,24-/m1/s1",False,-1,['BDBM567947'],"['US11420970, Example 148']"
CHEMBL5804942,,,,,578.55,1,3,3.47,141.23,10.0,3.0,1.0,7.0,N,0.28,4.0,MOL,-1,41.0,-0.53,C26H27F5N8O2,COc1ccc(-c2cc(Cn3cnc4c(N)ncnc43)c(N3CCC[C@](N)([C@H](O)C(F)F)C3)cn2)c(C(F)(F)F)c1,OIEVISJMZRPXHV-PXDATVDWSA-N,"InChI=1S/C26H27F5N8O2/c1-41-15-3-4-16(17(8-15)26(29,30)31)18-7-14(10-39-13-37-20-23(32)35-12-36-24(20)39)19(9-34-18)38-6-2-5-25(33,11-38)21(40)22(27)28/h3-4,7-9,12-13,21-22,40H,2,5-6,10-11,33H2,1H3,(H2,32,35,36)/t21-,25-/m1/s1",False,-1,['BDBM567966'],"['US11420970, Example 167']"
CHEMBL5929645,,,,,561.57,1,3,3.79,133.89,10.0,2.0,1.0,6.0,N,0.3,5.0,MOL,-1,41.0,-0.94,C28H26F3N9O,COc1cc(F)nc([C@@]2(N)CCCN(c3cnc(-c4ccc(F)c(F)c4)cc3Cn3cnc4c(N)ncnc43)C2)c1,PWMLDRSGOQTTRI-MUUNZHRXSA-N,"InChI=1S/C28H26F3N9O/c1-41-18-9-23(38-24(31)10-18)28(33)5-2-6-39(13-28)22-11-34-21(16-3-4-19(29)20(30)7-16)8-17(22)12-40-15-37-25-26(32)35-14-36-27(25)40/h3-4,7-11,14-15H,2,5-6,12-13,33H2,1H3,(H2,32,35,36)/t28-/m1/s1",False,-1,['BDBM568033'],"['US11420970, Example 235']"
CHEMBL5757933,,,,,533.95,1,3,2.63,144.89,10.0,3.0,1.0,6.0,N,0.32,4.0,MOL,-1,37.0,-0.76,C23H23ClF3N9O,Nc1ncnc2c1ncn2Cc1cc(-c2ccc(F)c(Cl)n2)ncc1N1CCC[C@](N)([C@H](O)C(F)F)C1,MFNSLFHVLUFBDA-WZONZLPQSA-N,"InChI=1S/C23H23ClF3N9O/c24-19-13(25)2-3-14(34-19)15-6-12(8-36-11-33-17-21(28)31-10-32-22(17)36)16(7-30-15)35-5-1-4-23(29,9-35)18(37)20(26)27/h2-3,6-7,10-11,18,20,37H,1,4-5,8-9,29H2,(H2,28,31,32)/t18-,23-/m1/s1",False,-1,['BDBM567974'],"['US11420970, Example 175']"
CHEMBL5785679,,,,,545.57,1,3,4.12,124.66,9.0,2.0,1.0,6.0,N,0.33,5.0,MOL,-1,40.0,-1.07,C28H26F3N9,Nc1ncnc2c1ncn2Cc1cc(-c2ccc(F)c(F)c2)ncc1N1CCC[C@](N)(c2cccc(CF)n2)C1,SVEPKYCTLHGPIX-MUUNZHRXSA-N,"InChI=1S/C28H26F3N9/c29-11-19-3-1-4-24(38-19)28(33)7-2-8-39(14-28)23-12-34-22(17-5-6-20(30)21(31)9-17)10-18(23)13-40-16-37-25-26(32)35-15-36-27(25)40/h1,3-6,9-10,12,15-16H,2,7-8,11,13-14,33H2,(H2,32,35,36)/t28-/m1/s1",False,-1,['BDBM568024'],"['US11420970, Example 226']"
CHEMBL5903897,,,,,522.63,1,3,4.67,111.77,8.0,2.0,1.0,6.0,N,0.31,5.0,MOL,-1,39.0,-0.99,C30H31FN8,CCc1cncc([C@@]2(N)CCCN(c3cnc(-c4ccc(F)cc4)cc3Cn3cnc4c(N)cccc43)C2)n1,GVXNCAMWZMPGKY-SSEXGKCCSA-N,"InChI=1S/C30H31FN8/c1-2-23-14-34-16-28(37-23)30(33)11-4-12-38(18-30)27-15-35-25(20-7-9-22(31)10-8-20)13-21(27)17-39-19-36-29-24(32)5-3-6-26(29)39/h3,5-10,13-16,19H,2,4,11-12,17-18,32-33H2,1H3/t30-/m1/s1",False,-1,['BDBM568054'],"['US11420970, Example 256']"
CHEMBL5976420,,,,,523.62,1,3,4.25,116.7,9.0,2.0,1.0,6.0,N,0.34,5.0,MOL,-1,39.0,-1.0,C29H30FN9,Nc1nccc2c1ncn2Cc1cc(-c2ccc(F)cc2)ncc1N1CCCC(N)(c2ccn(C3CC3)n2)C1,SVYOTERKALONKD-UHFFFAOYSA-N,"InChI=1S/C29H30FN9/c30-21-4-2-19(3-5-21)23-14-20(16-38-18-35-27-24(38)8-11-33-28(27)31)25(15-34-23)37-12-1-10-29(32,17-37)26-9-13-39(36-26)22-6-7-22/h2-5,8-9,11,13-15,18,22H,1,6-7,10,12,16-17,32H2,(H2,31,33)",False,-1,['BDBM568078'],"['US11420970, Example 280']"
CHEMBL5749148,,,,,532.96,1,3,3.24,132.0,9.0,3.0,1.0,6.0,N,0.34,4.0,MOL,-1,37.0,-0.92,C24H24ClF3N8O,Nc1ncnc2c1ncn2Cc1cc(-c2ccc(F)c(Cl)c2)ncc1N1CCC[C@](N)([C@@H](O)C(F)F)C1,BXMAIDIAIYUMSH-GBXCKJPGSA-N,"InChI=1S/C24H24ClF3N8O/c25-15-6-13(2-3-16(15)26)17-7-14(9-36-12-34-19-22(29)32-11-33-23(19)36)18(8-31-17)35-5-1-4-24(30,10-35)20(37)21(27)28/h2-3,6-8,11-12,20-21,37H,1,4-5,9-10,30H2,(H2,29,32,33)/t20-,24+/m0/s1",False,-1,['BDBM567921'],"['US11420970, Example 122']"
CHEMBL5778206,,,,,560.04,1,3,4.17,133.89,10.0,2.0,1.0,6.0,N,0.29,5.0,MOL,-1,40.0,-0.83,C28H27ClFN9O,COc1ccc(-c2cc(Cn3cnc4c(N)ncnc43)c(N3CCC[C@](N)(c4cccc(Cl)n4)C3)cn2)c(F)c1,HQHIGLBQTFOWMR-MUUNZHRXSA-N,"InChI=1S/C28H27ClFN9O/c1-40-18-6-7-19(20(30)11-18)21-10-17(13-39-16-36-25-26(31)34-15-35-27(25)39)22(12-33-21)38-9-3-8-28(32,14-38)23-4-2-5-24(29)37-23/h2,4-7,10-12,15-16H,3,8-9,13-14,32H2,1H3,(H2,31,34,35)/t28-/m1/s1",False,-1,['BDBM567980'],"['US11420970, Example 181']"
CHEMBL5967216,,,,,469.6,1,3,3.14,124.66,9.0,2.0,0.0,6.0,N,0.44,4.0,MOL,-1,35.0,-0.74,C26H31N9,CCc1cccc([C@@]2(N)CCCN(c3cnc(C4CC4)cc3Cn3cnc4c(N)ncnc43)C2)n1,XREOIFYIFYNZBF-AREMUKBSSA-N,"InChI=1S/C26H31N9/c1-2-19-5-3-6-22(33-19)26(28)9-4-10-34(14-26)21-12-29-20(17-7-8-17)11-18(21)13-35-16-32-23-24(27)30-15-31-25(23)35/h3,5-6,11-12,15-17H,2,4,7-10,13-14,28H2,1H3,(H2,27,30,31)/t26-/m1/s1",False,-1,['BDBM568050'],"['US11420970, Example 252']"
CHEMBL6061314,,,,,517.54,1,3,3.55,137.8,10.0,2.0,1.0,5.0,N,0.36,5.0,MOL,-1,38.0,-1.28,C26H25F2N9O,Cc1cc([C@@]2(N)CCCN(c3cnc(-c4ccc(F)c(F)c4)cc3Cn3cnc4c(N)ncnc43)C2)no1,GLNYSDHRUSRCGS-AREMUKBSSA-N,"InChI=1S/C26H25F2N9O/c1-15-7-22(35-38-15)26(30)5-2-6-36(12-26)21-10-31-20(16-3-4-18(27)19(28)8-16)9-17(21)11-37-14-34-23-24(29)32-13-33-25(23)37/h3-4,7-10,13-14H,2,5-6,11-12,30H2,1H3,(H2,29,32,33)/t26-/m1/s1",False,-1,['BDBM568082'],"['US11420970, Example 284']"
CHEMBL1092583,,,Small molecule,,381.39,1,1,-2.06,208.65,11.0,6.0,2.0,7.0,N,0.31,2.0,MOL,-1,27.0,1.25,C15H23N7O5,Nc1ncnc2c1ncn2[C@@H]1O[C@H](CC(N)CC[C@H](N)C(=O)O)[C@@H](O)[C@H]1O,LMXOHSDXUQEUSF-SXWQXWLMSA-N,"InChI=1S/C15H23N7O5/c16-6(1-2-7(17)15(25)26)3-8-10(23)11(24)14(27-8)22-5-21-9-12(18)19-4-20-13(9)22/h4-8,10-11,14,23-24H,1-3,16-17H2,(H,25,26)(H2,18,19,20)/t6?,7-,8+,10+,11+,14+/m0/s1",False,-1,['2'],"['(2S)-2,5-diamino-6-[(2R,3S,4R,5R)-5-(6-aminopurin-9-yl)-3,4-dihydroxy-tetrahydrofuran-2-yl]hexanoic acid']"
CHEMBL5891742,,,,,490.54,1,3,2.52,138.07,10.0,2.0,0.0,6.0,N,0.39,4.0,MOL,-1,36.0,-0.75,C25H27FN8O2,COC(=O)C[C@@]1(N)CCCN(c2cnc(-c3cccc(F)c3)cc2Cn2cnc3c(N)ncnc32)C1,ASGCHPPYHXTBIP-VWLOTQADSA-N,"InChI=1S/C25H27FN8O2/c1-36-21(35)10-25(28)6-3-7-33(13-25)20-11-29-19(16-4-2-5-18(26)8-16)9-17(20)12-34-15-32-22-23(27)30-14-31-24(22)34/h2,4-5,8-9,11,14-15H,3,6-7,10,12-13,28H2,1H3,(H2,27,30,31)/t25-/m0/s1",False,-1,['BDBM567872'],"['US11420970, Example 73']"
CHEMBL5930980,,,,,548.52,1,3,3.52,132.0,9.0,3.0,1.0,7.0,N,0.3,4.0,MOL,-1,39.0,-0.68,C25H25F5N8O,Nc1ncnc2c1ncn2Cc1cc(-c2ccc(C(F)F)cc2F)ncc1N1CCC[C@](N)([C@@H](O)C(F)F)C1,UUCGXWQATQPMCY-NBGIEHNGSA-N,"InChI=1S/C25H25F5N8O/c26-16-6-13(21(27)28)2-3-15(16)17-7-14(9-38-12-36-19-23(31)34-11-35-24(19)38)18(8-33-17)37-5-1-4-25(32,10-37)20(39)22(29)30/h2-3,6-8,11-12,20-22,39H,1,4-5,9-10,32H2,(H2,31,34,35)/t20-,25+/m0/s1",False,-1,['BDBM567931'],"['US11420970, Example 132']"
CHEMBL5852912,,,,,532.96,1,3,3.24,132.0,9.0,3.0,1.0,6.0,N,0.34,4.0,MOL,-1,37.0,-0.92,C24H24ClF3N8O,Nc1ncnc2c1ncn2Cc1cc(-c2ccc(F)c(Cl)c2)ncc1N1CCC[C@](N)([C@H](O)C(F)F)C1,BXMAIDIAIYUMSH-HYBUGGRVSA-N,"InChI=1S/C24H24ClF3N8O/c25-15-6-13(2-3-16(15)26)17-7-14(9-36-12-34-19-22(29)32-11-33-23(19)36)18(8-31-17)35-5-1-4-24(30,10-35)20(37)21(27)28/h2-3,6-8,11-12,20-21,37H,1,4-5,9-10,30H2,(H2,29,32,33)/t20-,24-/m1/s1",False,-1,['BDBM567938'],"['US11420970, Example 139']"
CHEMBL5564456,,,,,352.17,2,2,2.39,78.85,6.0,1.0,0.0,4.0,N,0.78,3.0,MOL,-1,21.0,-1.5,C13H11BrFN5O,Nc1ncnc2c1ncn2CCOc1ccc(Br)cc1F,VRIVDDNJQWMIRP-UHFFFAOYSA-N,"InChI=1S/C13H11BrFN5O/c14-8-1-2-10(9(15)5-8)21-4-3-20-7-19-11-12(16)17-6-18-13(11)20/h1-2,5-7H,3-4H2,(H2,16,17,18)",False,-1,['17'],['9-(2-(4-bromo-2-fluorophenoxy)ethyl)-9H-purin-6-amine']
CHEMBL5780578,,,,,531.55,1,3,3.79,124.66,9.0,2.0,1.0,5.0,N,0.35,5.0,MOL,-1,39.0,-0.92,C27H24F3N9,Nc1ncnc2c1ncn2Cc1cc(-c2ccc(F)c(F)c2)ncc1N1CCC[C@](N)(c2ccncc2F)C1,AOWZOGLACRJNBJ-HHHXNRCGSA-N,"InChI=1S/C27H24F3N9/c28-19-3-2-16(8-20(19)29)22-9-17(12-39-15-37-24-25(31)35-14-36-26(24)39)23(11-34-22)38-7-1-5-27(32,13-38)18-4-6-33-10-21(18)30/h2-4,6,8-11,14-15H,1,5,7,12-13,32H2,(H2,31,35,36)/t27-/m1/s1",False,-1,['BDBM568046'],"['US11420970, Example 248']"
CHEMBL5795218,,,,,565.44,1,3,4.21,137.55,10.0,2.0,1.0,5.0,N,0.3,5.0,MOL,-1,39.0,-0.83,C26H23Cl2FN10,Nc1ncnc2c1ncn2Cc1cc(-c2cnc(F)c(Cl)c2)ncc1N1CCC[C@](N)(c2cccc(Cl)n2)C1,WIUBHYIHNVSJJP-AREMUKBSSA-N,"InChI=1S/C26H23Cl2FN10/c27-17-7-15(9-33-23(17)29)18-8-16(11-39-14-36-22-24(30)34-13-35-25(22)39)19(10-32-18)38-6-2-5-26(31,12-38)20-3-1-4-21(28)37-20/h1,3-4,7-10,13-14H,2,5-6,11-12,31H2,(H2,30,34,35)/t26-/m1/s1",False,-1,['BDBM567979'],"['US11420970, Example 180']"
CHEMBL5619962,,,,,312.37,1,1,3.26,80.06,6.0,1.0,0.0,4.0,N,0.93,2.0,MOL,-1,23.0,-0.72,C17H20N4O2,COc1cc2nc(C#N)nc(NC3CCCCC3)c2cc1OC,LHAMHTOIPLMKAJ-UHFFFAOYSA-N,"InChI=1S/C17H20N4O2/c1-22-14-8-12-13(9-15(14)23-2)20-16(10-18)21-17(12)19-11-6-4-3-5-7-11/h8-9,11H,3-7H2,1-2H3,(H,19,20,21)",False,-1,['21'],"['4-(Cyclohexylamino)-6,7-dimethoxyquinazoline-2-carbonitrile']"
CHEMBL6003325,,,,,517.55,1,3,2.38,142.48,11.0,2.0,2.0,5.0,N,0.36,5.0,MOL,-1,38.0,-1.25,C25H25F2N11,Cn1cc(C2(N)CCCN(c3cnc(-c4ccc(F)c(F)c4)cc3Cn3cnc4c(N)ncnc43)C2)nn1,SJFFIALXWGRKSV-UHFFFAOYSA-N,"InChI=1S/C25H25F2N11/c1-36-11-21(34-35-36)25(29)5-2-6-37(12-25)20-9-30-19(15-3-4-17(26)18(27)7-15)8-16(20)10-38-14-33-22-23(28)31-13-32-24(22)38/h3-4,7-9,11,13-14H,2,5-6,10,12,29H2,1H3,(H2,28,31,32)",False,-1,['BDBM568080'],"['US11420970, Example 282']"
CHEMBL5991772,,,,,460.52,1,3,2.33,121.0,9.0,2.0,0.0,4.0,N,0.48,4.0,MOL,-1,34.0,-0.8,C24H25FN8O,Nc1ncnc2c1ncn2Cc1cc(-c2ccc3c(c2)CCO3)ncc1N1CC[C@@H](F)[C@@H](N)C1,QGQFOBITCVJAHP-MSOLQXFVSA-N,"InChI=1S/C24H25FN8O/c25-17-3-5-32(11-18(17)26)20-9-28-19(14-1-2-21-15(7-14)4-6-34-21)8-16(20)10-33-13-31-22-23(27)29-12-30-24(22)33/h1-2,7-9,12-13,17-18H,3-6,10-11,26H2,(H2,27,29,30)/t17-,18+/m1/s1",False,-1,['BDBM567813'],"['US11420970, Example 14']"
CHEMBL5775660,,,,,548.52,1,3,3.52,132.0,9.0,3.0,1.0,7.0,N,0.3,4.0,MOL,-1,39.0,-0.67,C25H25F5N8O,Nc1ncnc2c1ncn2Cc1cc(-c2ccc(F)cc2C(F)F)ncc1N1CCC[C@](N)([C@H](O)C(F)F)C1,JJBKELQFVFMFOA-CJFMBICVSA-N,"InChI=1S/C25H25F5N8O/c26-14-2-3-15(16(7-14)21(27)28)17-6-13(9-38-12-36-19-23(31)34-11-35-24(19)38)18(8-33-17)37-5-1-4-25(32,10-37)20(39)22(29)30/h2-3,6-8,11-12,20-22,39H,1,4-5,9-10,32H2,(H2,31,34,35)/t20-,25-/m1/s1",False,-1,['BDBM567958'],"['US11420970, Example 159']"
CHEMBL5923401,,,,,527.58,1,3,3.95,124.66,9.0,2.0,1.0,5.0,N,0.35,5.0,MOL,-1,39.0,-0.92,C28H27F2N9,Cc1nc([C@@]2(N)CCCN(c3cnc(-c4ccc(F)cc4)cc3Cn3cnc4c(N)ncnc43)C2)ccc1F,JGIQVKOGKUGKGV-MUUNZHRXSA-N,"InChI=1S/C28H27F2N9/c1-17-21(30)7-8-24(37-17)28(32)9-2-10-38(14-28)23-12-33-22(18-3-5-20(29)6-4-18)11-19(23)13-39-16-36-25-26(31)34-15-35-27(25)39/h3-8,11-12,15-16H,2,9-10,13-14,32H2,1H3,(H2,31,34,35)/t28-/m1/s1",False,-1,['BDBM567989'],"['US11420970, Example 190']"
CHEMBL6013876,,,,,560.56,1,3,3.39,141.23,10.0,3.0,1.0,8.0,N,0.28,4.0,MOL,-1,40.0,-0.49,C26H28F4N8O2,COc1ccc(-c2cc(Cn3cnc4c(N)ncnc43)c(N3CCC[C@](N)([C@H](O)C(F)F)C3)cn2)c(C(F)F)c1,GDDLHAQSCGAKGC-QFQXNSOFSA-N,"InChI=1S/C26H28F4N8O2/c1-40-15-3-4-16(17(8-15)22(27)28)18-7-14(10-38-13-36-20-24(31)34-12-35-25(20)38)19(9-33-18)37-6-2-5-26(32,11-37)21(39)23(29)30/h3-4,7-9,12-13,21-23,39H,2,5-6,10-11,32H2,1H3,(H2,31,34,35)/t21-,26-/m1/s1",False,-1,['BDBM567961'],"['(R)-1-((R)-3-amino-1-(4-((6-amino-9H-purin-9-yl)methyl)-6-(2-(difluoromethyl)-4-methoxyphenyl)pyridin-3-yl)piperidin-3-yl)-2,2-difluoroethan-1-ol and (S)-1-((R)-3-amino-1-(4-((6-amino-9H-purin-9-yl)methyl)-6-(2-(difluoromethyl)-4-methoxyphenyl)pyridin-3-yl)piperidin-3-yl)-2,2-difluoroethan-1-ol::US11420970, Example 162']"
CHEMBL5857060,,,,,544.99,1,3,3.1,141.23,10.0,3.0,1.0,7.0,N,0.32,4.0,MOL,-1,38.0,-0.65,C25H27ClF2N8O2,COc1ccc(-c2cc(Cn3cnc4c(N)ncnc43)c(N3CCC[C@](N)([C@@H](O)C(F)F)C3)cn2)c(Cl)c1,DSZJEJFEQPHGOS-SQJMNOBHSA-N,"InChI=1S/C25H27ClF2N8O2/c1-38-15-3-4-16(17(26)8-15)18-7-14(10-36-13-34-20-23(29)32-12-33-24(20)36)19(9-31-18)35-6-2-5-25(30,11-35)21(37)22(27)28/h3-4,7-9,12-13,21-22,37H,2,5-6,10-11,30H2,1H3,(H2,29,32,33)/t21-,25+/m0/s1",False,-1,['BDBM567968'],"['US11420970, Example 169']"
CHEMBL5747031,,,,,533.95,1,3,2.63,144.89,10.0,3.0,1.0,6.0,N,0.32,4.0,MOL,-1,37.0,-0.76,C23H23ClF3N9O,Nc1ncnc2c1ncn2Cc1cc(-c2ccc(F)c(Cl)n2)ncc1N1CCC[C@](N)([C@@H](O)C(F)F)C1,MFNSLFHVLUFBDA-FDDCHVKYSA-N,"InChI=1S/C23H23ClF3N9O/c24-19-13(25)2-3-14(34-19)15-6-12(8-36-11-33-17-21(28)31-10-32-22(17)36)16(7-30-15)35-5-1-4-23(29,9-35)18(37)20(26)27/h2-3,6-7,10-11,18,20,37H,1,4-5,8-9,29H2,(H2,28,31,32)/t18-,23+/m0/s1",False,-1,['BDBM567975'],"['US11420970, Example 176']"
CHEMBL5924462,,,,,535.63,1,3,4.38,124.66,9.0,2.0,1.0,6.0,N,0.33,5.0,MOL,-1,40.0,-0.9,C30H30FN9,Nc1ncnc2c1ncn2Cc1cc(-c2ccc(F)cc2)ncc1N1CCC[C@](N)(c2cccc(C3CC3)n2)C1,LKVJFVQMMWWPTK-SSEXGKCCSA-N,"InChI=1S/C30H30FN9/c31-22-9-7-20(8-10-22)24-13-21(15-40-18-37-27-28(32)35-17-36-29(27)40)25(14-34-24)39-12-2-11-30(33,16-39)26-4-1-3-23(38-26)19-5-6-19/h1,3-4,7-10,13-14,17-19H,2,5-6,11-12,15-16,33H2,(H2,32,35,36)/t30-/m1/s1",False,-1,['BDBM567981'],"['US11420970, Example 182']"
CHEMBL5909445,,,,,484.49,1,3,2.84,121.0,9.0,2.0,0.0,5.0,N,0.44,4.0,MOL,-1,35.0,-0.83,C23H23F3N8O,COc1ccc(-c2cc(Cn3cnc4c(N)ncnc43)c(N3C[C@H](N)CC(F)(F)C3)cn2)cc1F,NUGJXEFLHUSBBU-OAHLLOKOSA-N,"InChI=1S/C23H23F3N8O/c1-35-19-3-2-13(4-16(19)24)17-5-14(8-34-12-32-20-21(28)30-11-31-22(20)34)18(7-29-17)33-9-15(27)6-23(25,26)10-33/h2-5,7,11-12,15H,6,8-10,27H2,1H3,(H2,28,30,31)/t15-/m1/s1",False,-1,['BDBM567815'],"['US11420970, Example 16']"
CHEMBL5085724,,,Unknown,,319.41,2,2,4.06,57.78,2.0,2.0,0.0,4.0,N,0.76,3.0,MOL,-1,24.0,-0.92,C20H21N3O,Cc1cccnc1C(NC(=O)c1cc2cccc(C)c2[nH]1)C1CC1,QXMZPTHMVZPHBT-UHFFFAOYSA-N,"InChI=1S/C20H21N3O/c1-12-5-3-7-15-11-16(22-17(12)15)20(24)23-19(14-8-9-14)18-13(2)6-4-10-21-18/h3-7,10-11,14,19,22H,8-9H2,1-2H3,(H,23,24)",False,-1,"['3', '3']","['N-[cyclopropyl-(3-methyl-2-pyridyl)methyl]-7-methyl-1H-indole-2-carboxamide', 'N-(cyclopropyl(3-methylpyridin-2-yl)methyl)-7-methyl-1H-indole-2-carboxamide']"
CHEMBL5556168,,,,,416.53,3,4,4.38,59.39,5.0,1.0,0.0,4.0,N,0.69,3.0,MOL,-1,31.0,-1.16,C25H28N4O2,Cc1ccc(CN2CCCCC2)cc1-c1cnn(C)c1-c1ccc2c(c1)OCC(=O)N2,PTDHIMCHWIFQJG-UHFFFAOYSA-N,"InChI=1S/C25H28N4O2/c1-17-6-7-18(15-29-10-4-3-5-11-29)12-20(17)21-14-26-28(2)25(21)19-8-9-22-23(13-19)31-16-24(30)27-22/h6-9,12-14H,3-5,10-11,15-16H2,1-2H3,(H,27,30)",False,-1,['31'],"['7-(1-Methyl-4-(2-methyl-5-(piperidin-1-ylmethyl)phenyl)-1H-pyrazol-5-yl)-2H-benzo[b][1,4]oxazin-3(4H)-one']"
CHEMBL5438639,,,,,475.53,1,5,1.7,140.87,9.0,3.0,0.0,5.0,N,0.4,4.0,MOL,-1,35.0,-0.98,C24H26FN9O,CNC(=O)[C@@]1(N)CCCN(c2cnc(-c3cccc(F)c3)cc2Cn2cnc3c(N)ncnc32)C1,IPRSLMKMBHEPBF-XMMPIXPASA-N,"InChI=1S/C24H26FN9O/c1-28-23(35)24(27)6-3-7-33(12-24)19-10-29-18(15-4-2-5-17(25)8-15)9-16(19)11-34-14-32-20-21(26)30-13-31-22(20)34/h2,4-5,8-10,13-14H,3,6-7,11-12,27H2,1H3,(H,28,35)(H2,26,30,31)/t24-/m1/s1",False,-1,"['20', 'BDBM567877']","['(R)-3-amino-1-(4-((6-amino-9H-purin-9-yl)methyl)-6-(3-fluorophenyl)pyridin-3-yl)-N-methylpiperidine-3-carboxamide', 'US11420970, Example 78']"
CHEMBL5744448,,,,,566.07,1,3,3.91,142.48,11.0,2.0,2.0,5.0,N,0.3,6.0,MOL,-1,41.0,-0.94,C29H28ClN11,Cn1ncc2cc(-c3cc(Cn4cnc5c(N)ncnc54)c(N4CCCC(N)(c5cccc(Cl)n5)C4)cn3)ccc21,LPHZBFBJQGDEIZ-UHFFFAOYSA-N,"InChI=1S/C29H28ClN11/c1-39-22-7-6-18(10-19(22)12-37-39)21-11-20(14-41-17-36-26-27(31)34-16-35-28(26)41)23(13-33-21)40-9-3-8-29(32,15-40)24-4-2-5-25(30)38-24/h2,4-7,10-13,16-17H,3,8-9,14-15,32H2,1H3,(H2,31,34,35)",False,-1,['BDBM568023'],"['US11420970, Example 225']"
CHEMBL5883713,,,,,536.04,1,3,4.22,124.66,10.0,2.0,1.0,5.0,N,0.34,5.0,MOL,-1,37.0,-1.04,C25H23ClFN9S,Nc1ncnc2c1ncn2Cc1cc(-c2ccc(F)cc2)ncc1N1CCCC(N)(c2csc(Cl)n2)C1,OYIJPLLLILBZOQ-UHFFFAOYSA-N,"InChI=1S/C25H23ClFN9S/c26-24-34-20(11-37-24)25(29)6-1-7-35(12-25)19-9-30-18(15-2-4-17(27)5-3-15)8-16(19)10-36-14-33-21-22(28)31-13-32-23(21)36/h2-5,8-9,11,13-14H,1,6-7,10,12,29H2,(H2,28,31,32)",False,-1,['BDBM568079'],"['US11420970, Example 281']"
CHEMBL5866148,,,,,493.52,1,3,1.84,140.87,9.0,3.0,0.0,5.0,N,0.38,4.0,MOL,-1,36.0,-1.04,C24H25F2N9O,CNC(=O)[C@@H]1[C@H](N)CCCN1c1cnc(-c2ccc(F)c(F)c2)cc1Cn1cnc2c(N)ncnc21,CXPQVLFAFLLWRT-UTKZUKDTSA-N,"InChI=1S/C24H25F2N9O/c1-29-24(36)21-17(27)3-2-6-35(21)19-9-30-18(13-4-5-15(25)16(26)7-13)8-14(19)10-34-12-33-20-22(28)31-11-32-23(20)34/h4-5,7-9,11-12,17,21H,2-3,6,10,27H2,1H3,(H,29,36)(H2,28,31,32)/t17-,21+/m1/s1",False,-1,['BDBM568113'],"['US11420970, Example 315']"
CHEMBL6024604,,,,,452.47,1,3,1.7,132.0,9.0,3.0,0.0,4.0,N,0.43,4.0,MOL,-1,33.0,-0.95,C22H22F2N8O,Nc1ncnc2c1ncn2Cc1cc(-c2ccc(F)c(F)c2)ncc1N1CC[C@@H](O)[C@@H](N)C1,SDOULUFYACXQCQ-QFBILLFUSA-N,"InChI=1S/C22H22F2N8O/c23-14-2-1-12(5-15(14)24)17-6-13(8-32-11-30-20-21(26)28-10-29-22(20)32)18(7-27-17)31-4-3-19(33)16(25)9-31/h1-2,5-7,10-11,16,19,33H,3-4,8-9,25H2,(H2,26,28,29)/t16-,19+/m0/s1",False,-1,['BDBM567726'],"['US11420970, Example 3']"
CHEMBL5751773,,,,,805.92,1,3,8.99,159.89,12.0,1.0,3.0,9.0,N,0.16,4.0,MOL,-1,58.0,-0.62,C42H53F2N7O7,CC(C)(C)OC(=O)NC1(COC2CC2)CCCC(c2cnc(-c3ccc(F)c(F)c3)cc2Cn2cnc3c(N(C(=O)OC(C)(C)C)C(=O)OC(C)(C)C)ncnc32)C1,TTWUHYDPCXBQBA-UHFFFAOYSA-N,"InChI=1S/C42H53F2N7O7/c1-39(2,3)56-36(52)49-42(22-55-28-13-14-28)16-10-11-26(19-42)29-20-45-32(25-12-15-30(43)31(44)17-25)18-27(29)21-50-24-48-33-34(50)46-23-47-35(33)51(37(53)57-40(4,5)6)38(54)58-41(7,8)9/h12,15,17-18,20,23-24,26,28H,10-11,13-14,16,19,21-22H2,1-9H3,(H,49,52)",False,-1,['BDBM567821'],"['US11420970, Example 22']"
CHEMBL5947924,,,,,492.56,1,3,2.61,130.23,10.0,2.0,0.0,7.0,N,0.4,4.0,MOL,-1,36.0,-0.63,C25H29FN8O2,COC[C@@]1(N)CCCN(c2cnc(-c3ccc(OC)cc3F)cc2Cn2cnc3c(N)ncnc32)C1,AOJRLTYJVMCYOE-RUZDIDTESA-N,"InChI=1S/C25H29FN8O2/c1-35-13-25(28)6-3-7-33(12-25)21-10-29-20(18-5-4-17(36-2)9-19(18)26)8-16(21)11-34-15-32-22-23(27)30-14-31-24(22)34/h4-5,8-10,14-15H,3,6-7,11-13,28H2,1-2H3,(H2,27,30,31)/t25-/m1/s1",False,-1,['BDBM567832'],"['US11420970, Example 33']"
CHEMBL5783068,,,,,502.6,1,3,3.52,121.0,9.0,2.0,1.0,7.0,N,0.39,4.0,MOL,-1,37.0,-0.62,C27H31FN8O,Nc1ncnc2c1ncn2Cc1cc(-c2cccc(F)c2)ncc1N1CCC[C@](N)(COC2CCC2)C1,NCRSKTPDDDOMPR-HHHXNRCGSA-N,"InChI=1S/C27H31FN8O/c28-20-5-1-4-18(10-20)22-11-19(13-36-17-34-24-25(29)32-16-33-26(24)36)23(12-31-22)35-9-3-8-27(30,14-35)15-37-21-6-2-7-21/h1,4-5,10-12,16-17,21H,2-3,6-9,13-15,30H2,(H2,29,32,33)/t27-/m1/s1",False,-1,['BDBM567834'],"['US11420970, Example 35']"
CHEMBL6055441,,,,,490.59,1,3,3.38,121.0,9.0,2.0,0.0,7.0,N,0.4,4.0,MOL,-1,36.0,-0.82,C26H31FN8O,CC(C)OC[C@@]1(N)CCCN(c2cnc(-c3ccc(F)cc3)cc2Cn2cnc3c(N)ncnc32)C1,LGRVOOPUVJMIJU-AREMUKBSSA-N,"InChI=1S/C26H31FN8O/c1-17(2)36-14-26(29)8-3-9-34(13-26)22-11-30-21(18-4-6-20(27)7-5-18)10-19(22)12-35-16-33-23-24(28)31-15-32-25(23)35/h4-7,10-11,15-17H,3,8-9,12-14,29H2,1-2H3,(H2,28,31,32)/t26-/m1/s1",False,-1,['BDBM567836'],"['US11420970, Example 37']"
CHEMBL5838209,,,,,476.52,1,3,2.43,149.07,9.0,3.0,0.0,6.0,N,0.38,4.0,MOL,-1,35.0,-0.77,C24H25FN8O2,Nc1ncnc2c1ncn2Cc1cc(-c2cccc(F)c2)ncc1N1CCC[C@](N)(CC(=O)O)C1,NODPKDWJJIWVKH-DEOSSOPVSA-N,"InChI=1S/C24H25FN8O2/c25-17-4-1-3-15(7-17)18-8-16(11-33-14-31-21-22(26)29-13-30-23(21)33)19(10-28-18)32-6-2-5-24(27,12-32)9-20(34)35/h1,3-4,7-8,10,13-14H,2,5-6,9,11-12,27H2,(H,34,35)(H2,26,29,30)/t24-/m0/s1",False,-1,['BDBM567857'],"['US11420970, Example 58']"
CHEMBL5780199,,,,,544.56,1,3,3.69,132.0,9.0,3.0,1.0,7.0,N,0.3,4.0,MOL,-1,39.0,-0.58,C26H28F4N8O,Cc1cc(C(F)F)ccc1-c1cc(Cn2cnc3c(N)ncnc32)c(N2CCC[C@](N)([C@@H](O)C(F)F)C2)cn1,LKOGIDSDIBCKAU-HFZDXXHNSA-N,"InChI=1S/C26H28F4N8O/c1-14-7-15(22(27)28)3-4-17(14)18-8-16(10-38-13-36-20-24(31)34-12-35-25(20)38)19(9-33-18)37-6-2-5-26(32,11-37)21(39)23(29)30/h3-4,7-9,12-13,21-23,39H,2,5-6,10-11,32H2,1H3,(H2,31,34,35)/t21-,26+/m0/s1",False,-1,['BDBM567914'],"['US11420970, Example 115']"
CHEMBL5947764,,,,,566.51,1,3,3.66,132.0,9.0,3.0,1.0,7.0,N,0.29,4.0,MOL,-1,40.0,-0.68,C25H24F6N8O,Nc1ncnc2c1ncn2Cc1cc(-c2cc(F)c(C(F)F)cc2F)ncc1N1CCC[C@](N)([C@H](O)C(F)F)C1,FXHMHSNLHYVAQI-CJFMBICVSA-N,"InChI=1S/C25H24F6N8O/c26-15-6-14(21(28)29)16(27)5-13(15)17-4-12(8-39-11-37-19-23(32)35-10-36-24(19)39)18(7-34-17)38-3-1-2-25(33,9-38)20(40)22(30)31/h4-7,10-11,20-22,40H,1-3,8-9,33H2,(H2,32,35,36)/t20-,25-/m1/s1",False,-1,['BDBM567919'],"['US11420970, Example 120']"
CHEMBL6024748,,,,,548.6,1,3,2.64,149.82,11.0,3.0,2.0,6.0,N,0.29,5.0,MOL,-1,40.0,-0.74,C27H30F2N10O,Cc1cc2c(cnn2C)cc1-c1cc(Cn2cnc3c(N)ncnc32)c(N2CCC[C@](N)([C@@H](O)C(F)F)C2)cn1,PDCOVVJXESGGGC-WNCULLNHSA-N,"InChI=1S/C27H30F2N10O/c1-15-6-20-16(9-36-37(20)2)7-18(15)19-8-17(11-39-14-35-22-25(30)33-13-34-26(22)39)21(10-32-19)38-5-3-4-27(31,12-38)23(40)24(28)29/h6-10,13-14,23-24,40H,3-5,11-12,31H2,1-2H3,(H2,30,33,34)/t23-,27+/m0/s1",False,-1,['BDBM567935'],"['US11420970, Example 136']"
CHEMBL6028828,,,,,541.01,1,3,3.49,127.98,8.0,3.0,1.0,6.0,N,0.34,4.0,MOL,-1,38.0,-1.09,C26H27ClF2N8O,CNC(=O)CC1(N)CCCN(c2cnc(-c3ccc(F)c(F)c3)cc2Cn2cnc3c(N)ncc(Cl)c32)C1,CAJNXZFOFSGLQO-UHFFFAOYSA-N,"InChI=1S/C26H27ClF2N8O/c1-32-22(38)9-26(31)5-2-6-36(13-26)21-11-33-20(15-3-4-18(28)19(29)7-15)8-16(21)12-37-14-35-23-24(37)17(27)10-34-25(23)30/h3-4,7-8,10-11,14H,2,5-6,9,12-13,31H2,1H3,(H2,30,34)(H,32,38)",False,-1,['BDBM567866'],"['US11420970, Example 67']"
CHEMBL5769385,,,,,531.55,1,3,3.79,124.66,9.0,2.0,1.0,5.0,N,0.35,5.0,MOL,-1,39.0,-0.95,C27H24F3N9,Nc1ncnc2c1ncn2Cc1cc(-c2ccc(F)c(F)c2)ncc1N1CCC[C@](N)(c2ncccc2F)C1,GKFLUWMYDXZNRX-HHHXNRCGSA-N,"InChI=1S/C27H24F3N9/c28-18-5-4-16(9-20(18)30)21-10-17(12-39-15-37-23-25(31)35-14-36-26(23)39)22(11-34-21)38-8-2-6-27(32,13-38)24-19(29)3-1-7-33-24/h1,3-5,7,9-11,14-15H,2,6,8,12-13,32H2,(H2,31,35,36)/t27-/m1/s1",False,-1,['BDBM567997'],"['US11420970, Example 199']"
CHEMBL5981155,,,,,480.52,1,3,2.6,121.0,9.0,2.0,0.0,6.0,N,0.43,4.0,MOL,-1,35.0,-1.06,C24H26F2N8O,COCC1CC(N)CN(c2cnc(-c3ccc(F)c(F)c3)cc2Cn2cnc3c(N)ncnc32)C1,GRRNWTVHLNOABN-UHFFFAOYSA-N,"InChI=1S/C24H26F2N8O/c1-35-11-14-4-17(27)10-33(8-14)21-7-29-20(15-2-3-18(25)19(26)5-15)6-16(21)9-34-13-32-22-23(28)30-12-31-24(22)34/h2-3,5-7,12-14,17H,4,8-11,27H2,1H3,(H2,28,30,31)",False,-1,['BDBM568106'],"['US11420970, Example 308']"
CHEMBL5834845,,,,,506.59,1,3,3.0,130.23,10.0,2.0,1.0,7.0,N,0.39,4.0,MOL,-1,37.0,-0.74,C26H31FN8O2,COc1ccc(-c2cc(Cn3cnc4c(N)ncnc43)c(N3CCC[C@](N)([C@H](C)OC)C3)cn2)cc1F,HPXRTEYFJFTMLD-YHAMSUFESA-N,"InChI=1S/C26H31FN8O2/c1-16(36-2)26(29)7-4-8-34(13-26)21-11-30-20(17-5-6-22(37-3)19(27)9-17)10-18(21)12-35-15-33-23-24(28)31-14-32-25(23)35/h5-6,9-11,14-16H,4,7-8,12-13,29H2,1-3H3,(H2,28,31,32)/t16-,26+/m0/s1",False,-1,['BDBM567892'],"['US11420970, Example 93']"
CHEMBL5842390,,,,,538.57,1,3,3.52,148.45,10.0,2.0,1.0,5.0,N,0.34,5.0,MOL,-1,40.0,-1.17,C28H24F2N10,N#Cc1cccc(C2(N)CCCN(c3cnc(-c4ccc(F)c(F)c4)cc3Cn3cnc4c(N)ncnc43)C2)n1,MCZZITAOBLSPMM-UHFFFAOYSA-N,"InChI=1S/C28H24F2N10/c29-20-6-5-17(9-21(20)30)22-10-18(13-40-16-37-25-26(32)35-15-36-27(25)40)23(12-34-22)39-8-2-7-28(33,14-39)24-4-1-3-19(11-31)38-24/h1,3-6,9-10,12,15-16H,2,7-8,13-14,33H2,(H2,32,35,36)",False,-1,['BDBM568006'],"['US11420970, Example 208']"
CHEMBL6010827,,,,,578.03,1,3,4.31,133.89,10.0,2.0,1.0,6.0,N,0.28,5.0,MOL,-1,41.0,-0.72,C28H26ClF2N9O,COc1cc(F)c(-c2cc(Cn3cnc4c(N)ncnc43)c(N3CCC[C@](N)(c4cccc(Cl)n4)C3)cn2)c(F)c1,RKVRSEKGPGXIHK-MUUNZHRXSA-N,"InChI=1S/C28H26ClF2N9O/c1-41-17-9-18(30)24(19(31)10-17)20-8-16(12-40-15-37-25-26(32)35-14-36-27(25)40)21(11-34-20)39-7-3-6-28(33,13-39)22-4-2-5-23(29)38-22/h2,4-5,8-11,14-15H,3,6-7,12-13,33H2,1H3,(H2,32,35,36)/t28-/m1/s1",False,-1,['BDBM568034'],"['US11420970, Example 236']"
CHEMBL5592239,,,,,409.53,2,2,3.14,82.44,7.0,2.0,0.0,8.0,N,0.65,2.0,MOL,-1,30.0,-0.97,C23H31N5O2,COc1cc2c(NC3CCNCC3)cc(C#N)nc2cc1OCCCN1CCCC1,PQCJXBYWJLJVAQ-UHFFFAOYSA-N,"InChI=1S/C23H31N5O2/c1-29-22-14-19-20(26-17-5-7-25-8-6-17)13-18(16-24)27-21(19)15-23(22)30-12-4-11-28-9-2-3-10-28/h13-15,17,25H,2-12H2,1H3,(H,26,27)",False,-1,['35'],['6-methoxy-4-(piperidin-4-ylamino)-7-(3-(pyrrolidin-1-yl)propoxy)quinoline-2-carbonitrile']
CHEMBL6047354,,,,,561.03,1,3,3.56,146.78,11.0,2.0,2.0,6.0,N,0.3,5.0,MOL,-1,40.0,-0.72,C27H26ClFN10O,COc1cnc(-c2cc(Cn3cnc4c(N)ncnc43)c(N3CCC[C@](N)(c4cccc(Cl)n4)C3)cn2)cc1F,SHPOUMPUGFOJNF-HHHXNRCGSA-N,"InChI=1S/C27H26ClFN10O/c1-40-21-11-33-19(9-17(21)29)18-8-16(12-39-15-36-24-25(30)34-14-35-26(24)39)20(10-32-18)38-7-3-6-27(31,13-38)22-4-2-5-23(28)37-22/h2,4-5,8-11,14-15H,3,6-7,12-13,31H2,1H3,(H2,30,34,35)/t27-/m1/s1",False,-1,['BDBM568041'],"['US11420970, Example 243']"
CHEMBL5591832,,,,,437.59,2,2,3.73,73.65,7.0,1.0,0.0,9.0,N,0.6,2.0,MOL,-1,32.0,-1.07,C25H35N5O2,COc1cc2c(NCC3CCN(C)CC3)cc(C#N)nc2cc1OCCCN1CCCC1,ZAGKOOCPARJINO-UHFFFAOYSA-N,"InChI=1S/C25H35N5O2/c1-29-11-6-19(7-12-29)18-27-22-14-20(17-26)28-23-16-25(24(31-2)15-21(22)23)32-13-5-10-30-8-3-4-9-30/h14-16,19H,3-13,18H2,1-2H3,(H,27,28)",False,-1,['32'],['6-methoxy-4-(((1-methylpiperidin-4-yl)methyl)amino)-7-(3-(pyrrolidin-1-yl)propoxy)quinoline-2-carbonitrile']
CHEMBL5895248,,,,,564.0,1,3,4.01,144.89,10.0,3.0,1.0,5.0,N,0.27,5.0,MOL,-1,40.0,-0.91,C27H24ClF2N9O,Nc1ncnc2c1ncn2Cc1cc(-c2ccc(F)c(F)c2)ncc1N1CCC[C@](N)(c2cc(O)cc(Cl)n2)C1,ZNWRIPLSMSPHMF-HHHXNRCGSA-N,"InChI=1S/C27H24ClF2N9O/c28-23-9-17(40)8-22(37-23)27(32)4-1-5-38(12-27)21-10-33-20(15-2-3-18(29)19(30)6-15)7-16(21)11-39-14-36-24-25(31)34-13-35-26(24)39/h2-3,6-10,13-14H,1,4-5,11-12,32H2,(H,37,40)(H2,31,34,35)/t27-/m1/s1",False,-1,['BDBM568017'],"['US11420970, Example 219']"
CHEMBL5917719,,,,,592.05,1,3,4.35,144.89,10.0,3.0,1.0,6.0,N,0.25,5.0,MOL,-1,42.0,-0.89,C29H28ClF2N9O,CC(O)c1ccc([C@@]2(N)CCCN(c3cnc(-c4ccc(F)c(F)c4)cc3Cn3cnc4c(N)ncnc43)C2)nc1Cl,RWCKYUDAJUGDER-DSANZHRBSA-N,"InChI=1S/C29H28ClF2N9O/c1-16(42)19-4-6-24(39-26(19)30)29(34)7-2-8-40(13-29)23-11-35-22(17-3-5-20(31)21(32)9-17)10-18(23)12-41-15-38-25-27(33)36-14-37-28(25)41/h3-6,9-11,14-16,42H,2,7-8,12-13,34H2,1H3,(H2,33,36,37)/t16?,29-/m1/s1",False,-1,['BDBM568032'],"['US11420970, Example 234']"
CHEMBL6030920,,,,,548.0,1,3,4.3,124.66,9.0,2.0,1.0,5.0,N,0.31,5.0,MOL,-1,39.0,-1.02,C27H24ClF2N9,Nc1ncnc2c1ncn2Cc1cc(-c2ccc(F)c(F)c2)ncc1N1CCC[C@](N)(c2ccnc(Cl)c2)C1,HYRVNPBKHFZKGT-HHHXNRCGSA-N,"InChI=1S/C27H24ClF2N9/c28-23-10-18(4-6-33-23)27(32)5-1-7-38(13-27)22-11-34-21(16-2-3-19(29)20(30)8-16)9-17(22)12-39-15-37-24-25(31)35-14-36-26(24)39/h2-4,6,8-11,14-15H,1,5,7,12-13,32H2,(H2,31,35,36)/t27-/m1/s1",False,-1,['BDBM568044'],"['US11420970, Example 246']"
CHEMBL5757623,,,,,530.59,1,3,3.07,129.59,10.0,2.0,1.0,6.0,N,0.34,5.0,MOL,-1,39.0,-1.24,C27H28F2N10,Cn1ccc(C[C@@]2(N)CCCN(c3cnc(-c4ccc(F)c(F)c4)cc3Cn3cnc4c(N)ncnc43)C2)n1,BMSOFDFYSSYPMZ-MHZLTWQESA-N,"InChI=1S/C27H28F2N10/c1-37-8-5-19(36-37)11-27(31)6-2-7-38(14-27)23-12-32-22(17-3-4-20(28)21(29)9-17)10-18(23)13-39-16-35-24-25(30)33-15-34-26(24)39/h3-5,8-10,12,15-16H,2,6-7,11,13-14,31H2,1H3,(H2,30,33,34)/t27-/m0/s1",False,-1,['BDBM567855'],"['US11420970, Example 56']"
CHEMBL5555421,,,,,289.73,2,2,2.14,78.85,6.0,1.0,0.0,4.0,N,0.8,3.0,MOL,-1,20.0,-1.5,C13H12ClN5O,Nc1ncnc2c1ncn2CCOc1cccc(Cl)c1,OABYACGENXYGQN-UHFFFAOYSA-N,"InChI=1S/C13H12ClN5O/c14-9-2-1-3-10(6-9)20-5-4-19-8-18-11-12(15)16-7-17-13(11)19/h1-3,6-8H,4-5H2,(H2,15,16,17)",False,-1,['12'],['9-(2-(3-chlorophenoxy)ethyl)-9H-purin-6-amine']
CHEMBL5786723,,,,,533.59,1,3,2.72,132.08,9.0,2.0,1.0,5.0,N,0.4,4.0,MOL,-1,39.0,-1.1,C27H29F2N9O,Nc1ncnc2c1ncn2Cc1cc(-c2ccc(F)c(F)c2)ncc1N1CCC[C@](N)(C(=O)N2CCCC2)C1,MFVAFDIMCWXZIE-HHHXNRCGSA-N,"InChI=1S/C27H29F2N9O/c28-19-5-4-17(10-20(19)29)21-11-18(13-38-16-35-23-24(30)33-15-34-25(23)38)22(12-32-21)37-9-3-6-27(31,14-37)26(39)36-7-1-2-8-36/h4-5,10-12,15-16H,1-3,6-9,13-14,31H2,(H2,30,33,34)/t27-/m1/s1",False,-1,['BDBM567883'],"['US11420970, Example 84']"
CHEMBL5422710,,,,,513.56,1,5,3.65,124.66,9.0,2.0,1.0,5.0,N,0.36,5.0,MOL,-1,38.0,-1.13,C27H25F2N9,Nc1ncnc2c1ncn2Cc1cc(-c2ccc(F)c(F)c2)ncc1N1CCC[C@](N)(c2ccccn2)C1,FXAXMDGEXGUYBN-HHHXNRCGSA-N,"InChI=1S/C27H25F2N9/c28-19-6-5-17(10-20(19)29)21-11-18(13-38-16-36-24-25(30)34-15-35-26(24)38)22(12-33-21)37-9-3-7-27(31,14-37)23-4-1-2-8-32-23/h1-2,4-6,8,10-12,15-16H,3,7,9,13-14,31H2,(H2,30,34,35)/t27-/m1/s1",False,-1,"['19', 'BDBM567996']","['(R)-9-((5-(3-amino-3-(pyridin-2-yl)piperidin-1-yl)-2-(3,4-difluorophenyl)pyridin-4-yl)methyl)-9H-purin-6-amine', 'US11420970, Example 198']"
CHEMBL6058994,,,,,436.47,1,3,2.53,111.77,8.0,2.0,0.0,4.0,N,0.51,4.0,MOL,-1,32.0,-1.08,C22H22F2N8,Nc1ncnc2c1ncn2Cc1cc(-c2cccc(F)c2)ncc1N1CC[C@@H](F)[C@@H](N)C1,OLWKBJRPOAXWGL-SJORKVTESA-N,"InChI=1S/C22H22F2N8/c23-15-3-1-2-13(6-15)18-7-14(9-32-12-30-20-21(26)28-11-29-22(20)32)19(8-27-18)31-5-4-16(24)17(25)10-31/h1-3,6-8,11-12,16-17H,4-5,9-10,25H2,(H2,26,28,29)/t16-,17+/m1/s1",False,-1,['BDBM567807'],"['US11420970, Example 8']"
CHEMBL6051170,,,,,493.52,1,3,1.97,154.86,9.0,3.0,0.0,6.0,N,0.37,4.0,MOL,-1,36.0,-0.95,C24H25F2N9O,NC(=O)C[C@@]1(N)CCCN(c2cnc(-c3ccc(F)c(F)c3)cc2Cn2cnc3c(N)ncnc32)C1,PVWUQVPGOCUIOR-DEOSSOPVSA-N,"InChI=1S/C24H25F2N9O/c25-16-3-2-14(6-17(16)26)18-7-15(10-35-13-33-21-22(28)31-12-32-23(21)35)19(9-30-18)34-5-1-4-24(29,11-34)8-20(27)36/h2-3,6-7,9,12-13H,1,4-5,8,10-11,29H2,(H2,27,36)(H2,28,31,32)/t24-/m0/s1",False,-1,['BDBM567861'],"['US11420970, Example 62']"
CHEMBL6030242,,,,,578.03,1,3,4.31,133.89,10.0,2.0,1.0,6.0,N,0.28,5.0,MOL,-1,41.0,-0.81,C28H26ClF2N9O,COc1c(F)cc(-c2cc(Cn3cnc4c(N)ncnc43)c(N3CCC[C@](N)(c4cccc(Cl)n4)C3)cn2)cc1F,UOWIPLAFSSUXHG-MUUNZHRXSA-N,"InChI=1S/C28H26ClF2N9O/c1-41-25-18(30)8-16(9-19(25)31)20-10-17(12-40-15-37-24-26(32)35-14-36-27(24)40)21(11-34-20)39-7-3-6-28(33,13-39)22-4-2-5-23(29)38-22/h2,4-5,8-11,14-15H,3,6-7,12-13,33H2,1H3,(H2,32,35,36)/t28-/m1/s1",False,-1,['BDBM568031'],"['US11420970, Example 233']"
CHEMBL5905421,,,,,562.58,1,3,5.19,111.77,8.0,2.0,2.0,6.0,N,0.27,5.0,MOL,-1,41.0,-1.15,C29H26F4N8,Nc1nccc2c1ncn2Cc1cc(-c2ccc(F)c(F)c2)ncc1N1CCC[C@](N)(c2cccc(C(F)F)n2)C1,JKDSQESJRWAULT-GDLZYMKVSA-N,"InChI=1S/C29H26F4N8/c30-19-6-5-17(11-20(19)31)22-12-18(14-41-16-38-26-23(41)7-9-36-28(26)34)24(13-37-22)40-10-2-8-29(35,15-40)25-4-1-3-21(39-25)27(32)33/h1,3-7,9,11-13,16,27H,2,8,10,14-15,35H2,(H2,34,36)/t29-/m1/s1",False,-1,['BDBM568058'],"['US11420970, Example 260']"
CHEMBL5973132,,,,,500.5,1,3,3.4,111.77,8.0,2.0,1.0,6.0,N,0.39,4.0,MOL,-1,36.0,-1.04,C24H24F4N8,Nc1ncnc2c1ncn2Cc1cc(-c2ccc(F)c(F)c2)ncc1N1CCCC(N)(C(F)CF)C1,XRQVIJMOYCCWCL-UHFFFAOYSA-N,"InChI=1S/C24H24F4N8/c25-8-20(28)24(30)4-1-5-35(11-24)19-9-31-18(14-2-3-16(26)17(27)6-14)7-15(19)10-36-13-34-21-22(29)32-12-33-23(21)36/h2-3,6-7,9,12-13,20H,1,4-5,8,10-11,30H2,(H2,29,32,33)",False,-1,['BDBM568085'],"['US11420970, Example 287']"
CHEMBL5771768,,,,,534.57,1,3,2.7,138.07,10.0,2.0,1.0,6.0,N,0.38,4.0,MOL,-1,39.0,-0.83,C27H28F2N8O2,CC1(C(=O)C2(N)CCCN(c3cnc(-c4ccc(F)c(F)c4)cc3Cn3cnc4c(N)ncnc43)C2)COC1,RVASZUDCQBMICF-UHFFFAOYSA-N,"InChI=1S/C27H28F2N8O2/c1-26(12-39-13-26)25(38)27(31)5-2-6-36(11-27)21-9-32-20(16-3-4-18(28)19(29)7-16)8-17(21)10-37-15-35-22-23(30)33-14-34-24(22)37/h3-4,7-9,14-15H,2,5-6,10-13,31H2,1H3,(H2,30,33,34)",False,-1,['BDBM567911'],"['US11420970, Example 112']"
CHEMBL5968345,,,,,565.44,1,3,4.21,137.55,10.0,2.0,1.0,5.0,N,0.3,5.0,MOL,-1,39.0,-0.88,C26H23Cl2FN10,Nc1ncnc2c1ncn2Cc1cc(-c2ccc(F)c(Cl)n2)ncc1N1CCC[C@](N)(c2cccc(Cl)n2)C1,AQQVIOCUZPUTLC-AREMUKBSSA-N,"InChI=1S/C26H23Cl2FN10/c27-21-4-1-3-20(37-21)26(31)7-2-8-38(12-26)19-10-32-18(17-6-5-16(29)23(28)36-17)9-15(19)11-39-14-35-22-24(30)33-13-34-25(22)39/h1,3-6,9-10,13-14H,2,7-8,11-12,31H2,(H2,30,33,34)/t26-/m1/s1",False,-1,['BDBM567990'],"['US11420970, Example 191']"
CHEMBL5977612,,,,,577.48,1,3,4.08,146.78,11.0,2.0,2.0,6.0,N,0.28,5.0,MOL,-1,40.0,-0.62,C27H26Cl2N10O,COc1ccc(-c2cc(Cn3cnc4c(N)ncnc43)c(N3CCC[C@](N)(c4cccc(Cl)n4)C3)cn2)nc1Cl,UIHHKGMGGJQPCD-HHHXNRCGSA-N,"InChI=1S/C27H26Cl2N10O/c1-40-20-7-6-17(36-24(20)29)18-10-16(12-39-15-35-23-25(30)33-14-34-26(23)39)19(11-32-18)38-9-3-8-27(31,13-38)21-4-2-5-22(28)37-21/h2,4-7,10-11,14-15H,3,8-9,12-13,31H2,1H3,(H2,30,33,34)/t27-/m1/s1",False,-1,['BDBM567993'],"['US11420970, Example 194']"
CHEMBL5793280,,,,,566.51,1,3,3.66,132.0,9.0,3.0,1.0,7.0,N,0.29,4.0,MOL,-1,40.0,-0.65,C25H24F6N8O,Nc1ncnc2c1ncn2Cc1cc(-c2cc(F)c(F)cc2C(F)F)ncc1N1CCC[C@](N)([C@H](O)C(F)F)C1,CEIVZPPHKBDONO-CJFMBICVSA-N,"InChI=1S/C25H24F6N8O/c26-15-5-13(14(21(28)29)6-16(15)27)17-4-12(8-39-11-37-19-23(32)35-10-36-24(19)39)18(7-34-17)38-3-1-2-25(33,9-38)20(40)22(30)31/h4-7,10-11,20-22,40H,1-3,8-9,33H2,(H2,32,35,36)/t20-,25-/m1/s1",False,-1,['BDBM567970'],"['US11420970, Example 171']"
CHEMBL5780274,,,,,556.58,1,3,2.75,167.75,10.0,3.0,1.0,6.0,N,0.28,5.0,MOL,-1,41.0,-1.07,C28H26F2N10O,NC(=O)c1cccc(C2(N)CCCN(c3cnc(-c4ccc(F)c(F)c4)cc3Cn3cnc4c(N)ncnc43)C2)n1,UKHBICJBLWUTOV-UHFFFAOYSA-N,"InChI=1S/C28H26F2N10O/c29-18-6-5-16(9-19(18)30)21-10-17(12-40-15-37-24-25(31)35-14-36-27(24)40)22(11-34-21)39-8-2-7-28(33,13-39)23-4-1-3-20(38-23)26(32)41/h1,3-6,9-11,14-15H,2,7-8,12-13,33H2,(H2,32,41)(H2,31,35,36)",False,-1,['BDBM567994'],"['US11420970, Example 195']"
CHEMBL5560642,,,,,381.18,2,2,2.09,78.85,6.0,1.0,0.0,4.0,N,0.7,3.0,MOL,-1,20.0,-1.39,C13H12IN5O,Nc1ncnc2c1ncn2CCOc1ccc(I)cc1,JIBUXWLGVKLYOX-UHFFFAOYSA-N,"InChI=1S/C13H12IN5O/c14-9-1-3-10(4-2-9)20-6-5-19-8-18-11-12(15)16-7-17-13(11)19/h1-4,7-8H,5-6H2,(H2,15,16,17)",False,-1,['4'],['9-(2-(4-iodophenoxy)ethyl)-9H-purin-6-amine']
CHEMBL5563066,,,,,359.19,2,2,2.12,102.64,7.0,1.0,0.0,4.0,N,0.72,3.0,MOL,-1,22.0,-1.46,C14H11BrN6O,N#Cc1ccc(OCCn2c(Br)nc3c(N)ncnc32)cc1,YFGLCTZHNJDTQG-UHFFFAOYSA-N,"InChI=1S/C14H11BrN6O/c15-14-20-11-12(17)18-8-19-13(11)21(14)5-6-22-10-3-1-9(7-16)2-4-10/h1-4,8H,5-6H2,(H2,17,18,19)",False,-1,['22'],['4-(2-(6-amino-8-bromo-9H-purin-9-yl)ethoxy)benzonitrile']
CHEMBL5618724,,,,,298.35,1,1,2.87,80.06,6.0,1.0,0.0,4.0,N,0.93,2.0,MOL,-1,22.0,-0.74,C16H18N4O2,COc1cc2nc(C#N)nc(NC3CCCC3)c2cc1OC,QEDNFSRSVNKNEY-UHFFFAOYSA-N,"InChI=1S/C16H18N4O2/c1-21-13-7-11-12(8-14(13)22-2)19-15(9-17)20-16(11)18-10-5-3-4-6-10/h7-8,10H,3-6H2,1-2H3,(H,18,19,20)",False,-1,['22'],"['4-(Cyclopentylamino)-6,7-dimethoxyquinazoline-2-carbonitrile']"
CHEMBL1232461,MOLIBRESIB,BET INHIBITOR GSK525762|GSK-525762|GSK-525762A|GSK525762|GSK525762A|I-BET 762|MOLIBRESIB,Small molecule,2.0,423.9,796,4836,3.66,81.4,6.0,1.0,0.0,5.0,N,0.68,3.0,MOL,0,30.0,-0.99,C22H22ClN5O2,CCNC(=O)C[C@@H]1N=C(c2ccc(Cl)cc2)c2cc(OC)ccc2-n2c(C)nnc21,AAAQFGUYHFJNHI-SFHVURJKSA-N,"InChI=1S/C22H22ClN5O2/c1-4-24-20(29)12-18-22-27-26-13(2)28(22)19-10-9-16(30-3)11-17(19)21(25-18)14-5-7-15(23)8-6-14/h5-11,18H,4,12H2,1-3H3,(H,24,29)/t18-/m0/s1",False,0,"['12, GSK525762A, I-BET', 'I-BET-762', 'i-BET', 'IBET', '2, I-BET762', '2; I-BET762', 'I-BET, GSK525762A', '5921', 'SID174006338', 'GSK 525762A', 'GSK 525762A', '2, I-BET762', '1; i-BET762', 'I-BET762', '3, I-BET762, GSK525762A', '2; I-BET762', 'SID174007117', 'I-BET-762', '1, I-BET, I-BET762', '4; I-BET762', '1; GSK-525762', '2; I-BET762', '2, I-BET-762', '3, I-BET762, GSK525762A', 'III; I-BET762; GSK-525762A', '2; I-BET762', '1; I-BET762', '2; I-BET762', '2; GSK525762A', '2; I-BET762', '2, GSK525762A', '1; I-BET762', 'GSK525762A, I-BET, I-BET762', '2', '2; I-BET762; GSK525762', '1; I-BET762', 'MOLIBRESIB', 'I-BET-762', 'I-BET762', 'I-BET762', '2; GSK-525762', 'MOLIBRESIB', '10; I-BET762', '1; IBET762', '2; I-BET762', '132', 'I-BET-762', 'I-BET-762', 'Chemical probe: I-BET-762', 'I-BET762, GSK525762A', 'GSK525762', '1; I-BET762', '6; iBET', 'EOS101485', '1', 'Chemical probe: IBET-762', 'Chemical probe: iBET762', 'MOLIBRESIB']","['2-((4S)-6-(4-chlorophenyl)-8-methoxy-1-methyl-4H-benzo[f][1,2,4]triazolo[4,3-a][1,4]diazepin-4-yl)-N-ethylacetamide', 'I-BET-762', '2-((4S,Z)-6-(4-chlorophenyl)-8-methoxy-1-methyl-4H-benzo[f][1,2,4]triazolo[4,3-a][1,4]diazepin-4-yl)-N-ethylacetamide', '2-((4S)-6-(4-chlorophenyl)-8-methoxy-1-methyl-4H-benzo[f][1,2,4]triazolo[4,3-a][1,4]diazepin-4-yl)-N-ethylacetamide', '2-((4S)-6-(4-chlorophenyl)-8-methoxy-1-methyl-4H-benzo[f][1,2,4]triazolo[4,3-a][1,4]diazepin-4-yl)-N-ethylacetamide', '2-((4S,Z)-6-(4-chlorophenyl)-8-methoxy-1-methyl-4H-benzo[f][1,2,4]triazolo[4,3-a][1,4]diazepin-4-yl)-N-ethylacetamide', '2-((4S)-6-(4-chlorophenyl)-8-methoxy-1-methyl-4H-benzo[f][1,2,4]triazolo[4,3-a][1,4]diazepin-4-yl)-N-ethylacetamide', None, 'SID174006338', 'GSK 525762A', 'GSK 525762A', '2-((4S)-6-(4-chlorophenyl)-8-methoxy-1-methyl-4H-benzo[f][1,2,4]triazolo[4,3-a][1,4]diazepin-4-yl)-N-ethylacetamide', '2-((4S)-6-(4-chlorophenyl)-8-methoxy-1-methyl-4H-benzo[f][1,2,4]triazolo[4,3-a][1,4]diazepin-4-yl)-N-ethylacetamide', '2-((4S)-6-(4-chlorophenyl)-8-methoxy-1-methyl-4H-benzo[f][1,2,4]triazolo[4,3-a][1,4]diazepin-4-yl)-N-ethylacetamide', '2-((4S)-6-(4-chlorophenyl)-8-methoxy-1-methyl-4H-benzo[f][1,2,4]triazolo[4,3-a][1,4]diazepin-4-yl)-N-ethylacetamide', '2-((4S)-6-(4-chlorophenyl)-8-methoxy-1-methyl-4H-benzo[f][1,2,4]triazolo[4,3-a][1,4]diazepin-4-yl)-N-ethylacetamide', 'SID174007117', 'I-BET-762', '2-((4S)-6-(4-Chlorophenyl)-8-methoxy-1-methyl-4H-benzo-[f][1,2,4]triazolo[4,3-a][1,4]diazepin-4-yl)-N-ethylacetamide', '2-((4S)-6-(4-chlorophenyl)-8-methoxy-1-methyl-4H-benzo[f][1,2,4]triazolo[4,3-a][1,4]diazepin-4-yl)-N-ethylacetamide', '2-((4S,Z)-6-(4-chlorophenyl)-8-methoxy-1-methyl-4H-benzo[f][1,2,4]triazolo[4,3-a][1,4]diazepin-4-yl)-N-ethylacetamide', '2-((4S,Z)-6-(4-chlorophenyl)-8-methoxy-1-methyl-4H-benzo[f][1,2,4]triazolo[4,3-a][1,4]diazepin-4-yl)-N-ethylacetamide', '2-((4S)-6-(4-chlorophenyl)-8-methoxy-1-methyl-4H-benzo[f][1,2,4]triazolo[4,3-a][1,4]diazepin-4-yl)-N-ethylacetamide', '2-((4S)-6-(4-chlorophenyl)-8-methoxy-1-methyl-4H-benzo[f][1,2,4]triazolo[4,3-a][1,4]diazepin-4-yl)-N-ethylacetamide', '2-((4S,Z)-6-(4-chlorophenyl)-8-methoxy-1-methyl-4H-benzo[f][1,2,4]triazolo[4,3-a][1,4]diazepin-4-yl)-N-ethylacetamide', '2-((4S,Z)-6-(4-chlorophenyl)-8-methoxy-1-methyl-4H-benzo[f][1,2,4]triazolo[4,3-a][1,4]diazepin-4-yl)-N-ethylacetamide', '2-((4S)-6-(4-chlorophenyl)-8-methoxy-1-methyl-4H-benzo[f][1,2,4]triazolo[4,3-a][1,4]diazepin-4-yl)-N-ethylacetamide', '2-((4S)-6-(4-chlorophenyl)-8-methoxy-1-methyl-4H-benzo[f][1,2,4]triazolo[4,3-a][1,4]diazepin-4-yl)-N-ethylacetamide', '2-((4S)-6-(4-chlorophenyl)-8-methoxy-1-methyl-4H-benzo[f][1,2,4]triazolo[4,3-a][1,4]diazepin-4-yl)-N-ethylacetamide', '2-((4S)-6-(4-chlorophenyl)-8-methoxy-1-methyl-4H-benzo[f][1,2,4]triazolo[4,3-a][1,4]diazepin-4-yl)-N-ethylacetamide', '2-[(4S)-6-(4-chlorophenyl)-1-methyl-8-(methyloxy)-4H-[1,2,4]triazolo[4,3-a][1,4]benzodiazepin-4-yl]-Nethylacetamide', '2-((4S)-6-(4-chlorophenyl)-8-methoxy-1-methyl-4H-benzo[f][1,2,4]triazolo[4,3-a][1,4]diazepin-4-yl)-N-ethylacetamide', '2-((4S)-6-(4-chlorophenyl)-8-methoxy-1-methyl-4H-benzo[f][1,2,4]triazolo[4,3-a][1,4]diazepin-4-yl)-N-ethylacetamide', '2-((4S)-6-(4-chlorophenyl)-8-methoxy-1-methyl-4H-benzo[f][1,2,4]triazolo[4,3-a][1,4]diazepin-4-yl)-N-ethylacetamide', '2-((4S)-6-(4-chlorophenyl)-8-methoxy-1-methyl-4H-benzo[f][1,2,4]triazolo[4,3-a][1,4]diazepin-4-yl)-N-ethylacetamide', '2-((4S)-6-(4-chlorophenyl)-8-methoxy-1-methyl-4H-benzo[f][1,2,4]triazolo[4,3-a][1,4]diazepin-4-yl)-N-ethylacetamide', 'MOLIBRESIB', '2-[(4S)-6-(4-chlorophenyl)-8-methoxy-1-methyl-4H-[1,2,4]triazolo[4,3-a][1,4]benzodiazepin-4-yl]-N-ethyl-acetamide', '2-((4S,Z)-6-(4-chlorophenyl)-8-methoxy-1-methyl-4H-benzo[f][1,2,4]triazolo[4,3-a][1,4]diazepin-4-yl)-N-ethylacetamide', '(S)-2-(6-(4-chlorophenyl)-8-methoxy-1-methyl-4H-benzo[f][1,2,4]triazolo[4,3-a][1,4]diazepin-4-yl)-N-ethylacetamide', '2-((4S)-6-(4-chlorophenyl)-8-methoxy-1-methyl-4H-benzo[f][1,2,4]triazolo[4,3-a][1,4]diazepin-4-yl)-N-ethylacetamide', 'MOLIBRESIB', '2-((4S)-6-(4-chlorophenyl)-8-methoxy-1-methyl-4H-benzo[f][1,2,4]triazolo[4,3-a][1,4]diazepin-4-yl)-N-ethylacetamide', '2-[(4S)-6-(4-chlorophenyl)-8-methoxy-1-methyl-4H-[1,2,4]triazolo[4,3-a][1,4]benzodiazepin-4-yl]-N-ethyl-acetamide', '2-((4S,Z)-6-(4-chlorophenyl)-8-methoxy-1-methyl-4H-benzo[f][1,2,4]triazolo[4,3-a][1,4]diazepin-4-yl)-N-ethylacetamide', '2-((4S,Z)-6-(4-chlorophenyl)-8-methoxy-1-methyl-4H-benzo[f][1,2,4]triazolo[4,3-a][1,4]diazepin-4-yl)-N-ethylacetamide', 'I-BET-762', 'I-BET-762', 'I-BET-762', 'I-BET762', '(S)-2-(6-(4-chlorophenyl)-8-methoxy-1-methyl-4H-benzo[f][1,2,4]triazolo[4,3-a][1,4]diazepin-4-yl)-N-ethylacetamide', '2-((4S)-6-(4-chlorophenyl)-8-methoxy-1-methyl-4H-benzo[f][1,2,4]triazolo[4,3-a][1,4]diazepin-4-yl)-N-ethylacetamide', '2-((4S)-6-(4-chlorophenyl)-8-methoxy-1-methyl-4H-benzo[f][1,2,4]triazolo[4,3-a][1,4]diazepin-4-yl)-N-ethylacetamide', 'I-BET-762', '(S)-2-(6-(4-chlorophenyl)-8-methoxy-1-methyl-4H-benzo[f][1,2,4]triazolo[4,3-a][1,4]diazepin-4-yl)-N-ethylacetamide', 'IBET-762', 'iBET762', 'MOLIBRESIB']"
CHEMBL3137309,VENETOCLAX,ABT-199|ABT199|GDC-0199|RG-7601|RG7601|VENCLEXTA|VENCLYXTO|VENETOCLAX,Small molecule,4.0,868.46,134,465,8.66,172.03,11.0,3.0,3.0,13.0,N,0.08,5.0,MOL,0,61.0,-1.02,C45H50ClN7O7S,CC1(C)CCC(CN2CCN(c3ccc(C(=O)NS(=O)(=O)c4ccc(NCC5CCOCC5)c([N+](=O)[O-])c4)c(Oc4cnc5[nH]ccc5c4)c3)CC2)=C(c2ccc(Cl)cc2)C1,LQBVNQSMGBZMKD-UHFFFAOYSA-N,"InChI=1S/C45H50ClN7O7S/c1-45(2)15-11-33(39(26-45)31-3-5-34(46)6-4-31)29-51-17-19-52(20-18-51)35-7-9-38(42(24-35)60-36-23-32-12-16-47-43(32)49-28-36)44(54)50-61(57,58)37-8-10-40(41(25-37)53(55)56)48-27-30-13-21-59-22-14-30/h3-10,12,16,23-25,28,30,48H,11,13-15,17-22,26-27,29H2,1-2H3,(H,47,49)(H,50,54)",False,0,"['ABT-199', '3; ABT-199', 'BDBM60828', 'BDBM60828', 'VENETOCLAX', 'SID174006982', 'ABT-199; GDC-0199', '22; ABT-199', 'ABT-199', '131', '23', 'VENETOCLAX', 'VENETOCLAX', 'VENETOCLAX', 'ABT-199', 'ABT-199', 'VenetoclaxÊ', 'Venetoclax', 'ABT-199', 'ABT-199', 'ABT-199; 1', '37; ABT-199', '3; ABT-199', 'ABT-199', 'ABT199', '8; ABT-199', 'ABT-199', 'ABT-199', 'Venetoclax', 'Venetoclax', 'Venetoclax', 'ABT-199', 'VENETOCLAX', 'venetoclax', 'ABT-199', 'VENETOCLAX', 'VenetoclaxÂ', 'ABT-199', '6; ABT-199', 'ABT-199', '18', 'Venetoclax', '7; ABT199', 'ABT-199, GDC-0199', '1c; ABT-199', 'EUB0001812a', 'Venetoclax', 'Venetoclax', 'Venetoclax, ABT-199 (29)', 'ABT199', '11; ABT-199', 'VENETOCLAX', 'Venetoclax', 'BDBM60828', 'Venetoclax', 'EUB0001812a', 'BDBM60828', 'BDBM60828', 'BDBM60828', 'BDBM60828', 'BDBM60828', 'BDBM50162774', 'VENETOCLAX']","['Venetoclax', 'Venetoclax', 'ABT-199::BDBM189459::US10213433, Compound 5::US10377755, Example ABT-199::US11318134, Example ABT-199::US11369599, Compound 369::US9174982, 369', 'ABT-199::BDBM189459::US10213433, Compound 5::US10377755, Example ABT-199::US11318134, Example ABT-199::US11369599, Compound 369::US9174982, 369', 'VENETOCLAX', 'SID174006982', 'Venetoclax', 'Venetoclax', '2-(1H-pyrrolo[2,3-b]pyridin-5-yloxy)-4-(4-((2-(4-chlorophenyl)-4,4-dimethylcyclohex-1-enyl)methyl)piperazin-1-yl)-N-(3-nitro-4-((tetrahydro-2H-pyran-4-yl)methylamino)phenylsulfonyl)benzamide', 'Venetoclax', '2-(1H-pyrrolo[2,3-b]pyridin-5-yloxy)-4-(4-((2-(4-chlorophenyl)-4,4-dimethylcyclohex-1-enyl)methyl)piperazin-1-yl)-N-(3-nitro-4-((tetrahydro-2H-pyran-4-yl)methylamino)phenylsulfonyl)benzamide', 'VENETOCLAX', 'VENETOCLAX', 'VENETOCLAX', '2-(1H-pyrrolo[2,3-b]pyridin-5-yloxy)-4-(4-((2-(4-chlorophenyl)-4,4-dimethylcyclohex-1-enyl)methyl)piperazin-1-yl)-N-(3-nitro-4-((tetrahydro-2H-pyran-4-yl)methylamino)phenylsulfonyl)benzamide', 'N-[4-{4-[2-(4-Chloro-phenyl)-4,4-dimethyl-cyclohex-1-enylmethyl]-piperazin-1-yl}-2-(1H-pyrrolo[2,3-b]pyridin-5-yloxy)-benzoyl]-3-nitro-4-[(tetrahydro-pyran-4-ylmethyl)-amino]-benzenesulfonamide', 'VenetoclaxÊ', 'Venetoclax', 'Venetoclax', '2-(1H-pyrrolo[2,3-b]pyridin-5-yloxy)-4-(4-((2-(4-chlorophenyl)-4,4-dimethylcyclohex-1-enyl)methyl)piperazin-1-yl)-N-(3-nitro-4-((tetrahydro-2H-pyran-4-yl)methylamino)phenylsulfonyl)benzamide', 'Venetoclax', 'Venetoclax', 'Venetocalx', '2-(1H-pyrrolo[2,3-b]pyridin-5-yloxy)-4-(4-((2-(4-chlorophenyl)-4,4-dimethylcyclohex-1-enyl)methyl)piperazin-1-yl)-N-(3-nitro-4-((tetrahydro-2H-pyran-4-yl)methylamino)phenylsulfonyl)benzamide', 'Venetoclax', 'Venetoclax', 'Venetoclax; Venclexta', 'Venetoclax', 'Venetoclax', 'Venetoclax', 'Venetoclax', 'Venetoclax', 'VENETOCLAX', 'venetoclax', '2-(1H-pyrrolo[2,3-b]pyridin-5-yloxy)-4-(4-((2-(4-chlorophenyl)-4,4-dimethylcyclohex-1-enyl)methyl)piperazin-1-yl)-N-(3-nitro-4-((tetrahydro-2H-pyran-4-yl)methylamino)phenylsulfonyl)benzamide', 'VENETOCLAX', 'VenetoclaxÂ', 'Venetoclax', '2-(1H-pyrrolo[2,3-b]pyridin-5-yloxy)-4-(4-((2-(4-chlorophenyl)-4,4-dimethylcyclohex-1-enyl)methyl)piperazin-1-yl)-N-(3-nitro-4-((tetrahydro-2H-pyran-4-yl)methylamino)phenylsulfonyl)benzamide', '2-(1H-pyrrolo[2,3-b]pyridin-5-yloxy)-4-(4-((2-(4-chlorophenyl)-4,4-dimethylcyclohex-1-enyl)methyl)piperazin-1-yl)-N-(3-nitro-4-((tetrahydro-2H-pyran-4-yl)methylamino)phenylsulfonyl)benzamide', 'Venetoclax', 'Venetoclax', 'Venetoclax', 'Venetoclax', 'Venetoclax', 'ABT-199', 'Venetoclax', 'Venetoclax', '4-[4-[[2-(4-chlorophenyl)-4,4-dimethyl-cyclohexen-1-yl]methyl]piperazin-1-yl]-N-[3-nitro-4-(tetrahydropyran-4-ylmethylamino)phenyl]sulfonyl-2-(1H-pyrrolo[2,3-b]pyridin-5-yloxy)benzamide', 'Venetoclax', 2-((1H-pyrrolo[2,3-b]pyridin-5-yl)oxy)-4-(4-((4'-chloro-5,5-dimethyl-3,4,5,6-tetrahydro-[1,1'-biphenyl]-2-yl)methyl)piperazin-1-yl)-N-((3-nitro-4-(((tetrahydro-2H-pyran-4-yl)methyl)amino)phenyl)sulfonyl)benzamide"", 'VENETOCLAX', 'Venetoclax', 'ABT-199::BDBM189459::US10213433, Compound 5::US10377755, Example ABT-199::US11318134, Example ABT-199::US11369599, Compound 369::US11590126, Example ABT-199::US9174982, 369', 'Venetoclax', 'ABT-199', 'ABT-199::BDBM189459::US10213433, Compound 5::US10377755, Example ABT-199::US11318134, Example ABT-199::US11369599, Compound 369::US11590126, Example ABT-199::US9174982, 369', 'ABT-199::BDBM189459::US10213433, Compound 5::US10377755, Example ABT-199::US11318134, Example ABT-199::US11369599, Compound 369::US11590126, Example ABT-199::US9174982, 369', 'ABT-199::BDBM189459::US10213433, Compound 5::US10377755, Example ABT-199::US11318134, Example ABT-199::US11369599, Compound 369::US11590126, Example ABT-199::US9174982, 369', 'ABT-199::BDBM189459::US10213433, Compound 5::US10377755, Example ABT-199::US11318134, Example ABT-199::US11369599, Compound 369::US11590126, Example ABT-199::US9174982, 369', 'ABT-199::BDBM189459::US10213433, Compound 5::US10377755, Example ABT-199::US11318134, Example ABT-199::US11369599, Compound 369::US11590126, Example ABT-199::US9174982, 369', 'ABT-199::US11420968, Example ABT-199::Venetoclax', 'VENETOCLAX']"""
CHEMBL21731,MAPROTILINE,"BA-34,276 FREE BASE|BA-34,276 [AS HYDROCHLORIDE]|BA-34276 FREE BASE|MAPROTILINA|MAPROTILINE",Small molecule,4.0,277.41,188,809,4.21,12.03,1.0,1.0,0.0,4.0,N,0.83,2.0,MOL,0,21.0,0.83,C20H23N,CNCCCC12CCC(c3ccccc31)c1ccccc12,QSLMDECMDJKHMQ-UHFFFAOYSA-N,"InChI=1S/C20H23N/c1-21-14-6-12-20-13-11-15(16-7-2-4-9-18(16)20)17-8-3-5-10-19(17)20/h2-5,7-10,15,21H,6,11-14H2,1H3",False,0,"['MAPROTILINE', 'MAPROTILINE', 'Maprotiline', 'Maprotiline', 'Maprotiline', 'SID124880790', 'SID90341780', 'MAPROTILINE', 'maprotiline', 'SID50104649', '20', 'MAPROTILINE', '1372', 'Maprotiline', 'MAPROTILINE', 'SID11113802', '16', 'Maprotiline', 'maprotiline', 'Maprotiline (table SVI)', 'SID11111502', 'SID170464778', 'maprotiline', '1', 'SID50085871', 'maprotiline', 'Maprotiline', 'Maprotiline', 'SID26751977', 'maprotilline', 'SID11112599', '109', 'Maprotiline', '12', 'SID104171192', 'maprotiline', '2', 'SID144203751', 'Maprotiline', 'Maprotiline', 'Maprotiline', 'Maprotiline', 'Maprotiline', 'Maprotiline', 'SID124880792', 'Maprotiline', 'MAPROTILINE', 'Maprotiline', 'Maprotiline', 'maprotiline', 'Maprotiline', 'maprotiline', 'COVC-1751699677', 'MAPROTILINE', '10', 'MAPROTILINE', 'maprotiline', 'F2050', '5', 'MAPROTILINE']","['MAPROTILINE', 'MAPROTILINE', '1N-methyl-3-tetracyclo[6.6.2.02,7.09,14]hexadeca-2(7),3,5,9(14),10,12-hexaen-1-yl-1-propanamine', 'Maprotiline', 'Maprotiline', 'SID124880790', 'SID90341780', 'Maprotiline', 'maprotiline', 'SID50104649', 'Maprotiline', 'MAPROTILINE', None, 'Maprotiline', 'MAPROTILINE', 'SID11113802', 'maprotiline', 'Maprotiline', 'maprotiline', 'Maprotiline', 'SID11111502', 'SID170464778', 'maprotiline', 'Maprotiline', 'SID50085871', 'maprotiline', 'Maprotiline', 'Maprotiline', 'SID26751977', 'maprotilline', 'SID11112599', 'maprotiline', 'Maprotiline', 'maprotiline', 'SID104171192', 'maprotiline', 'Maprotiline', 'SID144203751', 'Maprotiline', 'Maprotiline', 'Maprotiline', 'Maprotiline', 'Maprotiline', 'Maprotiline', 'SID124880792', 'Maprotiline', 'MAPROTILINE', 'Maprotiline', 'Maprotiline', 'maprotiline', 'Maprotiline', 'maprotiline', 'MAPROTILINE', 'MAPROTILINE', 'Maprotiline', 'MAPROTILINE', 'maprotiline', '3-(9,10-dihydro-9,10-ethanoanthracen-9-yl)-N-methylpropan-1-amine', '3-(9,10-ethanoanthracen-9(10H)-yl)-N-methylpropan-1-amine', 'MAPROTILINE']"
CHEMBL5518061,,,,,378.39,2,3,2.19,108.47,6.0,2.0,0.0,4.0,N,0.72,3.0,MOL,-1,28.0,-0.79,C20H18N4O4,COc1ccc(C(N)=O)cc1-c1ncn(C)c1-c1ccc2c(c1)OCC(=O)N2,NQERJHKXGVIGAD-UHFFFAOYSA-N,"InChI=1S/C20H18N4O4/c1-24-10-22-18(13-7-12(20(21)26)4-6-15(13)27-2)19(24)11-3-5-14-16(8-11)28-9-17(25)23-14/h3-8,10H,9H2,1-2H3,(H2,21,26)(H,23,25)",False,-1,['11'],"['4-Methoxy-3-(1-methyl-5-(3-oxo-3,4-dihydro-2H-benzo[b][1,4]oxazin-7-yl)-1H-imidazol-4-yl)benzamide']"
CHEMBL5559177,,,,,425.49,3,4,4.4,81.07,6.0,2.0,0.0,5.0,N,0.5,4.0,MOL,-1,32.0,-1.11,C25H23N5O2,Cc1ccc(CNc2cccnc2)cc1-c1ncn(C)c1-c1ccc2c(c1)OCC(=O)N2,APUAYMXUHLOPLQ-UHFFFAOYSA-N,"InChI=1S/C25H23N5O2/c1-16-5-6-17(12-27-19-4-3-9-26-13-19)10-20(16)24-25(30(2)15-28-24)18-7-8-21-22(11-18)32-14-23(31)29-21/h3-11,13,15,27H,12,14H2,1-2H3,(H,29,31)",False,-1,['17'],"['7-(1-Methyl-4-(2-methyl-5-((pyridin-3-ylamino)methyl)phenyl)-1H-imidazol-5-yl)-2H-benzo[b][1,4]oxazin-3(4H)-one']"
CHEMBL5432302,,,,,532.62,3,5,3.53,130.23,10.0,2.0,1.0,8.0,N,0.35,4.0,MOL,-1,39.0,-0.59,C28H33FN8O2,COc1ccc(-c2cc(Cn3cnc4c(N)ncnc43)c(N3CCC[C@](N)(COC4CCC4)C3)cn2)cc1F,WLGCCCLQJAMXCP-MUUNZHRXSA-N,"InChI=1S/C28H33FN8O2/c1-38-24-7-6-18(10-21(24)29)22-11-19(13-37-17-35-25-26(30)33-16-34-27(25)37)23(12-32-22)36-9-3-8-28(31,14-36)15-39-20-4-2-5-20/h6-7,10-12,16-17,20H,2-5,8-9,13-15,31H2,1H3,(H2,30,33,34)/t28-/m1/s1",False,-1,"['40', 'BDBM567831']","['(R)-9-((5-(3-amino-3-(cyclobutoxymethyl)piperidin-1-yl)-2-(3-fluoro-4-methoxyphenyl)pyridin-4-yl)methyl)-9H-purin-6-amine', 'US11420970, Example 32']"
CHEMBL5593211,,,,,452.6,2,2,3.66,86.54,8.0,1.0,0.0,10.0,N,0.55,2.0,MOL,-1,33.0,-1.14,C25H36N6O2,CCCN1CCC(Nc2nc(C#N)nc3cc(OCCCN4CCCC4)c(OC)cc23)CC1,RWIWOWGXKHFTHM-UHFFFAOYSA-N,"InChI=1S/C25H36N6O2/c1-3-9-30-13-7-19(8-14-30)27-25-20-16-22(32-2)23(17-21(20)28-24(18-26)29-25)33-15-6-12-31-10-4-5-11-31/h16-17,19H,3-15H2,1-2H3,(H,27,28,29)",False,-1,['18'],['6-methoxy-4-((1-propylpiperidin-4-yl)amino)-7-(3-(pyrrolidin-1-yl)propoxy)quinazoline-2-carbonitrile']
CHEMBL5618106,,,,,313.36,1,1,1.27,74.51,7.0,0.0,0.0,3.0,N,0.84,2.0,MOL,-1,23.0,-1.01,C16H19N5O2,COc1cc2nc(C#N)nc(N3CCN(C)CC3)c2cc1OC,ONOLYLSLISVTAP-UHFFFAOYSA-N,"InChI=1S/C16H19N5O2/c1-20-4-6-21(7-5-20)16-11-8-13(22-2)14(23-3)9-12(11)18-15(10-17)19-16/h8-9H,4-7H2,1-3H3",False,-1,['24'],"['6,7-Dimethoxy-4-(4-methylpiperazin-1-yl)quinazoline-2-carbonitrile']"
CHEMBL6026048,,,,,513.56,1,3,3.65,124.66,9.0,2.0,1.0,5.0,N,0.36,5.0,MOL,-1,38.0,-0.97,C27H25F2N9,Nc1ncnc2c1ncn2Cc1cc(-c2ccc(F)c(F)c2)ncc1N1CCC[C@](N)(c2ccncc2)C1,VJXPVEFBSGKNFB-HHHXNRCGSA-N,"InChI=1S/C27H25F2N9/c28-20-3-2-17(10-21(20)29)22-11-18(13-38-16-36-24-25(30)34-15-35-26(24)38)23(12-33-22)37-9-1-6-27(31,14-37)19-4-7-32-8-5-19/h2-5,7-8,10-12,15-16H,1,6,9,13-14,31H2,(H2,30,34,35)/t27-/m1/s1",False,-1,['BDBM568043'],"['US11420970, Example 245']"
CHEMBL5944604,,,,,528.57,1,3,3.35,137.55,10.0,2.0,1.0,5.0,N,0.35,5.0,MOL,-1,39.0,-1.03,C27H26F2N10,Cc1cncc([C@@]2(N)CCCN(c3cnc(-c4ccc(F)c(F)c4)cc3Cn3cnc4c(N)ncnc43)C2)n1,RAYOOSXZNHOXHO-HHHXNRCGSA-N,"InChI=1S/C27H26F2N10/c1-16-9-32-11-23(37-16)27(31)5-2-6-38(13-27)22-10-33-21(17-3-4-19(28)20(29)7-17)8-18(22)12-39-15-36-24-25(30)34-14-35-26(24)39/h3-4,7-11,14-15H,2,5-6,12-13,31H2,1H3,(H2,30,34,35)/t27-/m1/s1",False,-1,['BDBM568056'],"['US11420970, Example 258']"
CHEMBL5619512,,,,,421.55,2,3,3.79,62.75,7.0,1.0,0.0,7.0,N,0.62,3.0,MOL,-1,31.0,-1.11,C24H31N5O2,COc1cc2nc(N(C)C)nc(NC3CCN(Cc4ccccc4)CC3)c2cc1OC,JMGVTFXOMRJIGP-UHFFFAOYSA-N,"InChI=1S/C24H31N5O2/c1-28(2)24-26-20-15-22(31-4)21(30-3)14-19(20)23(27-24)25-18-10-12-29(13-11-18)16-17-8-6-5-7-9-17/h5-9,14-15,18H,10-13,16H2,1-4H3,(H,25,26,27)",False,-1,['11'],"['N4-(1-Benzylpiperidin-4-yl)-6,7-dimethoxy-N2,N2-dimethylquinazoline-2,4-diamine']"
CHEMBL5955746,,,,,564.52,1,3,3.18,141.23,10.0,3.0,1.0,8.0,N,0.28,4.0,MOL,-1,40.0,-0.94,C25H25F5N8O2,Nc1ncnc2c1ncn2Cc1cc(-c2ccc(OC(F)F)c(F)c2)ncc1N1CCC[C@](N)([C@@H](O)C(F)F)C1,MWTXNOKOEWEHGS-NBGIEHNGSA-N,"InChI=1S/C25H25F5N8O2/c26-15-6-13(2-3-18(15)40-24(29)30)16-7-14(9-38-12-36-19-22(31)34-11-35-23(19)38)17(8-33-16)37-5-1-4-25(32,10-37)20(39)21(27)28/h2-3,6-8,11-12,20-21,24,39H,1,4-5,9-10,32H2,(H2,31,34,35)/t20-,25+/m0/s1",False,-1,['BDBM567918'],"['US11420970, Example 119']"
CHEMBL5809508,,,,,501.55,1,3,3.91,103.57,9.0,1.0,1.0,5.0,N,0.39,5.0,MOL,-1,37.0,-1.38,C26H25F2N9,Cn1ncc([C@H]2CCCN(c3cnc(-c4ccc(F)c(F)c4)cc3Cn3cnc4c(N)nccc43)C2)n1,JQQQSMNMDBQWRG-KRWDZBQOSA-N,"InChI=1S/C26H25F2N9/c1-35-33-11-22(34-35)17-3-2-8-36(13-17)24-12-31-21(16-4-5-19(27)20(28)9-16)10-18(24)14-37-15-32-25-23(37)6-7-30-26(25)29/h4-7,9-12,15,17H,2-3,8,13-14H2,1H3,(H2,29,30)/t17-/m0/s1",False,-1,['BDBM568081'],"['US11420970, Example 283']"
CHEMBL5562966,,,,,285.31,2,2,1.5,88.08,7.0,1.0,0.0,5.0,N,0.76,3.0,MOL,-1,21.0,-0.92,C14H15N5O2,COc1ccc(OCCn2cnc3c(N)ncnc32)cc1,YSVQBYRFAUILJW-UHFFFAOYSA-N,"InChI=1S/C14H15N5O2/c1-20-10-2-4-11(5-3-10)21-7-6-19-9-18-12-13(15)16-8-17-14(12)19/h2-5,8-9H,6-7H2,1H3,(H2,15,16,17)",False,-1,['6'],['9-(2-(4-methoxyphenoxy)ethyl)-9H-purin-6-amine']
CHEMBL5561571,,,,,326.39,2,2,2.08,102.64,8.0,1.0,0.0,5.0,N,0.72,3.0,MOL,-1,23.0,-1.73,C15H14N6OS,CSc1nc2c(N)ncnc2n1CCOc1ccc(C#N)cc1,HYTBKMIRXZUYHY-UHFFFAOYSA-N,"InChI=1S/C15H14N6OS/c1-23-15-20-12-13(17)18-9-19-14(12)21(15)6-7-22-11-4-2-10(8-16)3-5-11/h2-5,9H,6-7H2,1H3,(H2,17,18,19)",False,-1,['23'],['4-(2-(6-amino-8-(methylthio)-9H-purin-9-yl)ethoxy)benzonitrile']
CHEMBL5592774,,,,,426.57,2,2,3.13,86.54,8.0,1.0,0.0,9.0,N,0.61,2.0,MOL,-1,31.0,-1.19,C23H34N6O2,COc1cc2c(NC3CCN(C(C)C)CC3)nc(C#N)nc2cc1OCCCN(C)C,XUMFFNYIUQTNKW-UHFFFAOYSA-N,"InChI=1S/C23H34N6O2/c1-16(2)29-10-7-17(8-11-29)25-23-18-13-20(30-5)21(31-12-6-9-28(3)4)14-19(18)26-22(15-24)27-23/h13-14,16-17H,6-12H2,1-5H3,(H,25,26,27)",False,-1,['24'],['7-(3-(dimethylamino)propoxy)-4-((1-isopropylpiperidin-4-yl)amino)-6-methoxyquinazoline-2-carbonitrile']
CHEMBL6021195,,,,,502.6,1,3,3.52,121.0,9.0,2.0,1.0,7.0,N,0.39,4.0,MOL,-1,37.0,-0.57,C27H31FN8O,Nc1ncnc2c1ncn2Cc1cc(-c2ccc(F)cc2)ncc1N1CCC[C@](N)(COC2CCC2)C1,SVBVOSIPXYMSDS-HHHXNRCGSA-N,"InChI=1S/C27H31FN8O/c28-20-7-5-18(6-8-20)22-11-19(13-36-17-34-24-25(29)32-16-33-26(24)36)23(12-31-22)35-10-2-9-27(30,14-35)15-37-21-3-1-4-21/h5-8,11-12,16-17,21H,1-4,9-10,13-15,30H2,(H2,29,32,33)/t27-/m1/s1",False,-1,['BDBM567835'],"['US11420970, Example 36']"
CHEMBL5881645,,,,,544.99,1,3,3.1,141.23,10.0,3.0,1.0,7.0,N,0.32,4.0,MOL,-1,38.0,-0.65,C25H27ClF2N8O2,COc1ccc(-c2cc(Cn3cnc4c(N)ncnc43)c(N3CCC[C@](N)([C@H](O)C(F)F)C3)cn2)c(Cl)c1,DSZJEJFEQPHGOS-PXDATVDWSA-N,"InChI=1S/C25H27ClF2N8O2/c1-38-15-3-4-16(17(26)8-15)18-7-14(10-36-13-34-20-23(29)32-12-33-24(20)36)19(9-31-18)35-6-2-5-25(30,11-35)21(37)22(27)28/h3-4,7-9,12-13,21-22,37H,2,5-6,10-11,30H2,1H3,(H2,29,32,33)/t21-,25-/m1/s1",False,-1,['BDBM567967'],"['US11420970, Example 168']"
CHEMBL5618212,,,,,325.42,1,1,2.79,74.07,6.0,1.0,0.0,4.0,N,0.93,2.0,MOL,-1,24.0,-1.39,C18H23N5O,COc1ccc2c(NC3CCN(C(C)C)CC3)nc(C#N)nc2c1,BDXVCKAXKWPDSL-UHFFFAOYSA-N,"InChI=1S/C18H23N5O/c1-12(2)23-8-6-13(7-9-23)20-18-15-5-4-14(24-3)10-16(15)21-17(11-19)22-18/h4-5,10,12-13H,6-9H2,1-3H3,(H,20,21,22)",False,-1,['36'],['4-((1-Isopropylpiperidin-4-yl)amino)-7-methoxyquinazoline-2-carbonitrile']
CHEMBL5433029,,,,,546.53,2,4,2.73,141.23,10.0,3.0,1.0,7.0,N,0.3,4.0,MOL,-1,39.0,-0.65,C25H26F4N8O2,COc1cc(F)c(-c2cc(Cn3cnc4c(N)ncnc43)c(N3CCC[C@](N)([C@@H](O)C(F)F)C3)cn2)cc1F,PIFXSVGCYBHXHR-SQJMNOBHSA-N,"InChI=1S/C25H26F4N8O2/c1-39-19-7-15(26)14(6-16(19)27)17-5-13(9-37-12-35-20-23(30)33-11-34-24(20)37)18(8-32-17)36-4-2-3-25(31,10-36)21(38)22(28)29/h5-8,11-12,21-22,38H,2-4,9-10,31H2,1H3,(H2,30,33,34)/t21-,25+/m0/s1",False,-1,"['42', 'BDBM567959']","['(R)-1-((R)-3-amino-1-(4-((6-amino-9H-purin-9-yl)methyl)-6-(2,5-difluoro-4-methoxyphenyl)pyridin-3-yl)piperidin-3-yl)-2,2-difluoroethan-1-ol', '(R)-1-((R)-3-amino-1-(4-((6-amino-9H-purin-9-yl)methyl)-6-(2,5-difluoro-4-methoxyphenyl)pyridin-3-yl)piperidin-3-yl)-2,2-difluoroethan-1-ol and (S)-1-((R)-3-amino-1-(4-((6-amino-9H-purin-9-yl)methyl)-6-(2,5-difluoro-4-methoxyphenyl)pyridin-3-yl)piperidin-3-yl)-2,2-difluoroethan-1-ol::US11420970, Example 160']"
CHEMBL5946316,,,,,532.96,1,3,3.24,132.0,9.0,3.0,1.0,6.0,N,0.34,4.0,MOL,-1,37.0,-0.92,C24H24ClF3N8O,Nc1ncnc2c1ncn2Cc1cc(-c2ccc(Cl)c(F)c2)ncc1N1CCC[C@](N)([C@@H](O)C(F)F)C1,SOQIUOAPFSBBMR-GBXCKJPGSA-N,"InChI=1S/C24H24ClF3N8O/c25-15-3-2-13(6-16(15)26)17-7-14(9-36-12-34-19-22(29)32-11-33-23(19)36)18(8-31-17)35-5-1-4-24(30,10-35)20(37)21(27)28/h2-3,6-8,11-12,20-21,37H,1,4-5,9-10,30H2,(H2,29,32,33)/t20-,24+/m0/s1",False,-1,['BDBM567923'],"['US11420970, Example 124']"
CHEMBL5592412,,,,,509.65,2,2,4.79,99.95,8.0,1.0,1.0,8.0,N,0.51,2.0,MOL,-1,37.0,-1.2,C28H39N5O4,COc1cc2c(NC3CCN(C(=O)OC(C)(C)C)CC3)cc(C#N)nc2cc1OCCCN1CCCC1,XCOMPIJYIFQUPV-UHFFFAOYSA-N,"InChI=1S/C28H39N5O4/c1-28(2,3)37-27(34)33-13-8-20(9-14-33)30-23-16-21(19-29)31-24-18-26(25(35-4)17-22(23)24)36-15-7-12-32-10-5-6-11-32/h16-18,20H,5-15H2,1-4H3,(H,30,31)",False,-1,['34'],['tert-butyl 4-((2-cyano-6-methoxy-7-(3-(pyrrolidin-1-yl)propoxy)quinolin-4-yl)amino)piperidine-1-carboxylate']
CHEMBL5619878,,,,,355.44,1,1,2.8,83.3,7.0,1.0,0.0,6.0,N,0.85,2.0,MOL,-1,26.0,-1.12,C19H25N5O2,CCCN1CCC(Nc2nc(C#N)nc3cc(OC)c(OC)cc23)CC1,FRIOJNGETURVST-UHFFFAOYSA-N,"InChI=1S/C19H25N5O2/c1-4-7-24-8-5-13(6-9-24)21-19-14-10-16(25-2)17(26-3)11-15(14)22-18(12-20)23-19/h10-11,13H,4-9H2,1-3H3,(H,21,22,23)",False,-1,['28'],"['6,7-Dimethoxy-4-((1-propylpiperidin-4-yl)amino)quinazoline-2-carbonitrile']"
CHEMBL6020918,,,,,448.51,3,12,2.59,121.0,9.0,2.0,0.0,5.0,N,0.48,4.0,MOL,-1,33.0,-1.11,C23H25FN8O,COc1ccc(-c2cc(Cn3cnc4c(N)ncnc43)c(N3CCC[C@@H](N)C3)cn2)cc1F,ZLEUKUNFAVEEND-MRXNPFEDSA-N,"InChI=1S/C23H25FN8O/c1-33-20-5-4-14(7-17(20)24)18-8-15(19(9-27-18)31-6-2-3-16(25)11-31)10-32-13-30-21-22(26)28-12-29-23(21)32/h4-5,7-9,12-13,16H,2-3,6,10-11,25H2,1H3,(H2,26,28,29)/t16-/m1/s1",False,-1,"['BDBM567676', 'BDBM567676']","['US11420968, Example F42::US11420970, Example 1', 'US11420968, Example F42::US11420970, Example 1']"
CHEMBL5789768,,,,,466.5,1,3,2.54,121.0,9.0,2.0,0.0,5.0,N,0.46,4.0,MOL,-1,34.0,-0.88,C23H24F2N8O,COc1ccc(-c2cc(Cn3cnc4c(N)ncnc43)c(N3CC[C@@H](F)[C@@H](N)C3)cn2)c(F)c1,ULANVIZOHQFQEQ-AEFFLSMTSA-N,"InChI=1S/C23H24F2N8O/c1-34-14-2-3-15(17(25)7-14)19-6-13(9-33-12-31-21-22(27)29-11-30-23(21)33)20(8-28-19)32-5-4-16(24)18(26)10-32/h2-3,6-8,11-12,16,18H,4-5,9-10,26H2,1H3,(H2,27,29,30)/t16-,18+/m1/s1",False,-1,['BDBM567809'],"['US11420970, Example 10']"
CHEMBL5804223,,,,,528.57,1,3,3.13,137.55,10.0,2.0,1.0,6.0,N,0.34,5.0,MOL,-1,39.0,-1.11,C27H26F2N10,Nc1ncnc2c1ncn2Cc1cc(-c2ccc(F)c(F)c2)ncc1N1CCC[C@](N)(Cc2cnccn2)C1,OVYYRMJWPLGNME-MHZLTWQESA-N,"InChI=1S/C27H26F2N10/c28-20-3-2-17(8-21(20)29)22-9-18(13-39-16-37-24-25(30)35-15-36-26(24)39)23(12-34-22)38-7-1-4-27(31,14-38)10-19-11-32-5-6-33-19/h2-3,5-6,8-9,11-12,15-16H,1,4,7,10,13-14,31H2,(H2,30,35,36)/t27-/m0/s1",False,-1,['BDBM567873'],"['US11420970, Example 74']"
CHEMBL5801097,,,,,533.59,1,3,3.6,140.87,9.0,3.0,1.0,8.0,N,0.29,4.0,MOL,-1,39.0,-0.81,C27H29F2N9O,C=CC(=O)Nc1ccc(-c2cc(Cn3cnc4c(N)ncnc43)c(N3CCCC(N)(CC(F)F)C3)cn2)cc1,VWKPXHQRVOWUMG-UHFFFAOYSA-N,"InChI=1S/C27H29F2N9O/c1-2-23(39)36-19-6-4-17(5-7-19)20-10-18(13-38-16-35-24-25(30)33-15-34-26(24)38)21(12-32-20)37-9-3-8-27(31,14-37)11-22(28)29/h2,4-7,10,12,15-16,22H,1,3,8-9,11,13-14,31H2,(H,36,39)(H2,30,33,34)",False,-1,['BDBM567875'],"['US11420970, Example 76']"
CHEMBL5870733,,,,,520.59,1,3,3.71,128.84,9.0,2.0,1.0,7.0,N,0.38,4.0,MOL,-1,38.0,-0.77,C27H30F2N8O,CC[C@@H](C)C(=O)[C@@]1(N)CCCN(c2cnc(-c3ccc(F)c(F)c3)cc2Cn2cnc3c(N)ncnc32)C1,GLJXHYDKIFHSPG-CHAGWJKLSA-N,"InChI=1S/C27H30F2N8O/c1-3-16(2)24(38)27(31)7-4-8-36(13-27)22-11-32-21(17-5-6-19(28)20(29)9-17)10-18(22)12-37-15-35-23-25(30)33-14-34-26(23)37/h5-6,9-11,14-16H,3-4,7-8,12-13,31H2,1-2H3,(H2,30,33,34)/t16-,27-/m1/s1",False,-1,['BDBM567901'],"['US11420970, Example 102']"
CHEMBL5805522,,,,,532.6,1,3,3.71,128.84,9.0,2.0,1.0,7.0,N,0.37,4.0,MOL,-1,39.0,-0.86,C28H30F2N8O,CC(C(=O)C1(N)CCCN(c2cnc(-c3ccc(F)c(F)c3)cc2Cn2cnc3c(N)ncnc32)C1)C1CC1,SVRYUZROGWGLIK-UHFFFAOYSA-N,"InChI=1S/C28H30F2N8O/c1-16(17-3-4-17)25(39)28(32)7-2-8-37(13-28)23-11-33-22(18-5-6-20(29)21(30)9-18)10-19(23)12-38-15-36-24-26(31)34-14-35-27(24)38/h5-6,9-11,14-17H,2-4,7-8,12-13,32H2,1H3,(H2,31,34,35)",False,-1,['BDBM567902'],"['US11420970, Example 103']"
CHEMBL5768291,,,,,506.56,1,3,3.32,128.84,9.0,2.0,1.0,6.0,N,0.41,4.0,MOL,-1,37.0,-0.83,C26H28F2N8O,CC(C)C(=O)[C@@]1(N)CCCN(c2cnc(-c3ccc(F)c(F)c3)cc2Cn2cnc3c(N)ncnc32)C1,ZVSVORDAHTVADH-AREMUKBSSA-N,"InChI=1S/C26H28F2N8O/c1-15(2)23(37)26(30)6-3-7-35(12-26)21-10-31-20(16-4-5-18(27)19(28)8-16)9-17(21)11-36-14-34-22-24(29)32-13-33-25(22)36/h4-5,8-10,13-15H,3,6-7,11-12,30H2,1-2H3,(H2,29,32,33)/t26-/m1/s1",False,-1,['BDBM567903'],"['US11420970, Example 104']"
CHEMBL6041369,,,,,518.57,1,3,3.46,128.84,9.0,2.0,1.0,6.0,N,0.4,4.0,MOL,-1,38.0,-0.79,C27H28F2N8O,CC1(C(=O)C2(N)CCCN(c3cnc(-c4ccc(F)c(F)c4)cc3Cn3cnc4c(N)ncnc43)C2)CC1,CKULHZNFESQBFR-UHFFFAOYSA-N,"InChI=1S/C27H28F2N8O/c1-26(6-7-26)25(38)27(31)5-2-8-36(13-27)21-11-32-20(16-3-4-18(28)19(29)9-16)10-17(21)12-37-15-35-22-23(30)33-14-34-24(22)37/h3-4,9-11,14-15H,2,5-8,12-13,31H2,1H3,(H2,30,33,34)",False,-1,['BDBM567906'],"['US11420970, Example 107']"
CHEMBL5835581,,,,,516.5,1,3,2.72,132.0,9.0,3.0,1.0,6.0,N,0.33,4.0,MOL,-1,37.0,-0.89,C24H24F4N8O,Nc1ncnc2c1ncn2Cc1cc(-c2ccc(F)c(F)c2)ncc1N1CCC[C@](N)([C@H](O)C(F)F)C1,DINCKUGYLLIMMO-HYBUGGRVSA-N,"InChI=1S/C24H24F4N8O/c25-15-3-2-13(6-16(15)26)17-7-14(9-36-12-34-19-22(29)32-11-33-23(19)36)18(8-31-17)35-5-1-4-24(30,10-35)20(37)21(27)28/h2-3,6-8,11-12,20-21,37H,1,4-5,9-10,30H2,(H2,29,32,33)/t20-,24-/m1/s1",False,-1,['BDBM567913'],"['US11420970, Example 114']"
CHEMBL5872987,,,,,546.53,1,3,2.73,141.23,10.0,3.0,1.0,7.0,N,0.3,4.0,MOL,-1,39.0,-0.67,C25H26F4N8O2,COc1c(-c2ccc(F)c(F)c2)ncc(N2CCC[C@](N)([C@H](O)C(F)F)C2)c1Cn1cnc2c(N)ncnc21,OEIIGFMVVCOGPY-PXDATVDWSA-N,"InChI=1S/C25H26F4N8O2/c1-39-20-14(9-37-12-35-19-23(30)33-11-34-24(19)37)17(8-32-18(20)13-3-4-15(26)16(27)7-13)36-6-2-5-25(31,10-36)21(38)22(28)29/h3-4,7-8,11-12,21-22,38H,2,5-6,9-10,31H2,1H3,(H2,30,33,34)/t21-,25-/m1/s1",False,-1,['BDBM567917'],"['US11420970, Example 118']"
CHEMBL6004393,,,,,566.51,1,3,3.66,132.0,9.0,3.0,1.0,7.0,N,0.29,4.0,MOL,-1,40.0,-0.64,C25H24F6N8O,Nc1ncnc2c1ncn2Cc1cc(-c2ccc(F)c(F)c2C(F)F)ncc1N1CCC[C@](N)([C@@H](O)C(F)F)C1,DBQTUCRUNGFEEL-NBGIEHNGSA-N,"InChI=1S/C25H24F6N8O/c26-14-3-2-13(17(18(14)27)21(28)29)15-6-12(8-39-11-37-19-23(32)35-10-36-24(19)39)16(7-34-15)38-5-1-4-25(33,9-38)20(40)22(30)31/h2-3,6-7,10-11,20-22,40H,1,4-5,8-9,33H2,(H2,32,35,36)/t20-,25+/m0/s1",False,-1,['BDBM567945'],"['US11420970, Example 146']"
CHEMBL5925767,,,,,578.03,1,3,4.31,133.89,10.0,2.0,1.0,6.0,N,0.28,5.0,MOL,-1,41.0,-0.85,C28H26ClF2N9O,COc1cc(F)c(-c2cc(Cn3cnc4c(N)ncnc43)c(N3CCC[C@](N)(c4cccc(Cl)n4)C3)cn2)cc1F,NIRIZQAKWCLPPK-MUUNZHRXSA-N,"InChI=1S/C28H26ClF2N9O/c1-41-22-10-18(30)17(9-19(22)31)20-8-16(12-40-15-37-25-26(32)35-14-36-27(25)40)21(11-34-20)39-7-3-6-28(33,13-39)23-4-2-5-24(29)38-23/h2,4-5,8-11,14-15H,3,6-7,12-13,33H2,1H3,(H2,32,35,36)/t28-/m1/s1",False,-1,['BDBM567986'],"['US11420970, Example 187']"
CHEMBL5781540,,,,,548.0,1,3,4.3,124.66,9.0,2.0,1.0,5.0,N,0.31,5.0,MOL,-1,39.0,-1.08,C27H24ClF2N9,Nc1ncnc2c1ncn2Cc1cc(-c2ccc(F)c(F)c2)ncc1N1CCC[C@](N)(c2cccc(Cl)n2)C1,BRZJGOWPHWEFHB-HHHXNRCGSA-N,"InChI=1S/C27H24ClF2N9/c28-23-4-1-3-22(37-23)27(32)7-2-8-38(13-27)21-11-33-20(16-5-6-18(29)19(30)9-16)10-17(21)12-39-15-36-24-25(31)34-14-35-26(24)39/h1,3-6,9-11,14-15H,2,7-8,12-13,32H2,(H2,31,34,35)/t27-/m1/s1",False,-1,['BDBM567998'],"['US11420970, Example 200']"
CHEMBL5761264,,,,,530.01,1,3,4.16,124.66,9.0,2.0,1.0,5.0,N,0.33,5.0,MOL,-1,38.0,-0.95,C27H25ClFN9,Nc1ncnc2c1ncn2Cc1cc(-c2ccc(F)cc2)ncc1N1CCCC(N)(c2cccc(Cl)n2)C1,BUNQNXNFNAHDTA-UHFFFAOYSA-N,"InChI=1S/C27H25ClFN9/c28-23-4-1-3-22(36-23)27(31)9-2-10-37(14-27)21-12-32-20(17-5-7-19(29)8-6-17)11-18(21)13-38-16-35-24-25(30)33-15-34-26(24)38/h1,3-8,11-12,15-16H,2,9-10,13-14,31H2,(H2,30,33,34)",False,-1,['BDBM568003'],"['US11420970, Example 205']"
CHEMBL6063007,,,,,520.59,1,3,3.66,121.0,9.0,2.0,1.0,7.0,N,0.38,4.0,MOL,-1,38.0,-0.72,C27H30F2N8O,Nc1ncnc2c1ncn2Cc1cc(-c2ccc(F)c(F)c2)ncc1N1CCC[C@](N)(COC2CCC2)C1,JVKDBWFAAAXKFO-HHHXNRCGSA-N,"InChI=1S/C27H30F2N8O/c28-20-6-5-17(9-21(20)29)22-10-18(12-37-16-35-24-25(30)33-15-34-26(24)37)23(11-32-22)36-8-2-7-27(31,13-36)14-38-19-3-1-4-19/h5-6,9-11,15-16,19H,1-4,7-8,12-14,31H2,(H2,30,33,34)/t27-/m1/s1",False,-1,['BDBM567829'],"['US11420970, Example 30']"
CHEMBL5836602,,,,,734.85,1,3,7.05,158.66,12.0,1.0,3.0,8.0,N,0.2,4.0,MOL,-1,53.0,-0.74,C38H48F2N8O5,CC(C)C(C)C(=O)C1(N)CCCN(c2cnc(-c3ccc(F)c(F)c3)cc2Cn2cnc3c(N(C(=O)OC(C)(C)C)C(=O)OC(C)(C)C)ncnc32)C1,MLIMDYZWEPBVCJ-UHFFFAOYSA-N,"InChI=1S/C38H48F2N8O5/c1-22(2)23(3)31(49)38(41)13-10-14-46(19-38)29-17-42-28(24-11-12-26(39)27(40)15-24)16-25(29)18-47-21-45-30-32(47)43-20-44-33(30)48(34(50)52-36(4,5)6)35(51)53-37(7,8)9/h11-12,15-17,20-23H,10,13-14,18-19,41H2,1-9H3",False,-1,['BDBM567888'],"['US11420970, Example 89']"
CHEMBL5782470,,,,,516.5,1,3,2.72,132.0,9.0,3.0,1.0,6.0,N,0.33,4.0,MOL,-1,37.0,-0.73,C24H24F4N8O,Nc1ncnc2c1ncn2Cc1cc(-c2ccc(F)c(F)c2)ncc1N1CCC(O)C(N)(CC(F)F)C1,HNHPSIVSOKXOFE-UHFFFAOYSA-N,"InChI=1S/C24H24F4N8O/c25-15-2-1-13(5-16(15)26)17-6-14(9-36-12-34-21-22(29)32-11-33-23(21)36)18(8-31-17)35-4-3-19(37)24(30,10-35)7-20(27)28/h1-2,5-6,8,11-12,19-20,37H,3-4,7,9-10,30H2,(H2,29,32,33)",False,-1,['BDBM568099'],"['US11420970, Example 301']"
CHEMBL5929106,,,,,480.52,1,3,2.79,121.0,9.0,2.0,0.0,6.0,N,0.43,4.0,MOL,-1,35.0,-0.98,C24H26F2N8O,COc1ccc(-c2cc(Cn3cnc4c(N)ncnc43)c(N3C[C@H](N)C[C@@H](CF)C3)cn2)cc1F,XCNOJYKALJIDBQ-WMLDXEAASA-N,"InChI=1S/C24H26F2N8O/c1-35-21-3-2-15(5-18(21)26)19-6-16(10-34-13-32-22-23(28)30-12-31-24(22)34)20(8-29-19)33-9-14(7-25)4-17(27)11-33/h2-3,5-6,8,12-14,17H,4,7,9-11,27H2,1H3,(H2,28,30,31)/t14-,17+/m0/s1",False,-1,['BDBM568104'],"['US11420970, Example 306']"
CHEMBL5951971,,,,,528.54,1,3,3.2,130.23,10.0,2.0,1.0,8.0,N,0.35,4.0,MOL,-1,38.0,-0.88,C25H27F3N8O2,COc1ccc(-c2cc(Cn3cnc4c(N)ncnc43)c(N3CCC[C@](N)(COC(F)F)C3)cn2)cc1F,GVWOBXICSZKWHC-RUZDIDTESA-N,"InChI=1S/C25H27F3N8O2/c1-37-20-4-3-15(7-17(20)26)18-8-16(10-36-14-34-21-22(29)32-13-33-23(21)36)19(9-31-18)35-6-2-5-25(30,11-35)12-38-24(27)28/h3-4,7-9,13-14,24H,2,5-6,10-12,30H2,1H3,(H2,29,32,33)/t25-/m1/s1",False,-1,['BDBM567841'],"['US11420970, Example 42']"
CHEMBL5207125,,,,,367.45,1,1,4.89,61.84,4.0,1.0,0.0,3.0,N,0.56,4.0,MOL,-1,28.0,-0.44,C24H21N3O,Cc1cc(CO)cc(C)c1-c1ncn(C)c1-c1ccc(C#N)c2ccccc12,OLTYIKCTQRSJMU-UHFFFAOYSA-N,"InChI=1S/C24H21N3O/c1-15-10-17(13-28)11-16(2)22(15)23-24(27(3)14-26-23)21-9-8-18(12-25)19-6-4-5-7-20(19)21/h4-11,14,28H,13H2,1-3H3",False,-1,['24'],"['4-(4-(4-(hydroxymethyl)-2,6-dimethylphenyl)-1-methyl-1H-imidazol-5-yl)-1-naphthonitrile']"
CHEMBL5562340,,,,,416.53,2,4,4.38,59.39,5.0,1.0,0.0,4.0,N,0.69,3.0,MOL,-1,31.0,-1.03,C25H28N4O2,Cc1ccc(CN2CCCCC2)cc1-c1ncn(C)c1-c1ccc2c(c1)OCC(=O)N2,ZBWHBKUMYLPCMF-UHFFFAOYSA-N,"InChI=1S/C25H28N4O2/c1-17-6-7-18(14-29-10-4-3-5-11-29)12-20(17)24-25(28(2)16-26-24)19-8-9-21-22(13-19)31-15-23(30)27-21/h6-9,12-13,16H,3-5,10-11,14-15H2,1-2H3,(H,27,30)",False,-1,['16'],"['7-(1-Methyl-4-(2-methyl-5-(piperidin-1-ylmethyl)phenyl)-1H-imidazol-5-yl)-2H-benzo[b][1,4]oxazin-3(4H)-one']"
CHEMBL6056541,,,,,437.48,1,3,5.12,51.38,4.0,1.0,1.0,5.0,N,0.66,2.0,MOL,-1,31.0,-0.93,C23H27F4N3O,N[C@]1(C2CCC(OC(F)F)CC2)CCCN(c2ccc(-c3ccc(F)c(F)c3)nc2)C1,LPDPAYAUFRTNJY-OGRDWSCISA-N,"InChI=1S/C23H27F4N3O/c24-19-8-2-15(12-20(19)25)21-9-5-17(13-29-21)30-11-1-10-23(28,14-30)16-3-6-18(7-4-16)31-22(26)27/h2,5,8-9,12-13,16,18,22H,1,3-4,6-7,10-11,14,28H2/t16?,18?,23-/m1/s1",False,-1,['BDBM568007'],"['US11420970, Example 209']"
CHEMBL6004045,,,,,487.54,1,3,2.47,144.79,10.0,2.0,0.0,6.0,N,0.42,4.0,MOL,-1,36.0,-0.99,C25H26FN9O,COC[C@@H]1[C@H](N)CCCN1c1cnc(-c2ccc(C#N)c(F)c2)cc1Cn1cnc2c(N)ncnc21,REWHBVQNBKNCML-DENIHFKCSA-N,"InChI=1S/C25H26FN9O/c1-36-12-22-19(28)3-2-6-35(22)21-10-30-20(15-4-5-16(9-27)18(26)7-15)8-17(21)11-34-14-33-23-24(29)31-13-32-25(23)34/h4-5,7-8,10,13-14,19,22H,2-3,6,11-12,28H2,1H3,(H2,29,31,32)/t19-,22-/m1/s1",False,-1,['BDBM567808'],"['US11420970, Example 9']"
CHEMBL5532318,,,,,273.27,2,2,1.63,78.85,6.0,1.0,0.0,4.0,N,0.78,3.0,MOL,-1,20.0,-1.39,C13H12FN5O,Nc1ncnc2c1ncn2CCOc1ccc(F)cc1,LNHTTZWPBXACSA-UHFFFAOYSA-N,"InChI=1S/C13H12FN5O/c14-9-1-3-10(4-2-9)20-6-5-19-8-18-11-12(15)16-7-17-13(11)19/h1-4,7-8H,5-6H2,(H2,15,16,17)",False,-1,['1'],['9-(2-(4-fluorophenoxy)ethyl)-9H-purin-6-amine']
CHEMBL5911459,,,,,547.55,1,3,3.49,144.89,10.0,3.0,1.0,5.0,N,0.28,5.0,MOL,-1,40.0,-0.85,C27H24F3N9O,Nc1ncnc2c1ncn2Cc1cc(-c2ccc(F)c(F)c2)ncc1N1CCC[C@](N)(c2cc(O)cc(F)n2)C1,UUPSPCLZXQLYBQ-HHHXNRCGSA-N,"InChI=1S/C27H24F3N9O/c28-18-3-2-15(6-19(18)29)20-7-16(11-39-14-36-24-25(31)34-13-35-26(24)39)21(10-33-20)38-5-1-4-27(32,12-38)22-8-17(40)9-23(30)37-22/h2-3,6-10,13-14H,1,4-5,11-12,32H2,(H,37,40)(H2,31,34,35)/t27-/m1/s1",False,-1,['BDBM568004'],"['US11420970, Example 206']"
CHEMBL5172030,,,,,366.47,1,1,4.85,67.63,4.0,1.0,0.0,3.0,N,0.56,4.0,MOL,-1,28.0,-0.65,C24H22N4,Cc1cc(CN)cc(C)c1-c1ncn(C)c1-c1ccc(C#N)c2ccccc12,KDRJZBXWWKKLDX-UHFFFAOYSA-N,"InChI=1S/C24H22N4/c1-15-10-17(12-25)11-16(2)22(15)23-24(28(3)14-27-23)21-9-8-18(13-26)19-6-4-5-7-20(19)21/h4-11,14H,12,25H2,1-3H3",False,-1,['13'],"['4-(4-(4-(aminomethyl)-2,6-dimethylphenyl)-1-methyl-1H-imidazol-5-yl)-1-naphthonitrile']"
CHEMBL5995187,,,,,527.58,1,6,3.73,124.66,9.0,2.0,1.0,6.0,N,0.34,5.0,MOL,-1,39.0,-1.16,C28H27F2N9,Nc1ncnc2c1ncn2Cc1cc(-c2ccc(F)c(F)c2)ncc1N1CCC[C@](N)(Cc2ccccn2)C1,PIAMYQASYPHGPD-NDEPHWFRSA-N,"InChI=1S/C28H27F2N9/c29-21-6-5-18(10-22(21)30)23-11-19(14-39-17-37-25-26(31)35-16-36-27(25)39)24(13-34-23)38-9-3-7-28(32,15-38)12-20-4-1-2-8-33-20/h1-2,4-6,8,10-11,13,16-17H,3,7,9,12,14-15,32H2,(H2,31,35,36)/t28-/m0/s1",False,-1,['BDBM567850'],"['US11420970, Example 51::US11420970, Example 54']"
CHEMBL5932467,,,,,450.45,1,3,2.25,128.84,8.0,2.0,0.0,4.0,N,0.49,4.0,MOL,-1,33.0,-1.13,C22H20F2N8O,Nc1ncnc2c1ncn2Cc1cc(-c2ccc(F)c(F)c2)ncc1N1CCCC(N)C1=O,ZAQVDDMYYRTZDL-UHFFFAOYSA-N,"InChI=1S/C22H20F2N8O/c23-14-4-3-12(6-15(14)24)17-7-13(9-31-11-30-19-20(26)28-10-29-21(19)31)18(8-27-17)32-5-1-2-16(25)22(32)33/h3-4,6-8,10-11,16H,1-2,5,9,25H2,(H2,26,28,29)",False,-1,['BDBM568122'],"['US11420970, Example 324']"
CHEMBL5820647,,,,,560.04,1,3,4.17,133.89,10.0,2.0,1.0,6.0,N,0.29,5.0,MOL,-1,40.0,-0.94,C28H27ClFN9O,COc1ccc(-c2cc(Cn3cnc4c(N)ncnc43)c(N3CCC[C@](N)(c4cccc(Cl)n4)C3)cn2)cc1F,LDDUFOGVERSWBB-MUUNZHRXSA-N,"InChI=1S/C28H27ClFN9O/c1-40-22-7-6-17(10-19(22)30)20-11-18(13-39-16-36-25-26(31)34-15-35-27(25)39)21(12-33-20)38-9-3-8-28(32,14-38)23-4-2-5-24(29)37-23/h2,4-7,10-12,15-16H,3,8-9,13-14,32H2,1H3,(H2,31,34,35)/t28-/m1/s1",False,-1,['BDBM568011'],"['US11420970, Example 213']"
CHEMBL5836082,,,,,527.04,1,3,3.73,137.55,10.0,2.0,1.0,5.0,N,0.33,5.0,MOL,-1,38.0,-0.87,C27H27ClN10,Cc1ccc(-c2cc(Cn3cnc4c(N)ncnc43)c(N3CCCC(N)(c4cccc(Cl)n4)C3)cn2)cn1,JBUIPALQXPMAPR-UHFFFAOYSA-N,"InChI=1S/C27H27ClN10/c1-17-6-7-18(11-31-17)20-10-19(13-38-16-35-24-25(29)33-15-34-26(24)38)21(12-32-20)37-9-3-8-27(30,14-37)22-4-2-5-23(28)36-22/h2,4-7,10-12,15-16H,3,8-9,13-14,30H2,1H3,(H2,29,33,34)",False,-1,['BDBM568027'],"['US11420970, Example 229']"
CHEMBL6026936,,,,,515.57,1,3,3.59,116.7,9.0,2.0,1.0,5.0,N,0.37,5.0,MOL,-1,38.0,-1.23,C27H27F2N9,Cn1cc(C2(N)CCCN(c3cnc(-c4ccc(F)c(F)c4)cc3Cn3cnc4c(N)nccc43)C2)cn1,YFSZDBKHQRMQOA-UHFFFAOYSA-N,"InChI=1S/C27H27F2N9/c1-36-14-19(11-35-36)27(31)6-2-8-37(15-27)24-12-33-22(17-3-4-20(28)21(29)9-17)10-18(24)13-38-16-34-25-23(38)5-7-32-26(25)30/h3-5,7,9-12,14,16H,2,6,8,13,15,31H2,1H3,(H2,30,32)",False,-1,['BDBM568068'],"['US11420970, Example 270']"
CHEMBL5877455,,,,,511.61,1,3,3.93,116.7,9.0,2.0,1.0,6.0,N,0.35,5.0,MOL,-1,38.0,-1.13,C28H30FN9,CCn1ccc(C2(N)CCCN(c3cnc(-c4ccc(F)cc4)cc3Cn3cnc4c(N)nccc43)C2)n1,CMZFKWHMTOCYIW-UHFFFAOYSA-N,"InChI=1S/C28H30FN9/c1-2-38-13-9-25(35-38)28(31)10-3-12-36(17-28)24-15-33-22(19-4-6-21(29)7-5-19)14-20(24)16-37-18-34-26-23(37)8-11-32-27(26)30/h4-9,11,13-15,18H,2-3,10,12,16-17,31H2,1H3,(H2,30,32)",False,-1,['BDBM568075'],"['US11420970, Example 277']"
CHEMBL5851877,,,,,541.61,1,3,4.54,124.66,9.0,2.0,1.0,6.0,N,0.32,5.0,MOL,-1,40.0,-0.94,C29H29F2N9,C[C@@H](F)c1cccc([C@@]2(N)CCCN(c3cnc(-c4ccc(F)cc4)cc3Cn3cnc4c(N)ncnc43)C2)n1,GMTBEJZBTBSSTB-LDLUVENISA-N,"InChI=1S/C29H29F2N9/c1-18(30)22-4-2-5-25(38-22)29(33)10-3-11-39(15-29)24-13-34-23(19-6-8-21(31)9-7-19)12-20(24)14-40-17-37-26-27(32)35-16-36-28(26)40/h2,4-9,12-13,16-18H,3,10-11,14-15,33H2,1H3,(H2,32,35,36)/t18-,29-/m1/s1",False,-1,['BDBM568010'],"['US11420970, Example 212']"
CHEMBL5780992,,,,,447.52,1,3,3.2,108.11,8.0,2.0,0.0,5.0,N,0.48,4.0,MOL,-1,33.0,-1.1,C24H26FN7O,COc1ccc(-c2cc(Cn3cnc4c(N)nccc43)c(N3CCC[C@@H](N)C3)cn2)cc1F,BNFGPUKRKDNHAD-QGZVFWFLSA-N,"InChI=1S/C24H26FN7O/c1-33-22-5-4-15(9-18(22)25)19-10-16(21(11-29-19)31-8-2-3-17(26)13-31)12-32-14-30-23-20(32)6-7-28-24(23)27/h4-7,9-11,14,17H,2-3,8,12-13,26H2,1H3,(H2,27,28)/t17-/m1/s1",False,-1,['BDBM567820'],"['US11420970, Example 21']"
CHEMBL5857686,,,,,486.57,1,3,2.82,132.0,9.0,3.0,0.0,6.0,N,0.48,3.0,MOL,-1,35.0,-0.46,C24H32F2N8O,Nc1ncnc2c1ncn2Cc1cc(C2CCCCC2)ncc1N1CCC[C@](N)([C@H](O)C(F)F)C1,XJHAZWYYLFTDLT-HYBUGGRVSA-N,"InChI=1S/C24H32F2N8O/c25-21(26)20(35)24(28)7-4-8-33(12-24)18-10-29-17(15-5-2-1-3-6-15)9-16(18)11-34-14-32-19-22(27)30-13-31-23(19)34/h9-10,13-15,20-21,35H,1-8,11-12,28H2,(H2,27,30,31)/t20-,24-/m1/s1",False,-1,['BDBM567944'],"['US11420970, Example 145']"
CHEMBL5743337,,,,,461.48,1,3,2.41,135.56,9.0,2.0,0.0,4.0,N,0.47,4.0,MOL,-1,34.0,-1.29,C23H21F2N9,N#Cc1ccc(-c2cc(Cn3cnc4c(N)ncnc43)c(N3CC[C@@H](F)[C@@H](N)C3)cn2)cc1F,CIQLPQNDCXISFS-AEFFLSMTSA-N,"InChI=1S/C23H21F2N9/c24-16-3-4-33(10-18(16)27)20-8-29-19(13-1-2-14(7-26)17(25)5-13)6-15(20)9-34-12-32-21-22(28)30-11-31-23(21)34/h1-2,5-6,8,11-12,16,18H,3-4,9-10,27H2,(H2,28,30,31)/t16-,18+/m1/s1",False,-1,['BDBM567812'],"['US11420970, Example 13']"
CHEMBL5986522,,,,,578.55,1,3,3.47,141.23,10.0,3.0,1.0,7.0,N,0.28,4.0,MOL,-1,41.0,-0.53,C26H27F5N8O2,COc1ccc(-c2cc(Cn3cnc4c(N)ncnc43)c(N3CCC[C@](N)([C@@H](O)C(F)F)C3)cn2)c(C(F)(F)F)c1,OIEVISJMZRPXHV-SQJMNOBHSA-N,"InChI=1S/C26H27F5N8O2/c1-41-15-3-4-16(17(8-15)26(29,30)31)18-7-14(10-39-13-37-20-23(32)35-12-36-24(20)39)19(9-34-18)38-6-2-5-25(33,11-38)21(40)22(27)28/h3-4,7-9,12-13,21-22,40H,2,5-6,10-11,33H2,1H3,(H2,32,35,36)/t21-,25+/m0/s1",False,-1,['BDBM567965'],"['US11420970, Example 166']"
CHEMBL6046850,,,,,556.03,1,3,3.75,143.12,11.0,2.0,2.0,5.0,N,0.31,5.0,MOL,-1,40.0,-0.61,C28H26ClN9O2,Nc1ncnc2c1ncn2Cc1cc(-c2ccc3c(c2)OCO3)ncc1N1CCCC(N)(c2cccc(Cl)n2)C1,KPLOUGZCWQRDSX-UHFFFAOYSA-N,"InChI=1S/C28H26ClN9O2/c29-24-4-1-3-23(36-24)28(31)7-2-8-37(13-28)20-11-32-19(17-5-6-21-22(10-17)40-16-39-21)9-18(20)12-38-15-35-25-26(30)33-14-34-27(25)38/h1,3-6,9-11,14-15H,2,7-8,12-13,16,31H2,(H2,30,33,34)",False,-1,['BDBM567985'],"['US11420970, Example 186']"
CHEMBL6022550,,,,,536.48,1,3,4.0,111.77,8.0,2.0,1.0,5.0,N,0.37,4.0,MOL,-1,38.0,-1.04,C24H22F6N8,Nc1ncnc2c1ncn2Cc1cc(-c2ccc(F)c(F)c2)ncc1N1CCCC(N)(C(F)C(F)(F)F)C1,DEBIKFNEKDBSOC-UHFFFAOYSA-N,"InChI=1S/C24H22F6N8/c25-15-3-2-13(6-16(15)26)17-7-14(9-38-12-36-19-20(31)34-11-35-21(19)38)18(8-33-17)37-5-1-4-23(32,10-37)22(27)24(28,29)30/h2-3,6-8,11-12,22H,1,4-5,9-10,32H2,(H2,31,34,35)",False,-1,['BDBM568098'],"['US11420970, Example 300']"
CHEMBL5201517,,,,,345.45,1,1,3.74,79.66,5.0,2.0,0.0,4.0,N,0.75,3.0,MOL,-1,26.0,-0.89,C21H23N5,CNc1cc(-c2c(-c3c(C)cc(CN)cc3C)ncn2C)ccc1C#N,UDTFQCFOHVPOAX-UHFFFAOYSA-N,"InChI=1S/C21H23N5/c1-13-7-15(10-22)8-14(2)19(13)20-21(26(4)12-25-20)16-5-6-17(11-23)18(9-16)24-3/h5-9,12,24H,10,22H2,1-4H3",False,-1,['16'],"['4-(4-(4-(aminomethyl)-2,6-dimethylphenyl)-1-methyl-1H-imidazol-5-yl)-2-(methylamino)benzonitrile']"
CHEMBL5425629,,,,,534.49,2,4,2.86,132.0,9.0,3.0,1.0,6.0,N,0.25,4.0,MOL,-1,38.0,-0.69,C24H23F5N8O,Nc1ncnc2c1ncn2Cc1cc(-c2cc(F)c(F)cc2F)ncc1N1CCC[C@](N)([C@@H](O)C(F)F)C1,RITHSQHPTNJAHO-GBXCKJPGSA-N,"InChI=1S/C24H23F5N8O/c25-14-6-16(27)15(26)5-13(14)17-4-12(8-37-11-35-19-22(30)33-10-34-23(19)37)18(7-32-17)36-3-1-2-24(31,9-36)20(38)21(28)29/h4-7,10-11,20-21,38H,1-3,8-9,31H2,(H2,30,33,34)/t20-,24+/m0/s1",False,-1,"['41', 'BDBM567955']","['(R)-1-((R)-3-amino-1-(4-((6-amino-9H-purin-9-yl)methyl)-6-(2,4,5-trifluorophenyl)pyridin-3-yl)piperidin-3-yl)-2,2-difluoroethan-1-ol', '(R)-1-((R)-3-amino-1-(4-((6-amino-9H-purin-9-yl)methyl)-6-(2,4,5-trifluorophenyl)pyridin-3-yl)piperidin-3-yl)-2,2-difluoroethan-1-01 and (S)-1-((R)-3-amino-1-(4-((6-amino-9H-purin-9-yl) methyl)-6-(2,4,5-trifluorophenyl)pyridin-3-yl)piperidin-3-yl)-2,2-difluoroethan-1-ol::US11420970, Example 156']"
CHEMBL5618451,,,,,488.58,1,1,3.9,86.54,8.0,1.0,0.0,9.0,N,0.53,2.0,MOL,-1,35.0,-1.12,C25H34F2N6O2,COc1cc2c(NC3CCN(C(C)C)CC3)nc(C#N)nc2cc1OCCCN1CCC(F)(F)C1,BACWJOQHWZTVKP-UHFFFAOYSA-N,"InChI=1S/C25H34F2N6O2/c1-17(2)33-9-5-18(6-10-33)29-24-19-13-21(34-3)22(14-20(19)30-23(15-28)31-24)35-12-4-8-32-11-7-25(26,27)16-32/h13-14,17-18H,4-12,16H2,1-3H3,(H,29,30,31)",False,-1,['43'],"['7-(3-(3,3-Difluoropyrrolidin-1-yl)propoxy)-4-((1-isopropylpiperidin-4-yl)amino)-6-methoxy-quinazoline-2-carbonitrile']"
CHEMBL5917276,,,,,481.96,1,3,3.85,108.11,8.0,2.0,0.0,5.0,N,0.45,4.0,MOL,-1,34.0,-1.16,C24H25ClFN7O,COc1ccc(-c2cc(Cn3cnc4c(N)ncc(Cl)c43)c(N3CCC[C@@H](N)C3)cn2)cc1F,KKGDABGBVJHUKL-MRXNPFEDSA-N,"InChI=1S/C24H25ClFN7O/c1-34-21-5-4-14(7-18(21)26)19-8-15(20(10-29-19)32-6-2-3-16(27)12-32)11-33-13-31-22-23(33)17(25)9-30-24(22)28/h4-5,7-10,13,16H,2-3,6,11-12,27H2,1H3,(H2,28,30)/t16-/m1/s1",False,-1,['BDBM567818'],"['US11420970, Example 19']"
CHEMBL6060827,,,,,520.61,1,3,3.39,130.23,10.0,2.0,1.0,8.0,N,0.36,4.0,MOL,-1,38.0,-0.82,C27H33FN8O2,COc1ccc(-c2cc(Cn3cnc4c(N)ncnc43)c(N3CCC[C@](N)(COC(C)C)C3)cn2)cc1F,VCCJVEMOXLGIOU-HHHXNRCGSA-N,"InChI=1S/C27H33FN8O2/c1-17(2)38-14-27(30)7-4-8-35(13-27)22-11-31-21(18-5-6-23(37-3)20(28)9-18)10-19(22)12-36-16-34-24-25(29)32-15-33-26(24)36/h5-6,9-11,15-17H,4,7-8,12-14,30H2,1-3H3,(H2,29,32,33)/t27-/m1/s1",False,-1,['BDBM567824'],"['US11420970, Example 25']"
CHEMBL5739719,,,,,508.58,1,3,3.52,121.0,9.0,2.0,1.0,7.0,N,0.39,4.0,MOL,-1,37.0,-0.96,C26H30F2N8O,CC(C)OC[C@@]1(N)CCCN(c2cnc(-c3ccc(F)c(F)c3)cc2Cn2cnc3c(N)ncnc32)C1,SOJLHSBCIADIJS-AREMUKBSSA-N,"InChI=1S/C26H30F2N8O/c1-16(2)37-13-26(30)6-3-7-35(12-26)22-10-31-21(17-4-5-19(27)20(28)8-17)9-18(22)11-36-15-34-23-24(29)32-14-33-25(23)36/h4-5,8-10,14-16H,3,6-7,11-13,30H2,1-2H3,(H2,29,32,33)/t26-/m1/s1",False,-1,['BDBM567833'],"['US11420970, Example 34']"
CHEMBL5954725,,,,,533.61,1,6,3.79,124.66,10.0,2.0,1.0,6.0,N,0.34,5.0,MOL,-1,38.0,-1.24,C26H25F2N9S,Nc1ncnc2c1ncn2Cc1cc(-c2ccc(F)c(F)c2)ncc1N1CCC[C@](N)(Cc2nccs2)C1,QEMWURMVXDGLPX-SANMLTNESA-N,"InChI=1S/C26H25F2N9S/c27-18-3-2-16(8-19(18)28)20-9-17(12-37-15-35-23-24(29)33-14-34-25(23)37)21(11-32-20)36-6-1-4-26(30,13-36)10-22-31-5-7-38-22/h2-3,5,7-9,11,14-15H,1,4,6,10,12-13,30H2,(H2,29,33,34)/t26-/m0/s1",False,-1,['BDBM567847'],"['US11420970, Example 48::US11420970, Example 53']"
CHEMBL5877953,,,,,566.51,1,3,3.66,132.0,9.0,3.0,1.0,7.0,N,0.29,4.0,MOL,-1,40.0,-0.67,C25H24F6N8O,Nc1ncnc2c1ncn2Cc1cc(-c2cc(F)cc(C(F)F)c2F)ncc1N1CCC[C@](N)([C@@H](O)C(F)F)C1,PLIIMDOBLLHGNQ-NBGIEHNGSA-N,"InChI=1S/C25H24F6N8O/c26-13-5-14(18(27)15(6-13)21(28)29)16-4-12(8-39-11-37-19-23(32)35-10-36-24(19)39)17(7-34-16)38-3-1-2-25(33,9-38)20(40)22(30)31/h4-7,10-11,20-22,40H,1-3,8-9,33H2,(H2,32,35,36)/t20-,25+/m0/s1",False,-1,['BDBM567953'],"['US11420970, Example 154']"
CHEMBL5844274,,,,,560.04,1,3,4.17,133.89,10.0,2.0,1.0,6.0,N,0.29,5.0,MOL,-1,40.0,-0.89,C28H27ClFN9O,COc1ccc(-c2cc(Cn3cnc4c(N)ncnc43)c(N3CCC[C@](N)(c4ccc(F)c(Cl)n4)C3)cn2)cc1,RCDMOZVHTGIACA-MUUNZHRXSA-N,"InChI=1S/C28H27ClFN9O/c1-40-19-5-3-17(4-6-19)21-11-18(13-39-16-36-24-26(31)34-15-35-27(24)39)22(12-33-21)38-10-2-9-28(32,14-38)23-8-7-20(30)25(29)37-23/h3-8,11-12,15-16H,2,9-10,13-14,32H2,1H3,(H2,31,34,35)/t28-/m1/s1",False,-1,['BDBM568014'],"['US11420970, Example 216']"
CHEMBL5858970,,,,,498.51,1,3,3.19,121.0,9.0,2.0,0.0,7.0,N,0.4,4.0,MOL,-1,36.0,-0.88,C24H25F3N8O,Nc1ncnc2c1ncn2Cc1cc(-c2ccc(F)cc2)ncc1N1CCC[C@](N)(COC(F)F)C1,IDFFTZWPSDZFDP-XMMPIXPASA-N,"InChI=1S/C24H25F3N8O/c25-17-4-2-15(3-5-17)18-8-16(10-35-14-33-20-21(28)31-13-32-22(20)35)19(9-30-18)34-7-1-6-24(29,11-34)12-36-23(26)27/h2-5,8-9,13-14,23H,1,6-7,10-12,29H2,(H2,28,31,32)/t24-/m1/s1",False,-1,['BDBM567843'],"['US11420970, Example 44']"
CHEMBL6064812,,,,,466.5,1,3,2.54,121.0,9.0,2.0,0.0,5.0,N,0.46,4.0,MOL,-1,34.0,-1.01,C23H24F2N8O,COc1ccc(-c2cc(Cn3cnc4c(N)ncnc43)c(N3CC[C@@H](F)[C@@H](N)C3)cn2)cc1F,BGBYHOXCWHOMOH-WBVHZDCISA-N,"InChI=1S/C23H24F2N8O/c1-34-20-3-2-13(6-16(20)25)18-7-14(9-33-12-31-21-22(27)29-11-30-23(21)33)19(8-28-18)32-5-4-15(24)17(26)10-32/h2-3,6-8,11-12,15,17H,4-5,9-10,26H2,1H3,(H2,27,29,30)/t15-,17+/m1/s1",False,-1,['BDBM567803'],"['US11420970, Example 5']"
CHEMBL5877276,,,,,508.58,1,3,3.06,132.0,9.0,3.0,1.0,6.0,N,0.36,4.0,MOL,-1,37.0,-0.61,C26H30F2N8O,Cc1ccc(-c2cc(Cn3cnc4c(N)ncnc43)c(N3CCC[C@](N)([C@@H](O)C(F)F)C3)cn2)c(C)c1,JBUNRMRCSYMNGE-BKMJKUGQSA-N,"InChI=1S/C26H30F2N8O/c1-15-4-5-18(16(2)8-15)19-9-17(11-36-14-34-21-24(29)32-13-33-25(21)36)20(10-31-19)35-7-3-6-26(30,12-35)22(37)23(27)28/h4-5,8-10,13-14,22-23,37H,3,6-7,11-12,30H2,1-2H3,(H2,29,32,33)/t22-,26+/m0/s1",False,-1,['BDBM567925'],"['US11420970, Example 126']"
CHEMBL5949381,,,,,560.56,1,3,3.39,141.23,10.0,3.0,1.0,8.0,N,0.28,4.0,MOL,-1,40.0,-0.49,C26H28F4N8O2,COc1ccc(-c2cc(Cn3cnc4c(N)ncnc43)c(N3CCC[C@](N)([C@@H](O)C(F)F)C3)cn2)c(C(F)F)c1,GDDLHAQSCGAKGC-HFZDXXHNSA-N,"InChI=1S/C26H28F4N8O2/c1-40-15-3-4-16(17(8-15)22(27)28)18-7-14(10-38-13-36-20-24(31)34-12-35-25(20)38)19(9-33-18)37-6-2-5-26(32,11-37)21(39)23(29)30/h3-4,7-9,12-13,21-23,39H,2,5-6,10-11,32H2,1H3,(H2,31,34,35)/t21-,26+/m0/s1",False,-1,['BDBM567962'],"['US11420970, Example 163']"
CHEMBL5989912,,,,,546.53,1,3,2.73,141.23,10.0,3.0,1.0,7.0,N,0.3,4.0,MOL,-1,39.0,-0.61,C25H26F4N8O2,COc1c(F)cc(-c2cc(Cn3cnc4c(N)ncnc43)c(N3CCC[C@](N)([C@@H](O)C(F)F)C3)cn2)cc1F,QCLRHWIBLZTQTA-SQJMNOBHSA-N,"InChI=1S/C25H26F4N8O2/c1-39-20-15(26)5-13(6-16(20)27)17-7-14(9-37-12-35-19-23(30)33-11-34-24(19)37)18(8-32-17)36-4-2-3-25(31,10-36)21(38)22(28)29/h5-8,11-12,21-22,38H,2-4,9-10,31H2,1H3,(H2,30,33,34)/t21-,25+/m0/s1",False,-1,['BDBM567964'],"['US11420970, Example 165']"
CHEMBL5788218,,,,,545.57,1,3,4.44,124.66,9.0,2.0,1.0,6.0,N,0.32,5.0,MOL,-1,40.0,-1.04,C28H26F3N9,Nc1ncnc2c1ncn2Cc1cc(-c2ccc(F)cc2)ncc1N1CCC[C@](N)(c2cccc(C(F)F)n2)C1,YXLZXIYJGWTGJR-MUUNZHRXSA-N,"InChI=1S/C28H26F3N9/c29-19-7-5-17(6-8-19)21-11-18(13-40-16-37-24-26(32)35-15-36-27(24)40)22(12-34-21)39-10-2-9-28(33,14-39)23-4-1-3-20(38-23)25(30)31/h1,3-8,11-12,15-16,25H,2,9-10,13-14,33H2,(H2,32,35,36)/t28-/m1/s1",False,-1,['BDBM568001'],"['US11420970, Example 203']"
CHEMBL5796871,,,,,548.99,1,3,3.69,137.55,10.0,2.0,1.0,5.0,N,0.31,5.0,MOL,-1,39.0,-0.92,C26H23ClF2N10,Nc1ncnc2c1ncn2Cc1cc(-c2cnc(F)c(F)c2)ncc1N1CCCC(N)(c2cccc(Cl)n2)C1,VCQKDHPIKKCUFS-UHFFFAOYSA-N,"InChI=1S/C26H23ClF2N10/c27-21-4-1-3-20(37-21)26(31)5-2-6-38(12-26)19-10-32-18(15-7-17(28)23(29)33-9-15)8-16(19)11-39-14-36-22-24(30)34-13-35-25(22)39/h1,3-4,7-10,13-14H,2,5-6,11-12,31H2,(H2,30,34,35)",False,-1,['BDBM568038'],"['US11420970, Example 240']"
CHEMBL5852677,,,,,479.5,1,3,1.58,154.86,9.0,3.0,0.0,5.0,N,0.39,4.0,MOL,-1,35.0,-1.02,C23H23F2N9O,NC(=O)[C@@H]1[C@H](N)CCCN1c1cnc(-c2ccc(F)c(F)c2)cc1Cn1cnc2c(N)ncnc21,HXEOVCBFLIZDEK-UZLBHIALSA-N,"InChI=1S/C23H23F2N9O/c24-14-4-3-12(6-15(14)25)17-7-13(9-33-11-32-19-21(27)30-10-31-23(19)33)18(8-29-17)34-5-1-2-16(26)20(34)22(28)35/h3-4,6-8,10-11,16,20H,1-2,5,9,26H2,(H2,28,35)(H2,27,30,31)/t16-,20+/m1/s1",False,-1,['BDBM568116'],"['US11420970, Example 318']"
CHEMBL5936890,,,,,614.5,1,3,4.2,140.87,9.0,3.0,1.0,9.0,N,0.24,4.0,MOL,-1,40.0,-0.98,C27H30BrF2N9O,Nc1ncnc2c1ncn2Cc1cc(-c2ccc(NC(=O)CCBr)cc2)ncc1N1CCCC(N)(CC(F)F)C1,DVGCCCHBLUDPJV-UHFFFAOYSA-N,"InChI=1S/C27H30BrF2N9O/c28-8-6-23(40)37-19-4-2-17(3-5-19)20-10-18(13-39-16-36-24-25(31)34-15-35-26(24)39)21(12-33-20)38-9-1-7-27(32,14-38)11-22(29)30/h2-5,10,12,15-16,22H,1,6-9,11,13-14,32H2,(H,37,40)(H2,31,34,35)",False,-1,['BDBM567863'],"['US11420970, Example 64']"
CHEMBL5995917,,,,,548.52,1,3,3.52,132.0,9.0,3.0,1.0,7.0,N,0.3,4.0,MOL,-1,39.0,-0.68,C25H25F5N8O,Nc1ncnc2c1ncn2Cc1cc(-c2ccc(C(F)F)cc2F)ncc1N1CCC[C@](N)([C@H](O)C(F)F)C1,UUCGXWQATQPMCY-CJFMBICVSA-N,"InChI=1S/C25H25F5N8O/c26-16-6-13(21(27)28)2-3-15(16)17-7-14(9-38-12-36-19-23(31)34-11-35-24(19)38)18(8-33-17)37-5-1-4-25(32,10-37)20(39)22(29)30/h2-3,6-8,11-12,20-22,39H,1,4-5,9-10,32H2,(H2,31,34,35)/t20-,25-/m1/s1",False,-1,['BDBM567936'],"['US11420970, Example 137']"
CHEMBL5927688,,,,,498.51,1,6,2.43,132.0,9.0,3.0,0.0,6.0,N,0.37,4.0,MOL,-1,36.0,-0.94,C24H25F3N8O,Nc1ncnc2c1ncn2Cc1cc(-c2ccc(F)c(F)c2)ncc1N1CCC[C@](N)([C@@H](F)CO)C1,ADORMPJFMOADGA-GBXCKJPGSA-N,"InChI=1S/C24H25F3N8O/c25-16-3-2-14(6-17(16)26)18-7-15(9-35-13-33-21-22(28)31-12-32-23(21)35)19(8-30-18)34-5-1-4-24(29,11-34)20(27)10-36/h2-3,6-8,12-13,20,36H,1,4-5,9-11,29H2,(H2,28,31,32)/t20-,24+/m0/s1",False,-1,['BDBM568083'],"['US11420970, Example 285::US11420970, Example 289']"
CHEMBL5785574,,,,,520.59,1,3,3.71,128.84,9.0,2.0,1.0,5.0,N,0.41,4.0,MOL,-1,38.0,-0.92,C27H30F2N8O,CC(C)(C)C(=O)[C@@]1(N)CCCN(c2cnc(-c3ccc(F)c(F)c3)cc2Cn2cnc3c(N)ncnc32)C1,KROSNWAAQJOKCL-HHHXNRCGSA-N,"InChI=1S/C27H30F2N8O/c1-26(2,3)25(38)27(31)7-4-8-36(13-27)21-11-32-20(16-5-6-18(28)19(29)9-16)10-17(21)12-37-15-35-22-23(30)33-14-34-24(22)37/h5-6,9-11,14-15H,4,7-8,12-13,31H2,1-3H3,(H2,30,33,34)/t27-/m1/s1",False,-1,['BDBM567908'],"['US11420970, Example 109']"
CHEMBL5879856,,,,,528.54,1,3,2.59,141.23,10.0,3.0,1.0,7.0,N,0.33,4.0,MOL,-1,38.0,-0.63,C25H27F3N8O2,COc1cc(F)ccc1-c1cc(Cn2cnc3c(N)ncnc32)c(N2CCC[C@](N)([C@H](O)C(F)F)C2)cn1,JJEPJVZPBAPWBK-PXDATVDWSA-N,"InChI=1S/C25H27F3N8O2/c1-38-19-8-15(26)3-4-16(19)17-7-14(10-36-13-34-20-23(29)32-12-33-24(20)36)18(9-31-17)35-6-2-5-25(30,11-35)21(37)22(27)28/h3-4,7-9,12-13,21-22,37H,2,5-6,10-11,30H2,1H3,(H2,29,32,33)/t21-,25-/m1/s1",False,-1,['BDBM567972'],"['US11420970, Example 173']"
CHEMBL5557059,,,,,296.29,2,2,1.06,122.87,8.0,2.0,0.0,4.0,N,0.74,3.0,MOL,-1,22.0,-1.36,C14H12N6O2,N#Cc1ccc(OCCn2c(O)nc3c(N)ncnc32)cc1,GMPZSQLBUVZIEX-UHFFFAOYSA-N,"InChI=1S/C14H12N6O2/c15-7-9-1-3-10(4-2-9)22-6-5-20-13-11(19-14(20)21)12(16)17-8-18-13/h1-4,8H,5-6H2,(H,19,21)(H2,16,17,18)",False,-1,['21'],['4-(2-(6-amino-8-hydroxy-9H-purin-9-yl)ethoxy)benzonitrile']
CHEMBL5857364,,,,,557.61,1,3,3.96,133.89,10.0,2.0,1.0,6.0,N,0.32,5.0,MOL,-1,41.0,-0.87,C29H29F2N9O,COc1ccc(-c2cc(Cn3cnc4c(N)ncnc43)c(N3CCC[C@](N)(c4ccc(F)c(C)n4)C3)cn2)cc1F,ITPBZSRQUYIHJE-GDLZYMKVSA-N,"InChI=1S/C29H29F2N9O/c1-17-20(30)5-7-25(38-17)29(33)8-3-9-39(14-29)23-12-34-22(18-4-6-24(41-2)21(31)10-18)11-19(23)13-40-16-37-26-27(32)35-15-36-28(26)40/h4-7,10-12,15-16H,3,8-9,13-14,33H2,1-2H3,(H2,32,35,36)/t29-/m1/s1",False,-1,['BDBM568005'],"['US11420970, Example 207']"
CHEMBL5590208,,,,,499.66,2,2,5.06,73.65,7.0,1.0,1.0,10.0,N,0.39,3.0,MOL,-1,37.0,-1.17,C30H37N5O2,COc1cc2c(NC3CCN(Cc4ccccc4)CC3)cc(C#N)nc2cc1OCCCN1CCCC1,YQKILGCNXZPMRW-UHFFFAOYSA-N,"InChI=1S/C30H37N5O2/c1-36-29-19-26-27(32-24-10-15-35(16-11-24)22-23-8-3-2-4-9-23)18-25(21-31)33-28(26)20-30(29)37-17-7-14-34-12-5-6-13-34/h2-4,8-9,18-20,24H,5-7,10-17,22H2,1H3,(H,32,33)",False,-1,['31'],['4-((1-benzylpiperidin-4-yl)amino)-6-methoxy-7-(3-(pyrrolidin-1-yl)propoxy)quinoline-2-carbonitrile']
CHEMBL5988113,,,,,554.06,1,3,3.96,133.89,10.0,2.0,1.0,5.0,N,0.31,5.0,MOL,-1,40.0,-0.72,C29H28ClN9O,Nc1ncnc2c1ncn2Cc1cc(-c2ccc3c(c2)CCO3)ncc1N1CCC[C@](N)(c2cccc(Cl)n2)C1,XHIOXHRRTGLAFK-GDLZYMKVSA-N,"InChI=1S/C29H28ClN9O/c30-25-4-1-3-24(37-25)29(32)8-2-9-38(15-29)22-13-33-21(18-5-6-23-19(11-18)7-10-40-23)12-20(22)14-39-17-36-26-27(31)34-16-35-28(26)39/h1,3-6,11-13,16-17H,2,7-10,14-15,32H2,(H2,31,34,35)/t29-/m1/s1",False,-1,['BDBM567984'],"['US11420970, Example 185']"
CHEMBL5818816,,,,,489.56,1,3,2.09,140.87,9.0,3.0,0.0,6.0,N,0.37,4.0,MOL,-1,36.0,-0.95,C25H28FN9O,CNC(=O)CC1(N)CCCN(c2cnc(-c3cccc(F)c3)cc2Cn2cnc3c(N)ncnc32)C1,SMCAYNPMBWUAFL-UHFFFAOYSA-N,"InChI=1S/C25H28FN9O/c1-29-21(36)10-25(28)6-3-7-34(13-25)20-11-30-19(16-4-2-5-18(26)8-16)9-17(20)12-35-15-33-22-23(27)31-14-32-24(22)35/h2,4-5,8-9,11,14-15H,3,6-7,10,12-13,28H2,1H3,(H,29,36)(H2,27,31,32)",False,-1,['BDBM567865'],"['US11420970, Example 66']"
CHEMBL5901759,,,,,512.57,1,3,4.47,111.77,8.0,2.0,1.0,5.0,N,0.36,5.0,MOL,-1,38.0,-0.94,C28H26F2N8,Nc1ncnc2c1ncn2Cc1cc(-c2ccc(F)c(F)c2)ncc1N1CCC[C@@H](N)[C@H]1c1ccccc1,KPSDKESAHDZHDC-ATIYNZHBSA-N,"InChI=1S/C28H26F2N8/c29-20-9-8-18(11-21(20)30)23-12-19(14-37-16-36-25-27(32)34-15-35-28(25)37)24(13-33-23)38-10-4-7-22(31)26(38)17-5-2-1-3-6-17/h1-3,5-6,8-9,11-13,15-16,22,26H,4,7,10,14,31H2,(H2,32,34,35)/t22-,26-/m1/s1",False,-1,['BDBM568121'],"['US11420970, Example 323']"
CHEMBL6054849,,,,,529.56,1,3,3.35,144.89,10.0,3.0,1.0,5.0,N,0.31,5.0,MOL,-1,39.0,-1.01,C27H25F2N9O,Nc1ncnc2c1ncn2Cc1cc(-c2ccc(F)c(F)c2)ncc1N1CCC[C@](N)(c2cccc(O)n2)C1,IYYMPTUOAWTMBR-HHHXNRCGSA-N,"InChI=1S/C27H25F2N9O/c28-18-6-5-16(9-19(18)29)20-10-17(12-38-15-35-24-25(30)33-14-34-26(24)38)21(11-32-20)37-8-2-7-27(31,13-37)22-3-1-4-23(39)36-22/h1,3-6,9-11,14-15H,2,7-8,12-13,31H2,(H,36,39)(H2,30,33,34)/t27-/m1/s1",False,-1,['BDBM568015'],"['US11420970, Example 217']"
CHEMBL6056845,,,,,498.49,1,3,3.88,111.77,8.0,2.0,0.0,5.0,N,0.4,4.0,MOL,-1,36.0,-0.88,C24H22F4N8,Nc1ncnc2c1ncn2Cc1cc(-c2ccc(F)c(F)c2)ncc1N1CCCC(N)(C=C(F)F)C1,ZGRFJQPQQHGGAX-UHFFFAOYSA-N,"InChI=1S/C24H22F4N8/c25-16-3-2-14(6-17(16)26)18-7-15(10-36-13-34-21-22(29)32-12-33-23(21)36)19(9-31-18)35-5-1-4-24(30,11-35)8-20(27)28/h2-3,6-9,12-13H,1,4-5,10-11,30H2,(H2,29,32,33)",False,-1,['BDBM568092'],"['US11420970, Example 294']"
CHEMBL5762362,,,,,454.46,1,3,2.67,111.77,8.0,2.0,0.0,4.0,N,0.49,4.0,MOL,-1,33.0,-1.16,C22H21F3N8,Nc1ncnc2c1ncn2Cc1cc(-c2ccc(F)c(F)c2)ncc1N1C[C@H](N)C[C@H](F)C1,ZPRIUHCMMVNBPP-LSDHHAIUSA-N,"InChI=1S/C22H21F3N8/c23-14-5-15(26)9-32(8-14)19-6-28-18(12-1-2-16(24)17(25)3-12)4-13(19)7-33-11-31-20-21(27)29-10-30-22(20)33/h1-4,6,10-11,14-15H,5,7-9,26H2,(H2,27,29,30)/t14-,15+/m0/s1",False,-1,['BDBM568107'],"['US11420970, Example 309']"
CHEMBL5810084,,,,,539.62,1,3,3.6,133.89,10.0,2.0,1.0,7.0,N,0.32,5.0,MOL,-1,40.0,-1.02,C29H30FN9O,COc1ccc(-c2cc(Cn3cnc4c(N)ncnc43)c(N3CCC[C@](N)(Cc4ccccn4)C3)cn2)cc1F,FQVCXMNTGQQLSP-LJAQVGFWSA-N,"InChI=1S/C29H30FN9O/c1-40-25-7-6-19(11-22(25)30)23-12-20(15-39-18-37-26-27(31)35-17-36-28(26)39)24(14-34-23)38-10-4-8-29(32,16-38)13-21-5-2-3-9-33-21/h2-3,5-7,9,11-12,14,17-18H,4,8,10,13,15-16,32H2,1H3,(H2,31,35,36)/t29-/m0/s1",False,-1,['BDBM567849'],"['US11420970, Example 50']"
CHEMBL5923946,,,,,475.99,1,3,3.23,124.66,9.0,2.0,0.0,5.0,N,0.42,4.0,MOL,-1,34.0,-0.68,C24H26ClN9,Nc1ncnc2c1ncn2Cc1cc(C2CC2)ncc1N1CCC[C@](N)(c2cccc(Cl)n2)C1,OJCOCPUCXXOTHC-XMMPIXPASA-N,"InChI=1S/C24H26ClN9/c25-20-4-1-3-19(32-20)24(27)7-2-8-33(12-24)18-10-28-17(15-5-6-15)9-16(18)11-34-14-31-21-22(26)29-13-30-23(21)34/h1,3-4,9-10,13-15H,2,5-8,11-12,27H2,(H2,26,29,30)/t24-/m1/s1",False,-1,['BDBM568002'],"['US11420970, Example 204']"
CHEMBL5899605,,,,,564.52,1,3,2.87,141.23,10.0,3.0,1.0,7.0,N,0.29,4.0,MOL,-1,40.0,-0.55,C25H25F5N8O2,COc1cc(F)c(-c2ncc(N3CCC[C@](N)([C@H](O)C(F)F)C3)c(Cn3cnc4c(N)ncnc43)c2F)cc1F,CDSARVHEGFZCCC-PXDATVDWSA-N,"InChI=1S/C25H25F5N8O2/c1-40-17-6-14(26)12(5-15(17)27)19-18(28)13(8-38-11-36-20-23(31)34-10-35-24(20)38)16(7-33-19)37-4-2-3-25(32,9-37)21(39)22(29)30/h5-7,10-11,21-22,39H,2-4,8-9,32H2,1H3,(H2,31,34,35)/t21-,25-/m1/s1",False,-1,['BDBM567948'],"['US11420970, Example 149']"
CHEMBL5183513,,,,,393.49,1,1,5.99,58.68,4.0,0.0,1.0,4.0,N,0.4,4.0,MOL,-1,30.0,-0.65,C26H23N3O,CCC(=O)c1cc(C)c(-c2ncn(C)c2-c2ccc(C#N)c3ccccc23)c(C)c1,MFAHXUNMXPNXJC-UHFFFAOYSA-N,"InChI=1S/C26H23N3O/c1-5-23(30)19-12-16(2)24(17(3)13-19)25-26(29(4)15-28-25)22-11-10-18(14-27)20-8-6-7-9-21(20)22/h6-13,15H,5H2,1-4H3",False,-1,['23'],"['4-(4-(2,6-dimethyl-4-propionylphenyl)-1-methyl-1H-imidazol-5-yl)-1-naphthonitrile']"
CHEMBL5170310,,,,,409.54,1,1,4.44,79.66,5.0,2.0,0.0,6.0,N,0.46,4.0,MOL,-1,31.0,-0.75,C26H27N5,Cc1cc(CNCCN)cc(C)c1-c1ncn(C)c1-c1ccc(C#N)c2ccccc12,YLJYPDIQHMOYFL-UHFFFAOYSA-N,"InChI=1S/C26H27N5/c1-17-12-19(15-29-11-10-27)13-18(2)24(17)25-26(31(3)16-30-25)23-9-8-20(14-28)21-6-4-5-7-22(21)23/h4-9,12-13,16,29H,10-11,15,27H2,1-3H3",False,-1,['41'],"['4-(4-(4-(((2-aminoethyl)amino)methyl)-2,6-dimethylphenyl)-1-methyl-1H-imidazol-5-yl)-1-naphthonitrile']"
CHEMBL5818357,,,,,530.53,1,3,3.92,121.0,9.0,2.0,1.0,6.0,N,0.36,4.0,MOL,-1,38.0,-0.9,C25H26F4N8O,COc1ccc(-c2cc(Cn3cnc4c(N)ncnc43)c(N3CCC[C@](N)(CC(F)(F)F)C3)cn2)cc1F,KONFTSZTQMVPLD-DEOSSOPVSA-N,"InChI=1S/C25H26F4N8O/c1-38-20-4-3-15(7-17(20)26)18-8-16(10-37-14-35-21-22(30)33-13-34-23(21)37)19(9-32-18)36-6-2-5-24(31,12-36)11-25(27,28)29/h3-4,7-9,13-14H,2,5-6,10-12,31H2,1H3,(H2,30,33,34)/t24-/m0/s1",False,-1,['BDBM568101'],"['US11420970, Example 303']"
CHEMBL6065300,,,,,508.58,1,3,3.52,121.0,9.0,2.0,1.0,7.0,N,0.39,4.0,MOL,-1,37.0,-0.89,C26H30F2N8O,CCO[C@H](C)C1(N)CCCN(c2cnc(-c3ccc(F)c(F)c3)cc2Cn2cnc3c(N)ncnc32)C1,RLHGZUOBFZEMOL-DIERRCTGSA-N,"InChI=1S/C26H30F2N8O/c1-3-37-16(2)26(30)7-4-8-35(13-26)22-11-31-21(17-5-6-19(27)20(28)9-17)10-18(22)12-36-15-34-23-24(29)32-14-33-25(23)36/h5-6,9-11,14-16H,3-4,7-8,12-13,30H2,1-2H3,(H2,29,32,33)/t16-,26?/m1/s1",False,-1,['BDBM567898'],"['US11420970, Example 99']"
CHEMBL5845295,,,,,516.5,1,3,2.72,132.0,9.0,3.0,1.0,6.0,N,0.33,4.0,MOL,-1,37.0,-0.89,C24H24F4N8O,Nc1ncnc2c1ncn2Cc1cc(-c2ccc(F)c(F)c2)ncc1N1CCC[C@](N)([C@@H](O)C(F)F)C1,DINCKUGYLLIMMO-GBXCKJPGSA-N,"InChI=1S/C24H24F4N8O/c25-15-3-2-13(6-16(15)26)17-7-14(9-36-12-34-19-22(29)32-11-33-23(19)36)18(8-31-17)35-5-1-4-24(30,10-35)20(37)21(27)28/h2-3,6-8,11-12,20-21,37H,1,4-5,9-10,30H2,(H2,29,32,33)/t20-,24+/m0/s1",False,-1,['BDBM567912'],"['(R)-1-((R)-3-amino-1-(4-((6-amino-9H-purin-9-yl)methyl)-6-(3,4-difluorophenyl)pyridin-3-yl)piperidin-3-yl)-2,2-difluoroethan-1-ol and (S)-1-((R)-3-amino-1-(4-((6-amino-9H-purin-9-yl)methyl)-6-(3,4-difluorophenyl)pyridin-3-yl)piperidin-3-yl)-2,2-difluoroethan-1-ol::US11420970, Example 113']"
CHEMBL5857900,,,,,548.0,1,3,4.3,124.66,9.0,2.0,1.0,5.0,N,0.31,5.0,MOL,-1,39.0,-1.02,C27H24ClF2N9,Nc1ncnc2c1ncn2Cc1cc(-c2ccc(F)cc2)ncc1N1CCC[C@](N)(c2ccc(F)c(Cl)n2)C1,RZIYYVQGPQHNPU-HHHXNRCGSA-N,"InChI=1S/C27H24ClF2N9/c28-24-19(30)6-7-22(37-24)27(32)8-1-9-38(13-27)21-11-33-20(16-2-4-18(29)5-3-16)10-17(21)12-39-15-36-23-25(31)34-14-35-26(23)39/h2-7,10-11,14-15H,1,8-9,12-13,32H2,(H2,31,34,35)/t27-/m1/s1",False,-1,['BDBM568019'],"['US11420970, Example 221']"
CHEMBL6009913,,,,,516.5,1,3,3.33,121.0,9.0,2.0,1.0,7.0,N,0.36,4.0,MOL,-1,37.0,-0.99,C24H24F4N8O,Nc1ncnc2c1ncn2Cc1cc(-c2ccc(F)c(F)c2)ncc1N1CCC[C@@H](N)[C@H]1COC(F)F,YSUREOCRJSILPY-YLJYHZDGSA-N,"InChI=1S/C24H24F4N8O/c25-15-4-3-13(6-16(15)26)18-7-14(9-35-12-34-21-22(30)32-11-33-23(21)35)19(8-31-18)36-5-1-2-17(29)20(36)10-37-24(27)28/h3-4,6-8,11-12,17,20,24H,1-2,5,9-10,29H2,(H2,30,32,33)/t17-,20-/m1/s1",False,-1,['BDBM568109'],"['US11420970, Example 311']"
CHEMBL4597193,VALEMETOSTAT,VALEMETOSTAT,Small molecule,2.0,488.03,455,518,4.49,83.66,5.0,2.0,0.0,5.0,N,0.65,2.0,MOL,0,34.0,-0.67,C26H34ClN3O4,Cc1cc(C)c(CNC(=O)c2cc(Cl)c3c(c2C)O[C@@](C)([C@H]2CC[C@H](N(C)C)CC2)O3)c(=O)[nH]1,SSDRNUPMYCFXGM-UYPAYLBCSA-N,"InChI=1S/C26H34ClN3O4/c1-14-11-15(2)29-25(32)20(14)13-28-24(31)19-12-21(27)23-22(16(19)3)33-26(4,34-23)17-7-9-18(10-8-17)30(5)6/h11-12,17-18H,7-10,13H2,1-6H3,(H,28,31)(H,29,32)/t17-,18-,26-/m1/s1",False,0,"['VALEMETOSTAT', '79a; DS-3201, OR-S2', 'EUB0002165a', '9', '(R)-OR-S2', 'EUB0002165a', 'BDBM588052', 'VALEMETOSTAT']","['VALEMETOSTAT', '(2R)-7-chloro-N-[(4,6-dimethyl-2-oxo-1,2-dihydropyridin-3-yl)methyl]-2,4-dimethyl-2-[(1r,4R)-4-(dimethylamino)cyclohexyl]-2H-1,3-benzodioxole-5-carboxamide', 'Valemetostat', 'Valemetostat', '(R)-OR-S2', 'Valemetostat', '(2R)-7-chloro-2-[trans-4-(dimethylamino)cyclohexyl]-N-[(4,6-dimethyl-2-oxo-1,2-dihydropyridin-3-yl)methyl]-2,4-dimethyl-1,3-benzodioxole-5-carboxamide (Valemetostat)::US11535629, Compound Control B', 'VALEMETOSTAT']"
CHEMBL5962134,,,,,560.56,1,3,3.54,130.23,10.0,2.0,1.0,8.0,N,0.31,4.0,MOL,-1,40.0,-0.96,C26H28F4N8O2,COc1ccc(-c2cc(Cn3cnc4c(N)ncnc43)c(N3CCC[C@](N)(COCC(F)(F)F)C3)cn2)cc1F,KOAUGJVUPXXRGB-RUZDIDTESA-N,"InChI=1S/C26H28F4N8O2/c1-39-21-4-3-16(7-18(21)27)19-8-17(10-38-15-36-22-23(31)34-14-35-24(22)38)20(9-33-19)37-6-2-5-25(32,11-37)12-40-13-26(28,29)30/h3-4,7-9,14-15H,2,5-6,10-13,32H2,1H3,(H2,31,34,35)/t25-/m1/s1",False,-1,['BDBM567838'],"['US11420970, Example 39']"
CHEMBL6031282,,,,,530.53,1,3,3.53,121.0,9.0,2.0,1.0,7.0,N,0.35,4.0,MOL,-1,38.0,-0.96,C25H26F4N8O,Nc1ncnc2c1ncn2Cc1cc(-c2ccc(F)cc2)ncc1N1CCC[C@](N)(COCC(F)(F)F)C1,LIFQGKMVOWPGPO-XMMPIXPASA-N,"InChI=1S/C25H26F4N8O/c26-18-4-2-16(3-5-18)19-8-17(10-37-15-35-21-22(30)33-14-34-23(21)37)20(9-32-19)36-7-1-6-24(31,11-36)12-38-13-25(27,28)29/h2-5,8-9,14-15H,1,6-7,10-13,31H2,(H2,30,33,34)/t24-/m1/s1",False,-1,['BDBM567844'],"['US11420970, Example 45']"
CHEMBL5883120,,,,,512.54,1,3,3.62,121.0,9.0,2.0,1.0,7.0,N,0.39,4.0,MOL,-1,37.0,-0.89,C25H27F3N8O,COc1ccc(-c2cc(Cn3cnc4c(N)ncnc43)c(N3CCC[C@](N)(CC(F)F)C3)cn2)cc1F,TYZNZYBELAQPML-VWLOTQADSA-N,"InChI=1S/C25H27F3N8O/c1-37-20-4-3-15(7-17(20)26)18-8-16(11-36-14-34-22-23(29)32-13-33-24(22)36)19(10-31-18)35-6-2-5-25(30,12-35)9-21(27)28/h3-4,7-8,10,13-14,21H,2,5-6,9,11-12,30H2,1H3,(H2,29,32,33)/t25-/m0/s1",False,-1,['BDBM567860'],"['US11420970, Example 61']"
CHEMBL5994690,,,,,570.05,1,3,3.33,140.87,9.0,3.0,1.0,9.0,N,0.26,4.0,MOL,-1,40.0,-0.95,C27H30ClF2N9O,Nc1ncnc2c1ncn2Cc1cc(-c2ccc(CNC(=O)CCl)cc2)ncc1N1CCCC(N)(CC(F)F)C1,LCIMLMNEEAARMS-UHFFFAOYSA-N,"InChI=1S/C27H30ClF2N9O/c28-10-23(40)34-11-17-2-4-18(5-3-17)20-8-19(13-39-16-37-24-25(31)35-15-36-26(24)39)21(12-33-20)38-7-1-6-27(32,14-38)9-22(29)30/h2-5,8,12,15-16,22H,1,6-7,9-11,13-14,32H2,(H,34,40)(H2,31,35,36)",False,-1,['BDBM567874'],"['US11420970, Example 75']"
CHEMBL5762902,,,,,492.56,1,3,2.35,141.23,10.0,3.0,0.0,6.0,N,0.37,4.0,MOL,-1,36.0,-0.72,C25H29FN8O2,COc1ccc(-c2cc(Cn3cnc4c(N)ncnc43)c(N3CCC[C@](N)([C@H](C)O)C3)cn2)cc1F,TULGIIDJPDOOLH-ODCWNRFASA-N,"InChI=1S/C25H29FN8O2/c1-15(35)25(28)6-3-7-33(12-25)20-10-29-19(16-4-5-21(36-2)18(26)8-16)9-17(20)11-34-14-32-22-23(27)30-13-31-24(22)34/h4-5,8-10,13-15,35H,3,6-7,11-12,28H2,1-2H3,(H2,27,30,31)/t15-,25+/m0/s1",False,-1,['BDBM567891'],"['US11420970, Example 92']"
CHEMBL5890378,,,,,519.59,1,3,2.99,142.59,11.0,2.0,2.0,7.0,N,0.28,4.0,MOL,-1,38.0,-0.8,C26H30FN9O2,CO/N=C(\C)C1(N)CCCN(c2cnc(-c3ccc(OC)c(F)c3)cc2Cn2cnc3c(N)ncnc32)C1,DUUZXEUIYRTNPI-AABVJFSESA-N,"InChI=1S/C26H30FN9O2/c1-16(34-38-3)26(29)7-4-8-35(13-26)21-11-30-20(17-5-6-22(37-2)19(27)9-17)10-18(21)12-36-15-33-23-24(28)31-14-32-25(23)36/h5-6,9-11,14-15H,4,7-8,12-13,29H2,1-3H3,(H2,28,31,32)/b34-16+",False,-1,['BDBM567895'],"['US11420970, Example 96']"
CHEMBL5819117,,,,,552.57,1,3,2.47,149.82,11.0,3.0,2.0,6.0,N,0.29,5.0,MOL,-1,40.0,-0.82,C26H27F3N10O,Cn1ncc2cc(-c3cc(Cn4cnc5c(N)ncnc54)c(N4CCC[C@](N)([C@@H](O)C(F)F)C4)cn3)c(F)cc21,YADRUOFMBRNEAR-BKMJKUGQSA-N,"InChI=1S/C26H27F3N10O/c1-37-19-7-17(27)16(5-14(19)8-36-37)18-6-15(10-39-13-35-21-24(30)33-12-34-25(21)39)20(9-32-18)38-4-2-3-26(31,11-38)22(40)23(28)29/h5-9,12-13,22-23,40H,2-4,10-11,31H2,1H3,(H2,30,33,34)/t22-,26+/m0/s1",False,-1,['BDBM567922'],"['US11420970, Example 123']"
CHEMBL6024457,,,,,566.51,1,3,3.66,132.0,9.0,3.0,1.0,7.0,N,0.29,4.0,MOL,-1,40.0,-0.68,C25H24F6N8O,Nc1ncnc2c1ncn2Cc1cc(-c2cc(F)c(C(F)F)cc2F)ncc1N1CCC[C@](N)([C@@H](O)C(F)F)C1,FXHMHSNLHYVAQI-NBGIEHNGSA-N,"InChI=1S/C25H24F6N8O/c26-15-6-14(21(28)29)16(27)5-13(15)17-4-12(8-39-11-37-19-23(32)35-10-36-24(19)39)18(7-34-17)38-3-1-2-25(33,9-38)20(40)22(30)31/h4-7,10-11,20-22,40H,1-3,8-9,33H2,(H2,32,35,36)/t20-,25+/m0/s1",False,-1,['BDBM567933'],"['US11420970, Example 134']"
CHEMBL5740930,,,,,534.49,1,3,2.86,132.0,9.0,3.0,1.0,6.0,N,0.32,4.0,MOL,-1,38.0,-0.66,C24H23F5N8O,Nc1ncnc2c1ncn2Cc1c(N2CCC[C@](N)([C@H](O)C(F)F)C2)cnc(-c2ccc(F)cc2F)c1F,SKURVGSZEPSYCD-HYBUGGRVSA-N,"InChI=1S/C24H23F5N8O/c25-12-2-3-13(15(26)6-12)18-17(27)14(8-37-11-35-19-22(30)33-10-34-23(19)37)16(7-32-18)36-5-1-4-24(31,9-36)20(38)21(28)29/h2-3,6-7,10-11,20-21,38H,1,4-5,8-9,31H2,(H2,30,33,34)/t20-,24-/m1/s1",False,-1,['BDBM567941'],"['US11420970, Example 142']"
CHEMBL5900667,,,,,543.58,1,3,3.66,133.89,10.0,2.0,1.0,6.0,N,0.33,5.0,MOL,-1,40.0,-1.12,C28H27F2N9O,COc1cccc([C@@]2(N)CCCN(c3cnc(-c4ccc(F)c(F)c4)cc3Cn3cnc4c(N)ncnc43)C2)n1,DZVYFRAEMHXCTH-MUUNZHRXSA-N,"InChI=1S/C28H27F2N9O/c1-40-24-5-2-4-23(37-24)28(32)8-3-9-38(14-28)22-12-33-21(17-6-7-19(29)20(30)10-17)11-18(22)13-39-16-36-25-26(31)34-15-35-27(25)39/h2,4-7,10-12,15-16H,3,8-9,13-14,32H2,1H3,(H2,31,34,35)/t28-/m1/s1",False,-1,['BDBM567977'],"['US11420970, Example 178']"
CHEMBL5968989,,,,,554.06,1,3,4.05,133.89,10.0,2.0,1.0,5.0,N,0.31,5.0,MOL,-1,40.0,-0.73,C29H28ClN9O,Nc1ncnc2c1ncn2Cc1cc(-c2ccc3c(c2)COC3)ncc1N1CCCC(N)(c2cccc(Cl)n2)C1,VHZHCEQPVWYGDJ-UHFFFAOYSA-N,"InChI=1S/C29H28ClN9O/c30-25-4-1-3-24(37-25)29(32)7-2-8-38(15-29)23-11-33-22(18-5-6-19-13-40-14-21(19)9-18)10-20(23)12-39-17-36-26-27(31)34-16-35-28(26)39/h1,3-6,9-11,16-17H,2,7-8,12-15,32H2,(H2,31,34,35)",False,-1,['BDBM567978'],"['US11420970, Example 179']"
CHEMBL5889889,,,,,545.57,1,3,4.12,124.66,9.0,2.0,1.0,6.0,N,0.33,5.0,MOL,-1,40.0,-0.92,C28H26F3N9,Nc1ncnc2c1ncn2Cc1cc(-c2ccc(F)cc2)ncc1N1CCCC(N)(c2ccc(F)c(CF)n2)C1,BPVWXGZDKBSDIB-UHFFFAOYSA-N,"InChI=1S/C28H26F3N9/c29-11-22-20(31)6-7-24(38-22)28(33)8-1-9-39(14-28)23-12-34-21(17-2-4-19(30)5-3-17)10-18(23)13-40-16-37-25-26(32)35-15-36-27(25)40/h2-7,10,12,15-16H,1,8-9,11,13-14,33H2,(H2,32,35,36)",False,-1,['BDBM567992'],"['US11420970, Example 193']"
CHEMBL5783508,,,,,548.52,1,3,3.67,121.0,9.0,2.0,1.0,7.0,N,0.34,4.0,MOL,-1,39.0,-1.1,C25H25F5N8O,Nc1ncnc2c1ncn2Cc1cc(-c2ccc(F)c(F)c2)ncc1N1CCC[C@](N)(COCC(F)(F)F)C1,FLUMCTPVAINAIP-XMMPIXPASA-N,"InChI=1S/C25H25F5N8O/c26-17-3-2-15(6-18(17)27)19-7-16(9-38-14-36-21-22(31)34-13-35-23(21)38)20(8-33-19)37-5-1-4-24(32,10-37)11-39-12-25(28,29)30/h2-3,6-8,13-14H,1,4-5,9-12,32H2,(H2,31,34,35)/t24-/m1/s1",False,-1,['BDBM567842'],"['US11420970, Example 43']"
CHEMBL5814581,,,,,546.53,1,3,2.73,141.23,10.0,3.0,1.0,7.0,N,0.3,4.0,MOL,-1,39.0,-0.54,C25H26F4N8O2,COc1ccc(-c2ncc(N3CCC[C@](N)([C@H](O)C(F)F)C3)c(Cn3cnc4c(N)ncnc43)c2F)c(F)c1,SCYCOJJNMDMXSA-PXDATVDWSA-N,"InChI=1S/C25H26F4N8O2/c1-39-13-3-4-14(16(26)7-13)19-18(27)15(9-37-12-35-20-23(30)33-11-34-24(20)37)17(8-32-19)36-6-2-5-25(31,10-36)21(38)22(28)29/h3-4,7-8,11-12,21-22,38H,2,5-6,9-10,31H2,1H3,(H2,30,33,34)/t21-,25-/m1/s1",False,-1,['BDBM567934'],"['US11420970, Example 135']"
CHEMBL265502,SURAMIN,FARMA|FARMA-939|FOURNEAU|METARET|NAGANOL|NSC-34936|SURAMIN|SURAMINE,Small molecule,3.0,1297.3,277,828,,,,,,,,,,MOL,0,,,C51H40N6O23S6,Cc1ccc(C(=O)Nc2ccc(S(=O)(=O)O)c3cc(S(=O)(=O)O)cc(S(=O)(=O)O)c23)cc1NC(=O)c1cccc(NC(=O)Nc2cccc(C(=O)Nc3cc(C(=O)Nc4ccc(S(=O)(=O)O)c5cc(S(=O)(=O)O)cc(S(=O)(=O)O)c45)ccc3C)c2)c1,FIAFUQMPZJWCLV-UHFFFAOYSA-N,"InChI=1S/C51H40N6O23S6/c1-25-9-11-29(49(60)54-37-13-15-41(83(69,70)71)35-21-33(81(63,64)65)23-43(45(35)37)85(75,76)77)19-39(25)56-47(58)27-5-3-7-31(17-27)52-51(62)53-32-8-4-6-28(18-32)48(59)57-40-20-30(12-10-26(40)2)50(61)55-38-14-16-42(84(72,73)74)36-22-34(82(66,67)68)24-44(46(36)38)86(78,79)80/h3-24H,1-2H3,(H,54,60)(H,55,61)(H,56,58)(H,57,59)(H2,52,53,62)(H,63,64,65)(H,66,67,68)(H,69,70,71)(H,72,73,74)(H,75,76,77)(H,78,79,80)",False,0,"['Suramin', 'suramin', 'SUR', 'Suramin', 'III', 'SID144205598', 'Suramin', 'suramin', 'SURAMIN', 'Suramin', 'suramin', 'Suramin', 'Suramin', 'Suramin', 'Suramin', 'Suramin', '1', 'Suramin', 'Suramine', 'Suramin', 'Suramin', 'Suramin', 'Suramin', '82', 'Suramin', 'VIII', 'Suramin', '3', 'Suramin', 'Suramin', 'MMV637953', '15', 'Suramin', '47, NSC-34936', 'suramin', 'Suramin', 'SID124887029', 'Suramin', 'suramin', 'Suramin', 'suramin', '3', 'suramin', 'Sur', 'suramin', 'Suramin', 'Suramin', 'Suramin', 'suramin', 'Suramin', 'Suramin', 'suramin', 'SID11114098', 'suramine', 'Suramin', 'suramin', 'suramin', 'Suramin', 'Suramin', '3', 'Suramin', 'Suramin', 'Suramin', 'Suramin', 'suramin', 'suramin', 'Suramin', '1', 'Suramin', 'Suramin', 'SID90341387', 'MMV637953', 'Suramin', 'Suramin', 'suramin', 'suramin', 'Suramin', 'Suramin', 'Sur', 'Suramin', 'SURAMIN', 'Suramin', 'Suramin', 'Suramin', '45', 'Suramin', 'SID544513', 'Suramin', 'BDBM50336799', 'Suramin', 'Suramin', 'Suramin', 'Suramin', '8b (table 1)', 'Suramin', 'SID170466101', 'SID124892422', 'Suramin', 'sur', 'suramin', 'Suramin', 'Suramin', '18', 'Suramine', 'Suramin', 'suramine', 'suramin', '8a (table 1)', 'suramin', 'Suramin', 'Suramin', '328', 'Suramine', 'suramin', 'suramin', 'suramin', 'suramin', 'SID26752197', 'Suramin', '1', 'Suramin', 'Suramin', 'Suramin', '8', 'Suramin', 'SA', '52', 'Suramin', 'Suram', 'Suramin', '4', 'Suramin', 'Suramin', 'Suramin', 'Suramin', 'Suramin', 'Suramin', 'Suramin', 'Suramin', 'SID50104860', 'Suramin', 'Suramin', 'Suramin', 'Suramine', 'SID26756673', 'suramin', 'Suramin', 'Suramin', 'Suramin', 'Suramin', 'Suramin', '30', '28', 'Suramin', 'Suramin', 'Suramin', 'Sr', 'Suramin', 'Suramin', 'Suramin', 'Suramin', '42', 'Suramin', 'Suramin', 'Suramin', 'Suramin', 'Suramin', 'Suramin', '13', 'Suramin', 'Suramin', 'Suramin', '11', 'Suramin', 'Suramin', 'Suramine', 'Suramin', 'Suramin', 'Suramin', 'H', 'Suramin', 'Suramin', 'Suramin', 'Suramin', 'Suramin', 'Suramin', 'Suramin', 'Suramin', 'Suramin', 'Suramin', 'Suramin', 'Suramin', 'Suramin', 'Suramin', 'Cpd VI', 'MMV637953', 'MMV637953', '18', 'Suramin', 'Suramin', '23', 'Suramin', 'Suramin', 'Suramin', 'Suramin', 'Suramin', 'Suramin', 'Cpd V', '7', 'Suramin', 'Suramin', 'Suramin', 'Cpd III', '3', 'Suramin', 'Suramin', '4', '84', '1', 'Suramin', 'Suramin', '78', 'suramin']","['Suramin', 'suramin', 'Suramin', 'Suramin', 5,5',5''-[1,3,6-naphthalenetriyltris(sulfonylimino)]tris[1,3-benzenesulfonate analogue"", 'SID144205598', 'Suramin', 'suramin', 'SURAMIN', 'Suramin', ""8,8'-[Carbonylbis[imino-3,1-phenylenecarbonylimino(4-methyl-3,1-phenylene)carbonyl-imino]]bis-1,3,5-naphthalenetrisulfonic acid (suramin)"", 'Suramin', 'Suramin', 'Suramin', 'Suramin', 'Suramin', 'Suramin', 'Suramin', 'Suramine', 'Suramin', 'Suramin', 'Suramin', 'Suramin', 'suramine', 'Suramin', 'Suramin', 'Suramin', 'Suramin', 'Suramin', 'Suramin', 'MMV637953', 'Suramin', 'Suramin', '8-[(4-methyl-3-{[3-({[3-({2-methyl-5-[(4,6,8-trisulfonaphthalen-1-yl)carbamoyl]phenyl}carbamoyl)phenyl]carbamoyl}amino)benzene]amido}benzene)amido]naphthalene-1,3,5-trisulfonic acid', 'suramin', 'Suramin', 'SID124887029', 'Suramin', 'suramin', 'Suramin', 'suramin', 'suramin', 'Suramin', 'Suramin', 'suramin', 'Suramin', 'Suramin', 'Suramin', 'suramin', 'suramin', 'Suramin', 'suramin', 'SID11114098', 'suramine', 'Suramin', 'suramin', 'suramin', 'Suramin', 'Suramin', 'suramine', 'Suramin', 'Suramin', 'suramin', 'Suramin', 'suramin', 'suramin', 'Suramin', 'Suramin', 'Suramin', 'Suramin', 'SID90341387', None, 'Suramin', 'Suramin', 'suramin', 'suramin', 'Suramin', 'Suramin', 'Suramin', 'Suramin', 'SURAMIN', 'Suramin', 'Suramin', 'Suramin', 'Suramin', 'Suramin', 'SID544513', 'Suramin', ""5,5',5''-[1,3,6-naphthalenetriyltris(sulfonylimino)]tris[1,3-benzenesulfonate analogue::8,8'-(Carbonylbis(imino-3,1-phenylenecarbonylimino(4-methyl-3,1-phenylene)carbonylimino))bisnaphthalene-1,3,5-trisulphonic acid::8,8'-[CARBONYLBIS[IMINO-3,1-PHENYLENECARBONYLIMINO(4-METHYL-3,1-PHENYLENE)CARBONYLIMINO]]BIS-1,3,5-NAPHTHALENETRISULFONIC ACID::8,8'-[Carbonylbis[imino-3,1-phenylenecarbonylimino(4-methyl-3,1-phenylene)carbonyl-imino]]bis-1,3,5-naphthalenetrisulfonic acid(suramin)::8-[(4-methyl-3-{[3-({[3-({2-methyl-5-[(4,6,8-trisulfonaphthalen-1-yl)carbamoyl]phenyl}carbamoyl)phenyl]carbamoyl}amino)benzene]amido}benzene)amido]naphthalene-1,3,5-trisulfonic acid::CHEMBL265502::Germanin::Suramin hexasodium::US8835659, Suramin::Urea derivative::suramin"", 'Suramin', 'Suramin', 'Suramin', 'Suramin', 'Suramine', 'Suramin', 'SID170466101', 'SID124892422', ""8,8'-(Carbonylbis(imino-3,1-phenylenecarbonylimino(4-methyl-3,1-phenylene)carbonylimino))bisnaphthalene-1,3,5-trisulphonic acid"", 'suramine', 'suramin', 'Suramin', 'Suramin', 'Suramin', 'Suramine', 'Suramin', 'suramine', 'suramin', 'Urea derivative', 'suramin', 'Suramin', 'Suramin', 'Suramin', 'Suramin', 'suramin', 'suramin', 'suramin', 'suramin', 'SID26752197', 'Suramin', 'Suramin', 'Suramin', 'Suramin', 'Suramin', 'suramin', 'Suramin', 'Suramine', 'Suramin', 'Suramin', 'Suramin', 'Suramin', 'Suramin', 'Suramin', 'Suramin', 'Suramin', 'Suramin', 'Suramin', 'Suramin', 'Suramin', 'Suramin', 'SID50104860', 'Suramin', 'Suramin', 'Suramin', 'Suramine', 'SID26756673', 'suramin', 'Suramin', 'Suramin', 'Suramin', 'Suramin', 'Suramin', 'Suramin', 'Suramin', 'Suramin', 'Suramin', 'Suramin', 'suramine', 'Suramin', 'Suramin', 'Suramin', 'Suramin', 'Suramin', 'Suramin', 'Suramin', 'Suramin', 'Suramin', 'Suramin', 'Suramin', 'Suramin', 'Suramin', 'Suramin', 'Suramin', 'Suramin', 'Suramin', 'Suramin', 'Suramine', 'Suramin', 'Suramin', 'Suramin', '8-[[4-methyl-3-[[3-[[3-[[2-methyl-5-[(4,6,8-trisulfo-1-naphthyl)carbamoyl]phenyl]carbamoyl]phenyl]carbamoylamino]benzoyl]amino]benzoyl]amino]naphthalene-1,3,5-trisulfonic acid', 'Suramin', 'Suramin', 'Suramin', 'Suramin', 'Suramin', 'Suramin', 'Suramin', 'Suramin', 'Suramin', 'Suramin', 'Suramin', 'Suramin', 'Suramin', 'Suramin', 'Suramin', 'C0237148', 'MMV637953', 'Suramin', 'Suramin', 'Suramin', 'Suramin', 'Suramin', 'Suramin', 'Suramin', 'Suramin', 'Suramin', 'Suramin', 'Suramin', 'Suramin', 'Suramin', 'Suramin', 'Suramin', 'Suramin', 'Suramin', 'Suramin', 'Suramin', 'Suramin', 'Suramin', 'Suramin', 'Suramin', 'Suramin', 'Suramin', 'suramin']"""
CHEMBL5196361,,,,,322.8,1,1,3.74,67.63,4.0,1.0,0.0,3.0,N,0.8,3.0,MOL,-1,23.0,-1.16,C18H15ClN4,Cn1cnc(-c2ccc(CN)cc2Cl)c1-c1ccc(C#N)cc1,MNXZGNNUAWVYEX-UHFFFAOYSA-N,"InChI=1S/C18H15ClN4/c1-23-11-22-17(15-7-4-13(10-21)8-16(15)19)18(23)14-5-2-12(9-20)3-6-14/h2-8,11H,10,21H2,1H3",False,-1,['8'],['4-(4-(4-(aminomethyl)-2-chlorophenyl)-1-methyl-1H-imidazol-5-yl)benzonitrile']
CHEMBL5204960,,,,,406.53,1,1,5.65,53.64,4.0,1.0,1.0,5.0,N,0.47,4.0,MOL,-1,31.0,-0.76,C27H26N4,Cc1cc(CNC2CC2)cc(C)c1-c1ncn(C)c1-c1ccc(C#N)c2ccccc12,IKPTXEMQIDLSIH-UHFFFAOYSA-N,"InChI=1S/C27H26N4/c1-17-12-19(15-29-21-9-10-21)13-18(2)25(17)26-27(31(3)16-30-26)24-11-8-20(14-28)22-6-4-5-7-23(22)24/h4-8,11-13,16,21,29H,9-10,15H2,1-3H3",False,-1,['30'],"['4-(4-(4-((cyclopropylamino)methyl)-2,6-dimethylphenyl)-1-methyl-1H-imidazol-5-yl)-1-naphthonitrile']"
CHEMBL5739997,,,,,459.95,1,3,2.97,135.56,9.0,2.0,0.0,4.0,N,0.47,4.0,MOL,-1,33.0,-1.33,C23H22ClN9,N#Cc1ccc(-c2cc(Cn3cnc4c(N)ncnc43)c(N3CCC[C@@H](N)C3)cn2)cc1Cl,GUGBRFFXRZXKLE-QGZVFWFLSA-N,"InChI=1S/C23H22ClN9/c24-18-6-14(3-4-15(18)8-25)19-7-16(20(9-28-19)32-5-1-2-17(26)11-32)10-33-13-31-21-22(27)29-12-30-23(21)33/h3-4,6-7,9,12-13,17H,1-2,5,10-11,26H2,(H2,27,29,30)/t17-/m1/s1",False,-1,['BDBM567806'],"['US11420970, Example 7']"
CHEMBL5987953,,,,,507.55,1,3,2.23,140.87,9.0,3.0,1.0,6.0,N,0.36,4.0,MOL,-1,37.0,-1.04,C25H27F2N9O,CNC(=O)CC1(N)CCCN(c2cnc(-c3ccc(F)c(F)c3)cc2Cn2cnc3c(N)ncnc32)C1,NECVTPJOXKGTGK-UHFFFAOYSA-N,"InChI=1S/C25H27F2N9O/c1-30-21(37)9-25(29)5-2-6-35(12-25)20-10-31-19(15-3-4-17(26)18(27)7-15)8-16(20)11-36-14-34-22-23(28)32-13-33-24(22)36/h3-4,7-8,10,13-14H,2,5-6,9,11-12,29H2,1H3,(H,30,37)(H2,28,32,33)",False,-1,['BDBM567871'],"['US11420970, Example 72']"
CHEMBL5772056,,,,,498.51,1,3,3.23,121.0,9.0,2.0,0.0,6.0,N,0.42,4.0,MOL,-1,36.0,-0.93,C24H25F3N8O,COc1ccc(-c2cc(Cn3cnc4c(N)ncnc43)c(N3CCC[C@](N)(C(F)F)C3)cn2)cc1F,FNVOPHQMLFXCMY-XMMPIXPASA-N,"InChI=1S/C24H25F3N8O/c1-36-19-4-3-14(7-16(19)25)17-8-15(10-35-13-33-20-21(28)31-12-32-22(20)35)18(9-30-17)34-6-2-5-24(29,11-34)23(26)27/h3-4,7-9,12-13,23H,2,5-6,10-11,29H2,1H3,(H2,28,31,32)/t24-/m1/s1",False,-1,['BDBM568103'],"['US11420970, Example 305']"
CHEMBL5920690,,,,,490.02,1,3,3.17,115.01,9.0,2.0,0.0,5.0,N,0.41,4.0,MOL,-1,35.0,-0.93,C25H28ClN9,Nc1nccc2c1ncn2Cc1cc(N2CCC2)ncc1N1CCCC(N)(c2cccc(Cl)n2)C1,DHWVIGDBNGLKNH-UHFFFAOYSA-N,"InChI=1S/C25H28ClN9/c26-21-5-1-4-20(32-21)25(28)7-2-9-34(15-25)19-13-30-22(33-10-3-11-33)12-17(19)14-35-16-31-23-18(35)6-8-29-24(23)27/h1,4-6,8,12-13,16H,2-3,7,9-11,14-15,28H2,(H2,27,29)",False,-1,['BDBM568063'],"['US11420970, Example 265']"
CHEMBL5774296,,,,,518.55,1,3,5.24,90.68,8.0,1.0,2.0,6.0,N,0.33,5.0,MOL,-1,38.0,-1.31,C27H25F3N8,Nc1nccc2c1ncn2Cc1cc(-c2ccc(F)cc2)ncc1N1CCC[C@H](c2ccn(C(F)F)n2)C1,RSXDJEVIJUJDRS-SFHVURJKSA-N,"InChI=1S/C27H25F3N8/c28-20-5-3-17(4-6-20)22-12-19(15-37-16-34-25-23(37)7-9-32-26(25)31)24(13-33-22)36-10-1-2-18(14-36)21-8-11-38(35-21)27(29)30/h3-9,11-13,16,18,27H,1-2,10,14-15H2,(H2,31,32)/t18-/m0/s1",False,-1,['BDBM568077'],"['US11420970, Example 279']"
CHEMBL5619072,,,,,404.47,1,1,3.01,86.54,8.0,1.0,0.0,5.0,N,0.69,3.0,MOL,-1,30.0,-1.2,C22H24N6O2,COc1cc2nc(C#N)nc(Nc3ccc(N4CCN(C)CC4)cc3)c2cc1OC,VEDLMTXNDFCUFX-UHFFFAOYSA-N,"InChI=1S/C22H24N6O2/c1-27-8-10-28(11-9-27)16-6-4-15(5-7-16)24-22-17-12-19(29-2)20(30-3)13-18(17)25-21(14-23)26-22/h4-7,12-13H,8-11H2,1-3H3,(H,24,25,26)",False,-1,['25'],"['6,7-Dimethoxy-4-((4-(4-methylpiperazin-1-yl)phenyl)amino)quinazoline-2-carbonitrile']"
CHEMBL5909782,,,,,545.57,1,3,4.2,124.66,9.0,2.0,1.0,6.0,N,0.33,5.0,MOL,-1,40.0,-1.18,C28H26F3N9,Nc1ncnc2c1ncn2Cc1cc(-c2ccc(F)c(F)c2)ncc1N1CCC[C@](N)([C@H](F)c2ccccn2)C1,WMFKDPPDJSCEPO-LEAFIULHSA-N,"InChI=1S/C28H26F3N9/c29-19-6-5-17(10-20(19)30)22-11-18(13-40-16-38-24-26(32)36-15-37-27(24)40)23(12-35-22)39-9-3-7-28(33,14-39)25(31)21-4-1-2-8-34-21/h1-2,4-6,8,10-12,15-16,25H,3,7,9,13-14,33H2,(H2,32,36,37)/t25-,28-/m1/s1",False,-1,['BDBM567890'],"['US11420970, Example 91']"
CHEMBL5898420,,,,,513.56,1,3,3.65,124.66,9.0,2.0,1.0,5.0,N,0.36,5.0,MOL,-1,38.0,-0.87,C27H25F2N9,Nc1ncnc2c1ncn2Cc1cc(-c2ccc(F)cc2)ncc1N1CCCC(N)(c2ccc(F)cn2)C1,JTPBSHLLODCFCH-UHFFFAOYSA-N,"InChI=1S/C27H25F2N9/c28-19-4-2-17(3-5-19)21-10-18(13-38-16-36-24-25(30)34-15-35-26(24)38)22(12-32-21)37-9-1-8-27(31,14-37)23-7-6-20(29)11-33-23/h2-7,10-12,15-16H,1,8-9,13-14,31H2,(H2,30,34,35)",False,-1,['BDBM567988'],"['US11420970, Example 189']"
CHEMBL5862327,,,,,516.5,1,3,2.72,132.0,9.0,3.0,1.0,6.0,N,0.33,4.0,MOL,-1,37.0,-0.76,C24H24F4N8O,Nc1ncnc2c1ncn2Cc1cc(-c2ccc(F)cc2F)ncc1N1CCC[C@](N)([C@@H](O)C(F)F)C1,UENCJGVXGSBJQG-GBXCKJPGSA-N,"InChI=1S/C24H24F4N8O/c25-14-2-3-15(16(26)7-14)17-6-13(9-36-12-34-19-22(29)32-11-33-23(19)36)18(8-31-17)35-5-1-4-24(30,10-35)20(37)21(27)28/h2-3,6-8,11-12,20-21,37H,1,4-5,9-10,30H2,(H2,29,32,33)/t20-,24+/m0/s1",False,-1,['BDBM567946'],"['US11420970, Example 147']"
CHEMBL5755056,,,,,542.6,1,6,3.6,137.55,10.0,2.0,1.0,6.0,N,0.33,5.0,MOL,-1,40.0,-1.09,C28H28F2N10,CCc1nccc([C@@]2(N)CCCN(c3cnc(-c4ccc(F)c(F)c4)cc3Cn3cnc4c(N)ncnc43)C2)n1,DGXQPGTYKAXXEJ-MUUNZHRXSA-N,"InChI=1S/C28H28F2N10/c1-2-24-33-8-6-23(38-24)28(32)7-3-9-39(14-28)22-12-34-21(17-4-5-19(29)20(30)10-17)11-18(22)13-40-16-37-25-26(31)35-15-36-27(25)40/h4-6,8,10-12,15-16H,2-3,7,9,13-14,32H2,1H3,(H2,31,35,36)/t28-/m1/s1",False,-1,['BDBM568049'],"['US11420970, Example 251::US11420970, Example 257']"
CHEMBL5562040,,,,,289.73,2,2,2.14,78.85,6.0,1.0,0.0,4.0,N,0.8,3.0,MOL,-1,20.0,-1.35,C13H12ClN5O,Nc1ncnc2c1ncn2CCOc1ccccc1Cl,FMYSDSNSFFJBCG-UHFFFAOYSA-N,"InChI=1S/C13H12ClN5O/c14-9-3-1-2-4-10(9)20-6-5-19-8-18-11-12(15)16-7-17-13(11)19/h1-4,7-8H,5-6H2,(H2,15,16,17)",False,-1,['11'],['9-(2-(2-chlorophenoxy)ethyl)-9H-purin-6-amine']
CHEMBL5591791,,,,,528.54,1,1,2.43,141.23,10.0,3.0,1.0,7.0,N,0.33,4.0,MOL,-1,38.0,-0.6,C25H27F3N8O2,COc1cc(F)c(-c2cc(Cn3cnc4c(N)ncnc43)c(N3CCC[C@](N)([C@H](O)CF)C3)cn2)cc1F,TWNVJXDHBHDUMQ-PXDATVDWSA-N,"InChI=1S/C25H27F3N8O2/c1-38-20-7-16(27)15(6-17(20)28)18-5-14(10-36-13-34-22-23(29)32-12-33-24(22)36)19(9-31-18)35-4-2-3-25(30,11-35)21(37)8-26/h5-7,9,12-13,21,37H,2-4,8,10-11,30H2,1H3,(H2,29,32,33)/t21-,25-/m1/s1",False,-1,['13'],"['(S)-1-((R)-3-amino-1-(4-((6-amino-9H-purin-9-yl)methyl)-6-(2,5-difluoro-4-methoxyphenyl)pyridin-3-yl)piperidin-3-yl)-2-fluoroethan-1-ol']"
CHEMBL1215331,PF-03882845,PF-03882845|PF-3882845,Small molecule,1.0,419.91,28,56,5.26,76.69,4.0,1.0,1.0,3.0,N,0.74,2.0,MOL,0,30.0,-0.68,C24H22ClN3O2,N#Cc1ccc(N2N=C3c4ccc(C(=O)O)cc4CC[C@@H]3[C@@H]2C2CCCC2)cc1Cl,XNULRSOGWPFPBL-REWPJTCUSA-N,"InChI=1S/C24H22ClN3O2/c25-21-12-18(8-5-17(21)13-26)28-23(14-3-1-2-4-14)20-10-6-15-11-16(24(29)30)7-9-19(15)22(20)27-28/h5,7-9,11-12,14,20,23H,1-4,6,10H2,(H,29,30)/t20-,23-/m0/s1",False,0,"['cis-27d', '2, PF-03882845', 'PF-03882845', '3S,3aR-27d, PF-3882845', 'PF-03882845', 'PF-03882845', 'EUB0002158a', 'PF-03882845', 'PF-03882845', '9; PF-03882845', 'EUB0002158a']","['(+/-)-(3SR,3aRS)-2-(3-Chloro-4-cyanophenyl)-3-cyclopentyl-3,3a,4,5-tetrahydro-2H-benzo[g]indazole-7-carboxylic Acid', '(3S,3aR)-2-(3-chloro-4-cyanophenyl)-3-cyclopentyl-3,3a,4,5-tetrahydro-2H-benzo[g]indazole-7-carboxylic acid', 'PF-03882845', '(3S,3aR)-2-(3-Chloro-4-cyanophenyl)-3-cyclopentyl-3,3a,4,5-tetrahydro-2H-benzo[g]indazole-7-carboxylic Acid', 'PF-03882845', 'PF-03882845', 'PF-03882845', 'PF-03882845', 'PF-03882845', '(3S,3aR)-2-(3-chloro-4-cyanophenyl)-3-cyclopentyl-3,3a,4,5-tetrahydro-2H-benzo[g]indazole-7-carboxylic acid', 'PF-03882845']"
CHEMBL5181659,,,,,452.56,1,1,6.74,79.94,5.0,1.0,1.0,3.0,N,0.37,4.0,MOL,-1,34.0,-1.0,C28H28N4O2,Cc1cc(NC(=O)OC(C)(C)C)cc(C)c1-c1ncn(C)c1-c1ccc(C#N)c2ccccc12,ZSUPDNGRHRHWEY-UHFFFAOYSA-N,"InChI=1S/C28H28N4O2/c1-17-13-20(31-27(33)34-28(3,4)5)14-18(2)24(17)25-26(32(6)16-30-25)23-12-11-19(15-29)21-9-7-8-10-22(21)23/h7-14,16H,1-6H3,(H,31,33)",False,-1,['26'],"['tert-butyl (4-(5-(4-cyanonaphthalen-1-yl)-1-methyl-1H-imidazol-4-yl)-3,5-dimethylphenyl)carbamate']"
CHEMBL5900770,,,,,514.54,1,3,3.04,137.55,10.0,2.0,1.0,5.0,N,0.36,5.0,MOL,-1,38.0,-1.11,C26H24F2N10,Nc1ncnc2c1ncn2Cc1cc(-c2ccc(F)c(F)c2)ncc1N1CCCC(N)(c2cnccn2)C1,DAXQKDSUPYDBKL-UHFFFAOYSA-N,"InChI=1S/C26H24F2N10/c27-18-3-2-16(8-19(18)28)20-9-17(12-38-15-36-23-24(29)34-14-35-25(23)38)21(10-33-20)37-7-1-4-26(30,13-37)22-11-31-5-6-32-22/h2-3,5-6,8-11,14-15H,1,4,7,12-13,30H2,(H2,29,34,35)",False,-1,['BDBM568057'],"['US11420970, Example 259']"
CHEMBL6036306,,,,,460.49,1,3,2.73,111.77,8.0,2.0,0.0,4.0,N,0.45,4.0,MOL,-1,34.0,-0.98,C24H22F2N8,C#C[C@@]1(N)CCCN(c2cnc(-c3ccc(F)c(F)c3)cc2Cn2cnc3c(N)ncnc32)C1,DNTICLPLUMTLSR-XMMPIXPASA-N,"InChI=1S/C24H22F2N8/c1-2-24(28)6-3-7-33(12-24)20-10-29-19(15-4-5-17(25)18(26)8-15)9-16(20)11-34-14-32-21-22(27)30-13-31-23(21)34/h1,4-5,8-10,13-14H,3,6-7,11-12,28H2,(H2,27,30,31)/t24-/m1/s1",False,-1,['BDBM568102'],"['US11420970, Example 304']"
CHEMBL5982480,,,,,534.57,1,3,2.7,138.07,10.0,2.0,1.0,6.0,N,0.38,4.0,MOL,-1,39.0,-0.82,C27H28F2N8O2,Nc1ncnc2c1ncn2Cc1cc(-c2ccc(F)c(F)c2)ncc1N1CCCC(N)(C(=O)C2CCOC2)C1,GAJWTFREOMYAPO-UHFFFAOYSA-N,"InChI=1S/C27H28F2N8O2/c28-19-3-2-16(8-20(19)29)21-9-18(11-37-15-35-23-25(30)33-14-34-26(23)37)22(10-32-21)36-6-1-5-27(31,13-36)24(38)17-4-7-39-12-17/h2-3,8-10,14-15,17H,1,4-7,11-13,31H2,(H2,30,33,34)",False,-1,['BDBM567910'],"['US11420970, Example 111']"
CHEMBL6044474,,,,,564.52,1,3,3.18,141.23,10.0,3.0,1.0,8.0,N,0.28,4.0,MOL,-1,40.0,-0.94,C25H25F5N8O2,Nc1ncnc2c1ncn2Cc1cc(-c2ccc(OC(F)F)c(F)c2)ncc1N1CCC[C@](N)([C@H](O)C(F)F)C1,MWTXNOKOEWEHGS-CJFMBICVSA-N,"InChI=1S/C25H25F5N8O2/c26-15-6-13(2-3-18(15)40-24(29)30)16-7-14(9-38-12-36-19-22(31)34-11-35-23(19)38)17(8-33-16)37-5-1-4-25(32,10-37)20(39)21(27)28/h2-3,6-8,11-12,20-21,24,39H,1,4-5,9-10,32H2,(H2,31,34,35)/t20-,25-/m1/s1",False,-1,['BDBM567915'],"['US11420970, Example 116']"
CHEMBL5806551,,,,,582.51,1,3,3.32,141.23,10.0,3.0,1.0,8.0,N,0.27,4.0,MOL,-1,41.0,-0.82,C25H24F6N8O2,Nc1ncnc2c1ncn2Cc1cc(-c2cc(F)c(OC(F)F)cc2F)ncc1N1CCC[C@](N)([C@@H](O)C(F)F)C1,OICNIWFEOUOBRQ-NBGIEHNGSA-N,"InChI=1S/C25H24F6N8O2/c26-14-6-18(41-24(30)31)15(27)5-13(14)16-4-12(8-39-11-37-19-22(32)35-10-36-23(19)39)17(7-34-16)38-3-1-2-25(33,9-38)20(40)21(28)29/h4-7,10-11,20-21,24,40H,1-3,8-9,33H2,(H2,32,35,36)/t20-,25+/m0/s1",False,-1,['BDBM567949'],"['US11420970, Example 150']"
CHEMBL6067694,,,,,349.39,2,3,2.89,76.38,5.0,2.0,0.0,3.0,N,0.76,3.0,MOL,-1,26.0,-0.48,C20H19N3O3,Cc1ccc(CO)cc1-c1ncn(C)c1-c1ccc2c(c1)OCC(=O)N2,GFIQDMKDUFQAHX-UHFFFAOYSA-N,"InChI=1S/C20H19N3O3/c1-12-3-4-13(9-24)7-15(12)19-20(23(2)11-21-19)14-5-6-16-17(8-14)26-10-18(25)22-16/h3-8,11,24H,9-10H2,1-2H3,(H,22,25)",False,-1,['12'],"['7-(4-(5-(Hydroxymethyl)-2-methylphenyl)-1-methyl-1H-imidazol-5-yl)-2H-benzo[b][1,4]oxazin-3(4H)-one']"
CHEMBL5559507,,,,,417.51,4,15,4.94,67.6,5.0,1.0,0.0,4.0,N,0.65,3.0,MOL,-1,31.0,-1.14,C25H27N3O3,Cc1ccc(CN2CCCCC2)cc1-c1noc(C)c1-c1ccc2c(c1)OCC(=O)N2,GCVYFXYBQCKHCH-UHFFFAOYSA-N,"InChI=1S/C25H27N3O3/c1-16-6-7-18(14-28-10-4-3-5-11-28)12-20(16)25-24(17(2)31-27-25)19-8-9-21-22(13-19)30-15-23(29)26-21/h6-9,12-13H,3-5,10-11,14-15H2,1-2H3,(H,26,29)",False,-1,['34'],"['7-(5-Methyl-3-(2-methyl-5-(piperidin-1-ylmethyl)phenyl)isoxazol-4-yl)-2H-benzo[b][1,4]oxazin-3(4H)-one']"
CHEMBL5527939,,,,,459.55,3,4,3.15,97.28,6.0,3.0,0.0,6.0,N,0.53,3.0,MOL,-1,34.0,-0.61,C26H29N5O3,Cc1cc(CNC[C@H]2CCCC(=O)N2)ccc1-c1ncn(C)c1-c1ccc2c(c1)OCC(=O)N2,IHCNPLSAPCQDEB-LJQANCHMSA-N,"InChI=1S/C26H29N5O3/c1-16-10-17(12-27-13-19-4-3-5-23(32)29-19)6-8-20(16)25-26(31(2)15-28-25)18-7-9-21-22(11-18)34-14-24(33)30-21/h6-11,15,19,27H,3-5,12-14H2,1-2H3,(H,29,32)(H,30,33)/t19-/m1/s1",False,-1,['26'],"['(R)-7-(1-methyl-4-(2-methyl-4-((((6-oxopiperidin-2-yl)methyl)amino)methyl)phenyl)-1H-imidazol-5-yl)-2H-benzo[b][1,4]oxazin-3(4H)-one']"
CHEMBL5783327,,,,,531.55,1,3,3.79,124.66,9.0,2.0,1.0,5.0,N,0.33,5.0,MOL,-1,39.0,-1.08,C27H24F3N9,Nc1ncnc2c1ncn2Cc1cc(-c2ccc(F)c(F)c2)ncc1N1CCC[C@](N)(c2cccc(F)n2)C1,RRTHHQKNOGTJLZ-HHHXNRCGSA-N,"InChI=1S/C27H24F3N9/c28-18-6-5-16(9-19(18)29)20-10-17(12-39-15-36-24-25(31)34-14-35-26(24)39)21(11-33-20)38-8-2-7-27(32,13-38)22-3-1-4-23(30)37-22/h1,3-6,9-11,14-15H,2,7-8,12-13,32H2,(H2,31,34,35)/t27-/m1/s1",False,-1,['BDBM567999'],"['US11420970, Example 201']"
CHEMBL5592107,,,,,491.68,2,2,5.19,73.65,7.0,1.0,1.0,9.0,N,0.48,2.0,MOL,-1,36.0,-1.04,C29H41N5O2,COc1cc2c(NC3CCN(C4CCCCC4)CC3)cc(C#N)nc2cc1OCCCN1CCCC1,BTRLPVFYRKCJIU-UHFFFAOYSA-N,"InChI=1S/C29H41N5O2/c1-35-28-19-25-26(31-22-10-15-34(16-11-22)24-8-3-2-4-9-24)18-23(21-30)32-27(25)20-29(28)36-17-7-14-33-12-5-6-13-33/h18-20,22,24H,2-17H2,1H3,(H,31,32)",False,-1,['30'],['4-((1-cyclohexylpiperidin-4-yl)amino)-6-methoxy-7-(3-(pyrrolidin-1-yl)propoxy)quinoline-2-carbonitrile']
CHEMBL5775222,,,,,545.57,1,3,3.87,124.66,9.0,2.0,1.0,6.0,N,0.31,5.0,MOL,-1,40.0,-1.08,C28H26F3N9,Nc1ncnc2c1ncn2Cc1cc(-c2ccc(F)c(F)c2)ncc1N1CCCC(N)(Cc2cccc(F)n2)C1,SPRGFVQMVFFNBI-UHFFFAOYSA-N,"InChI=1S/C28H26F3N9/c29-20-6-5-17(9-21(20)30)22-10-18(13-40-16-37-25-26(32)35-15-36-27(25)40)23(12-34-22)39-8-2-7-28(33,14-39)11-19-3-1-4-24(31)38-19/h1,3-6,9-10,12,15-16H,2,7-8,11,13-14,33H2,(H2,32,35,36)",False,-1,['BDBM567868'],"['US11420970, Example 69']"
CHEMBL5791245,,,,,532.6,1,3,3.85,128.84,9.0,2.0,1.0,6.0,N,0.38,4.0,MOL,-1,39.0,-0.91,C28H30F2N8O,Nc1ncnc2c1ncn2Cc1cc(-c2ccc(F)c(F)c2)ncc1N1CCCC(N)(C(=O)C2CCCC2)C1,RIPPIFFFRACCJO-UHFFFAOYSA-N,"InChI=1S/C28H30F2N8O/c29-20-7-6-18(10-21(20)30)22-11-19(13-38-16-36-24-26(31)34-15-35-27(24)38)23(12-33-22)37-9-3-8-28(32,14-37)25(39)17-4-1-2-5-17/h6-7,10-12,15-17H,1-5,8-9,13-14,32H2,(H2,31,34,35)",False,-1,['BDBM567899'],"['US11420970, Example 100']"
CHEMBL5792017,,,,,516.5,1,3,2.72,132.0,9.0,3.0,1.0,6.0,N,0.33,4.0,MOL,-1,37.0,-0.76,C24H24F4N8O,Nc1ncnc2c1ncn2Cc1cc(-c2ccc(F)cc2F)ncc1N1CCC[C@](N)([C@H](O)C(F)F)C1,UENCJGVXGSBJQG-HYBUGGRVSA-N,"InChI=1S/C24H24F4N8O/c25-14-2-3-15(16(26)7-14)17-6-13(9-36-12-34-19-22(29)32-11-33-23(19)36)18(8-31-17)35-5-1-4-24(30,10-35)20(37)21(27)28/h2-3,6-8,11-12,20-21,37H,1,4-5,9-10,30H2,(H2,29,32,33)/t20-,24-/m1/s1",False,-1,['BDBM567950'],"['US11420970, Example 151']"
CHEMBL5874976,,,,,462.53,1,3,2.98,121.0,9.0,2.0,0.0,5.0,N,0.46,4.0,MOL,-1,34.0,-0.83,C24H27FN8O,COc1ccc(-c2cc(Cn3cnc4c(N)ncnc43)c(N3CCC[C@@](C)(N)C3)cn2)cc1F,GYWOYWWKVOFNII-XMMPIXPASA-N,"InChI=1S/C24H27FN8O/c1-24(27)6-3-7-32(12-24)19-10-28-18(15-4-5-20(34-2)17(25)8-15)9-16(19)11-33-14-31-21-22(26)29-13-30-23(21)33/h4-5,8-10,13-14H,3,6-7,11-12,27H2,1-2H3,(H2,26,29,30)/t24-/m1/s1",False,-1,['BDBM567819'],"['US11420970, Example 20']"
CHEMBL6014505,,,,,578.03,1,3,4.31,133.89,10.0,2.0,1.0,6.0,N,0.28,5.0,MOL,-1,41.0,-0.98,C28H26ClF2N9O,COc1ccc(Cl)nc1[C@@]1(N)CCCN(c2cnc(-c3ccc(F)c(F)c3)cc2Cn2cnc3c(N)ncnc32)C1,OWSHHIHKOGUWQN-MUUNZHRXSA-N,"InChI=1S/C28H26ClF2N9O/c1-41-22-5-6-23(29)38-25(22)28(33)7-2-8-39(13-28)21-11-34-20(16-3-4-18(30)19(31)9-16)10-17(21)12-40-15-37-24-26(32)35-14-36-27(24)40/h3-6,9-11,14-15H,2,7-8,12-13,33H2,1H3,(H2,32,35,36)/t28-/m1/s1",False,-1,['BDBM568028'],"['US11420970, Example 230']"
CHEMBL5619815,,,,,353.43,1,1,2.56,83.3,7.0,1.0,0.0,5.0,N,0.88,2.0,MOL,-1,26.0,-0.93,C19H23N5O2,COc1cc2nc(C#N)nc(NC3CCN(C4CC4)CC3)c2cc1OC,NDXJGCAGCTXDRG-UHFFFAOYSA-N,"InChI=1S/C19H23N5O2/c1-25-16-9-14-15(10-17(16)26-2)22-18(11-20)23-19(14)21-12-5-7-24(8-6-12)13-3-4-13/h9-10,12-13H,3-8H2,1-2H3,(H,21,22,23)",False,-1,['30'],"['6,7-Dimethoxy-4-((1-cyclopropylpiperidin-4-yl)amino)quinazoline-2-carbonitrile']"
CHEMBL6051579,,,,,527.58,1,3,3.95,124.66,9.0,2.0,1.0,5.0,N,0.35,5.0,MOL,-1,39.0,-0.92,C28H27F2N9,Cc1cc([C@@]2(N)CCCN(c3cnc(-c4ccc(F)c(F)c4)cc3Cn3cnc4c(N)ncnc43)C2)ccn1,WXLYBCXMESUESE-MUUNZHRXSA-N,"InChI=1S/C28H27F2N9/c1-17-9-20(5-7-33-17)28(32)6-2-8-38(14-28)24-12-34-23(18-3-4-21(29)22(30)10-18)11-19(24)13-39-16-37-25-26(31)35-15-36-27(25)39/h3-5,7,9-12,15-16H,2,6,8,13-14,32H2,1H3,(H2,31,35,36)/t28-/m1/s1",False,-1,['BDBM568045'],"['US11420970, Example 247']"
CHEMBL5955963,,,,,496.98,1,3,3.26,121.0,9.0,2.0,0.0,6.0,N,0.42,4.0,MOL,-1,35.0,-0.93,C24H26ClFN8O,COC[C@@]1(N)CCCN(c2cnc(-c3ccc(F)c(Cl)c3)cc2Cn2cnc3c(N)ncnc32)C1,UKOSZBQLKHMNOY-XMMPIXPASA-N,"InChI=1S/C24H26ClFN8O/c1-35-12-24(28)5-2-6-33(11-24)20-9-29-19(15-3-4-18(26)17(25)7-15)8-16(20)10-34-14-32-21-22(27)30-13-31-23(21)34/h3-4,7-9,13-14H,2,5-6,10-12,28H2,1H3,(H2,27,30,31)/t24-/m1/s1",False,-1,['BDBM567827'],"['US11420970, Example 28']"
CHEMBL5993361,,,,,513.56,1,3,3.65,124.66,9.0,2.0,1.0,5.0,N,0.36,5.0,MOL,-1,38.0,-1.03,C27H25F2N9,Nc1ncnc2c1ncn2Cc1cc(-c2ccc(F)c(F)c2)ncc1N1CCCC(N)(c2cccnc2)C1,HORAHEIQVWPSDR-UHFFFAOYSA-N,"InChI=1S/C27H25F2N9/c28-20-5-4-17(9-21(20)29)22-10-18(13-38-16-36-24-25(30)34-15-35-26(24)38)23(12-33-22)37-8-2-6-27(31,14-37)19-3-1-7-32-11-19/h1,3-5,7,9-12,15-16H,2,6,8,13-14,31H2,(H2,30,34,35)",False,-1,['BDBM568069'],"['US11420970, Example 271']"
CHEMBL5962978,,,,,430.52,1,3,2.45,121.0,9.0,2.0,0.0,5.0,N,0.5,4.0,MOL,-1,32.0,-0.86,C23H26N8O,COc1ccc(-c2cc(Cn3cnc4c(N)ncnc43)c(N3CCC[C@@H](N)C3)cn2)cc1,JIIGABITHAISCG-QGZVFWFLSA-N,"InChI=1S/C23H26N8O/c1-32-18-6-4-15(5-7-18)19-9-16(20(10-26-19)30-8-2-3-17(24)12-30)11-31-14-29-21-22(25)27-13-28-23(21)31/h4-7,9-10,13-14,17H,2-3,8,11-12,24H2,1H3,(H2,25,27,28)/t17-/m1/s1",False,-1,['BDBM567810'],"['US11420970, Example 11']"
CHEMBL5968753,,,,,462.53,1,3,2.6,121.0,9.0,2.0,0.0,6.0,N,0.45,4.0,MOL,-1,34.0,-0.8,C24H27FN8O,COC[C@@]1(N)CCCN(c2cnc(-c3cccc(F)c3)cc2Cn2cnc3c(N)ncnc32)C1,ONDDZQBUDLRTPM-XMMPIXPASA-N,"InChI=1S/C24H27FN8O/c1-34-13-24(27)6-3-7-32(12-24)20-10-28-19(16-4-2-5-18(25)8-16)9-17(20)11-33-15-31-21-22(26)29-14-30-23(21)33/h2,4-5,8-10,14-15H,3,6-7,11-13,27H2,1H3,(H2,26,29,30)/t24-/m1/s1",False,-1,['BDBM567823'],"['US11420970, Example 24']"
CHEMBL5848456,,,,,454.58,1,3,3.49,111.77,8.0,2.0,0.0,5.0,N,0.47,4.0,MOL,-1,34.0,-0.7,C26H30N8,Cc1cccc(C2(N)CCCN(c3cnc(C4CC4)cc3Cn3cnc4c(N)nccc43)C2)n1,UJECJLMJBXTPOV-UHFFFAOYSA-N,"InChI=1S/C26H30N8/c1-17-4-2-5-23(32-17)26(28)9-3-11-33(15-26)22-13-30-20(18-6-7-18)12-19(22)14-34-16-31-24-21(34)8-10-29-25(24)27/h2,4-5,8,10,12-13,16,18H,3,6-7,9,11,14-15,28H2,1H3,(H2,27,29)",False,-1,['BDBM568061'],"['US11420970, Example 263']"
CHEMBL5823447,,,,,489.03,1,6,4.23,111.77,8.0,2.0,0.0,5.0,N,0.4,4.0,MOL,-1,35.0,-0.64,C26H29ClN8,Nc1nccc2c1ncn2Cc1cc(C2CCC2)ncc1N1CCCC(N)(c2cccc(Cl)n2)C1,XCSRZBMSLFIHML-UHFFFAOYSA-N,"InChI=1S/C26H29ClN8/c27-23-7-2-6-22(33-23)26(29)9-3-11-34(15-26)21-13-31-19(17-4-1-5-17)12-18(21)14-35-16-32-24-20(35)8-10-30-25(24)28/h2,6-8,10,12-13,16-17H,1,3-5,9,11,14-15,29H2,(H2,28,30)",False,-1,['BDBM568065'],"['US11420970, Example 267::US11420970, Example 268']"
CHEMBL5882358,,,,,516.56,1,3,2.99,129.59,10.0,2.0,1.0,6.0,N,0.35,5.0,MOL,-1,38.0,-1.38,C26H26F2N10,Nc1ncnc2c1ncn2Cc1cc(-c2ccc(F)c(F)c2)ncc1N1CCC[C@@H](N)[C@@H]1Cn1cccn1,LCWKRPIOOKKOBC-OFNKIYASSA-N,"InChI=1S/C26H26F2N10/c27-18-5-4-16(9-19(18)28)21-10-17(12-36-15-34-24-25(30)32-14-33-26(24)36)22(11-31-21)38-8-1-3-20(29)23(38)13-37-7-2-6-35-37/h2,4-7,9-11,14-15,20,23H,1,3,8,12-13,29H2,(H2,30,32,33)/t20-,23+/m1/s1",False,-1,['BDBM568094'],"['US11420970, Example 296']"
CHEMBL5757864,,,,,534.49,1,6,3.02,132.0,9.0,3.0,1.0,5.0,N,0.33,4.0,MOL,-1,38.0,-0.9,C24H23F5N8O,Nc1ncnc2c1ncn2Cc1cc(-c2ccc(F)c(F)c2)ncc1N1CCC[C@](N)([C@H](O)C(F)(F)F)C1,HALGWYFQGMHNJR-XZOQPEGZSA-N,"InChI=1S/C24H23F5N8O/c25-15-3-2-13(6-16(15)26)17-7-14(9-37-12-35-19-20(30)33-11-34-21(19)37)18(8-32-17)36-5-1-4-23(31,10-36)22(38)24(27,28)29/h2-3,6-8,11-12,22,38H,1,4-5,9-10,31H2,(H2,30,33,34)/t22-,23+/m0/s1",False,-1,['BDBM568096'],"['US11420970, Example 298::US11420970, Example 299']"
CHEMBL5805841,,,,,496.54,1,3,3.86,111.77,8.0,2.0,0.0,6.0,N,0.42,4.0,MOL,-1,36.0,-0.81,C25H27F3N8,C[C@@H]1CN(c2cnc(-c3ccc(F)cc3)cc2Cn2cnc3c(N)ncnc32)C[C@@](N)(CC(F)F)C1,QIRXUANSYDMCGC-MQNRADLISA-N,"InChI=1S/C25H27F3N8/c1-15-7-25(30,8-21(27)28)12-35(10-15)20-9-31-19(16-2-4-18(26)5-3-16)6-17(20)11-36-14-34-22-23(29)32-13-33-24(22)36/h2-6,9,13-15,21H,7-8,10-12,30H2,1H3,(H2,29,32,33)/t15-,25-/m0/s1",False,-1,['BDBM568105'],"['US11420970, Example 307']"
CHEMBL5943140,,,,,552.05,1,3,3.67,141.96,11.0,2.0,2.0,5.0,N,0.31,6.0,MOL,-1,40.0,-1.1,C28H26ClN11,Nc1ncnc2c1ncn2Cc1cc(-c2ccc3nccn3c2)ncc1N1CCCC(N)(c2cccc(Cl)n2)C1,HOERZPAXLMNVBU-UHFFFAOYSA-N,"InChI=1S/C28H26ClN11/c29-23-4-1-3-22(37-23)28(31)7-2-9-39(15-28)21-12-33-20(18-5-6-24-32-8-10-38(24)13-18)11-19(21)14-40-17-36-25-26(30)34-16-35-27(25)40/h1,3-6,8,10-13,16-17H,2,7,9,14-15,31H2,(H2,30,34,35)",False,-1,['BDBM568008'],"['US11420970, Example 210']"
CHEMBL6052738,,,,,507.55,1,3,2.18,132.08,9.0,2.0,1.0,5.0,N,0.42,4.0,MOL,-1,37.0,-1.08,C25H27F2N9O,CN(C)C(=O)[C@@H]1[C@H](N)CCCN1c1cnc(-c2ccc(F)c(F)c2)cc1Cn1cnc2c(N)ncnc21,GBHLVFCGDXRFRE-GCJKJVERSA-N,"InChI=1S/C25H27F2N9O/c1-34(2)25(37)22-18(28)4-3-7-36(22)20-10-30-19(14-5-6-16(26)17(27)8-14)9-15(20)11-35-13-33-21-23(29)31-12-32-24(21)35/h5-6,8-10,12-13,18,22H,3-4,7,11,28H2,1-2H3,(H2,29,31,32)/t18-,22+/m1/s1",False,-1,['BDBM568115'],"['US11420970, Example 317']"
CHEMBL6053828,,,,,544.99,1,3,3.1,141.23,10.0,3.0,1.0,7.0,N,0.32,4.0,MOL,-1,38.0,-0.68,C25H27ClF2N8O2,COc1ccc(-c2cc(Cn3cnc4c(N)ncnc43)c(N3CCC[C@](N)([C@@H](O)C(F)F)C3)cn2)cc1Cl,HAUUVFIKNSTTCL-SQJMNOBHSA-N,"InChI=1S/C25H27ClF2N8O2/c1-38-19-4-3-14(7-16(19)26)17-8-15(10-36-13-34-20-23(29)32-12-33-24(20)36)18(9-31-17)35-6-2-5-25(30,11-35)21(37)22(27)28/h3-4,7-9,12-13,21-22,37H,2,5-6,10-11,30H2,1H3,(H2,29,32,33)/t21-,25+/m0/s1",False,-1,['BDBM567920'],"['US11420970, Example 121']"
CHEMBL5985357,,,,,529.56,1,3,2.94,144.63,9.0,3.0,1.0,5.0,N,0.32,5.0,MOL,-1,39.0,-0.95,C27H25F2N9O,Nc1ncnc2c1ncn2Cc1cc(-c2ccc(F)c(F)c2)ncc1N1CCC[C@](N)(c2ccc[nH]c2=O)C1,SWPIWAAALQIMPE-HHHXNRCGSA-N,"InChI=1S/C27H25F2N9O/c28-19-5-4-16(9-20(19)29)21-10-17(12-38-15-36-23-24(30)34-14-35-25(23)38)22(11-33-21)37-8-2-6-27(31,13-37)18-3-1-7-32-26(18)39/h1,3-5,7,9-11,14-15H,2,6,8,12-13,31H2,(H,32,39)(H2,30,34,35)/t27-/m1/s1",False,-1,['BDBM568070'],"['US11420970, Example 272']"
CHEMBL6051868,,,,,498.51,1,3,3.19,121.0,9.0,2.0,0.0,7.0,N,0.4,4.0,MOL,-1,36.0,-0.93,C24H25F3N8O,Nc1ncnc2c1ncn2Cc1cc(-c2cccc(F)c2)ncc1N1CCC[C@](N)(COC(F)F)C1,PMLLNTUYYIWNCY-XMMPIXPASA-N,"InChI=1S/C24H25F3N8O/c25-17-4-1-3-15(7-17)18-8-16(10-35-14-33-20-21(28)31-13-32-22(20)35)19(9-30-18)34-6-2-5-24(29,11-34)12-36-23(26)27/h1,3-4,7-9,13-14,23H,2,5-6,10-12,29H2,(H2,28,31,32)/t24-/m1/s1",False,-1,['BDBM567839'],"['US11420970, Example 40']"
CHEMBL5918797,,,,,534.49,1,3,3.02,132.0,9.0,3.0,1.0,5.0,N,0.33,4.0,MOL,-1,38.0,-0.72,C24H23F5N8O,Nc1ncnc2c1ncn2Cc1cc(-c2ccc(F)c(F)c2)ncc1N1CCC[C@@H](N)[C@H]1C(O)C(F)(F)F,FIHONNHTLHRHPU-DPVFXHEMSA-N,"InChI=1S/C24H23F5N8O/c25-14-4-3-12(6-15(14)26)17-7-13(9-36-11-35-19-22(31)33-10-34-23(19)36)18(8-32-17)37-5-1-2-16(30)20(37)21(38)24(27,28)29/h3-4,6-8,10-11,16,20-21,38H,1-2,5,9,30H2,(H2,31,33,34)/t16-,20+,21?/m1/s1",False,-1,['BDBM568114'],"['US11420970, Example 316']"
CHEMBL5783183,,,,,546.53,1,3,2.73,141.23,10.0,3.0,1.0,7.0,N,0.3,4.0,MOL,-1,39.0,-0.61,C25H26F4N8O2,COc1c(F)cc(-c2cc(Cn3cnc4c(N)ncnc43)c(N3CCC[C@](N)([C@H](O)C(F)F)C3)cn2)cc1F,QCLRHWIBLZTQTA-PXDATVDWSA-N,"InChI=1S/C25H26F4N8O2/c1-39-20-15(26)5-13(6-16(20)27)17-7-14(9-37-12-35-19-23(30)33-11-34-24(19)37)18(8-32-17)36-4-2-3-25(31,10-36)21(38)22(28)29/h5-8,11-12,21-22,38H,2-4,9-10,31H2,1H3,(H2,30,33,34)/t21-,25-/m1/s1",False,-1,['BDBM567963'],"['US11420970, Example 164']"
CHEMBL6036359,,,,,461.48,1,3,2.47,135.56,9.0,2.0,0.0,4.0,N,0.47,4.0,MOL,-1,34.0,-1.26,C23H21F2N9,N#CC1CCN(c2cnc(-c3ccc(F)c(F)c3)cc2Cn2cnc3c(N)ncnc32)CC1N,SFTMCBNTGUJKSK-UHFFFAOYSA-N,"InChI=1S/C23H21F2N9/c24-16-2-1-13(5-17(16)25)19-6-15(9-34-12-32-21-22(28)30-11-31-23(21)34)20(8-29-19)33-4-3-14(7-26)18(27)10-33/h1-2,5-6,8,11-12,14,18H,3-4,9-10,27H2,(H2,28,30,31)",False,-1,['BDBM567817'],"['US11420970, Example 18']"
CHEMBL5861904,,,,,541.61,1,3,4.04,124.66,9.0,2.0,1.0,6.0,N,0.33,5.0,MOL,-1,40.0,-1.16,C29H29F2N9,Cc1cccc(C[C@@]2(N)CCCN(c3cnc(-c4ccc(F)c(F)c4)cc3Cn3cnc4c(N)ncnc43)C2)n1,XFEARXFCEJNXRF-LJAQVGFWSA-N,"InChI=1S/C29H29F2N9/c1-18-4-2-5-21(38-18)12-29(33)8-3-9-39(15-29)25-13-34-24(19-6-7-22(30)23(31)10-19)11-20(25)14-40-17-37-26-27(32)35-16-36-28(26)40/h2,4-7,10-11,13,16-17H,3,8-9,12,14-15,33H2,1H3,(H2,32,35,36)/t29-/m0/s1",False,-1,['BDBM567854'],"['US11420970, Example 55']"
CHEMBL5986329,,,,,561.64,1,3,3.5,132.08,9.0,2.0,1.0,5.0,N,0.38,4.0,MOL,-1,41.0,-1.06,C29H33F2N9O,CC1CCCCN1C(=O)C1(N)CCCN(c2cnc(-c3ccc(F)c(F)c3)cc2Cn2cnc3c(N)ncnc32)C1,GJSQTKUYSJUOKI-UHFFFAOYSA-N,"InChI=1S/C29H33F2N9O/c1-18-5-2-3-10-40(18)28(41)29(33)8-4-9-38(15-29)24-13-34-23(19-6-7-21(30)22(31)11-19)12-20(24)14-39-17-37-25-26(32)35-16-36-27(25)39/h6-7,11-13,16-18H,2-5,8-10,14-15,33H2,1H3,(H2,32,35,36)",False,-1,['BDBM567886'],"['US11420970, Example 87']"
CHEMBL5836309,,,,,582.51,1,3,3.32,141.23,10.0,3.0,1.0,8.0,N,0.27,4.0,MOL,-1,41.0,-0.82,C25H24F6N8O2,Nc1ncnc2c1ncn2Cc1cc(-c2cc(F)c(OC(F)F)cc2F)ncc1N1CCC[C@](N)([C@H](O)C(F)F)C1,OICNIWFEOUOBRQ-CJFMBICVSA-N,"InChI=1S/C25H24F6N8O2/c26-14-6-18(41-24(30)31)15(27)5-13(14)16-4-12(8-39-11-37-19-22(32)35-10-36-23(19)39)17(7-34-16)38-3-1-2-25(33,9-38)20(40)21(28)29/h4-7,10-11,20-21,24,40H,1-3,8-9,33H2,(H2,32,35,36)/t20-,25-/m1/s1",False,-1,['BDBM567927'],"['US11420970, Example 128']"
CHEMBL5986779,,,,,508.61,1,3,4.42,111.77,8.0,2.0,1.0,5.0,N,0.36,5.0,MOL,-1,38.0,-0.96,C29H29FN8,Cc1cccc([C@@]2(N)CCCN(c3cnc(-c4ccc(F)cc4)cc3Cn3cnc4c(N)nccc43)C2)n1,ZEIPMJNFQMCDSC-GDLZYMKVSA-N,"InChI=1S/C29H29FN8/c1-19-4-2-5-26(36-19)29(32)11-3-13-37(17-29)25-15-34-23(20-6-8-22(30)9-7-20)14-21(25)16-38-18-35-27-24(38)10-12-33-28(27)31/h2,4-10,12,14-15,18H,3,11,13,16-17,32H2,1H3,(H2,31,33)/t29-/m1/s1",False,-1,['BDBM568059'],"['US11420970, Example 261']"
CHEMBL5824592,,,,,450.45,1,3,2.25,128.84,8.0,2.0,0.0,4.0,N,0.49,4.0,MOL,-1,33.0,-1.18,C22H20F2N8O,Nc1ncnc2c1ncn2Cc1cc(-c2ccc(F)c(F)c2)ncc1N1C[C@H](N)CCC1=O,WRJBZMDTUCDREH-CQSZACIVSA-N,"InChI=1S/C22H20F2N8O/c23-15-3-1-12(5-16(15)24)17-6-13(8-31-11-30-20-21(26)28-10-29-22(20)31)18(7-27-17)32-9-14(25)2-4-19(32)33/h1,3,5-7,10-11,14H,2,4,8-9,25H2,(H2,26,28,29)/t14-/m1/s1",False,-1,['BDBM568123'],"['US11420970, Example 325']"
CHEMBL5899332,,,,,436.47,1,3,2.53,111.77,8.0,2.0,0.0,4.0,N,0.51,4.0,MOL,-1,32.0,-0.96,C22H22F2N8,Nc1ncnc2c1ncn2Cc1cc(-c2ccccc2F)ncc1N1CC[C@@H](F)[C@@H](N)C1,PPPTUZCFYQZPAA-SJORKVTESA-N,"InChI=1S/C22H22F2N8/c23-15-4-2-1-3-14(15)18-7-13(9-32-12-30-20-21(26)28-11-29-22(20)32)19(8-27-18)31-6-5-16(24)17(25)10-31/h1-4,7-8,11-12,16-17H,5-6,9-10,25H2,(H2,26,28,29)/t16-,17+/m1/s1",False,-1,['BDBM567698'],"['US11420970, Example 2']"
CHEMBL5993951,,,,,475.51,1,3,3.01,135.56,9.0,2.0,0.0,5.0,N,0.45,4.0,MOL,-1,35.0,-1.01,C24H23F2N9,N#CCC1(N)CCCN(c2cnc(-c3ccc(F)c(F)c3)cc2Cn2cnc3c(N)ncnc32)C1,AKAGOZYDVDBEDJ-UHFFFAOYSA-N,"InChI=1S/C24H23F2N9/c25-17-3-2-15(8-18(17)26)19-9-16(11-35-14-33-21-22(28)31-13-32-23(21)35)20(10-30-19)34-7-1-4-24(29,12-34)5-6-27/h2-3,8-10,13-14H,1,4-5,7,11-12,29H2,(H2,28,31,32)",False,-1,['BDBM567876'],"['US11420970, Example 77']"
CHEMBL6055973,,,,,563.61,1,3,2.39,150.1,10.0,3.0,1.0,6.0,N,0.32,4.0,MOL,-1,41.0,-0.96,C28H31F2N9O2,Nc1ncnc2c1ncn2Cc1cc(-c2ccc(F)c(F)c2)ncc1N1CCC[C@](N)(C(=O)NC2CCOCC2)C1,BWPOKCVRRPKLTO-MUUNZHRXSA-N,"InChI=1S/C28H31F2N9O2/c29-20-3-2-17(10-21(20)30)22-11-18(13-39-16-36-24-25(31)34-15-35-26(24)39)23(12-33-22)38-7-1-6-28(32,14-38)27(40)37-19-4-8-41-9-5-19/h2-3,10-12,15-16,19H,1,4-9,13-14,32H2,(H,37,40)(H2,31,34,35)/t28-/m1/s1",False,-1,['BDBM567881'],"['US11420970, Example 82']"
CHEMBL5795989,,,,,518.57,1,3,3.46,128.84,9.0,2.0,1.0,6.0,N,0.4,4.0,MOL,-1,38.0,-0.92,C27H28F2N8O,Nc1ncnc2c1ncn2Cc1cc(-c2ccc(F)c(F)c2)ncc1N1CCCC(N)(C(=O)C2CCC2)C1,WWDGQXIVRMHWTR-UHFFFAOYSA-N,"InChI=1S/C27H28F2N8O/c28-19-6-5-17(9-20(19)29)21-10-18(12-37-15-35-23-25(30)33-14-34-26(23)37)22(11-32-21)36-8-2-7-27(31,13-36)24(38)16-3-1-4-16/h5-6,9-11,14-16H,1-4,7-8,12-13,31H2,(H2,30,33,34)",False,-1,['BDBM567904'],"['US11420970, Example 105']"
CHEMBL6037787,,,,,564.52,1,3,3.18,141.23,10.0,3.0,1.0,8.0,N,0.28,4.0,MOL,-1,40.0,-0.87,C25H25F5N8O2,Nc1ncnc2c1ncn2Cc1cc(-c2ccc(OC(F)F)cc2F)ncc1N1CCC[C@](N)([C@@H](O)C(F)F)C1,VXPKMDVRDJGJHP-NBGIEHNGSA-N,"InChI=1S/C25H25F5N8O2/c26-16-7-14(40-24(29)30)2-3-15(16)17-6-13(9-38-12-36-19-22(31)34-11-35-23(19)38)18(8-33-17)37-5-1-4-25(32,10-37)20(39)21(27)28/h2-3,6-8,11-12,20-21,24,39H,1,4-5,9-10,32H2,(H2,31,34,35)/t20-,25+/m0/s1",False,-1,['BDBM567937'],"['US11420970, Example 138']"
CHEMBL5769388,,,,,531.0,1,3,3.56,137.55,10.0,2.0,1.0,5.0,N,0.33,5.0,MOL,-1,38.0,-0.85,C26H24ClFN10,Nc1ncnc2c1ncn2Cc1cc(-c2ccc(F)cn2)ncc1N1CCC[C@](N)(c2cccc(Cl)n2)C1,YRLVDPORXLXHRK-AREMUKBSSA-N,"InChI=1S/C26H24ClFN10/c27-22-4-1-3-21(36-22)26(30)7-2-8-37(13-26)20-11-32-19(18-6-5-17(28)10-31-18)9-16(20)12-38-15-35-23-24(29)33-14-34-25(23)38/h1,3-6,9-11,14-15H,2,7-8,12-13,30H2,(H2,29,33,34)/t26-/m1/s1",False,-1,['BDBM567995'],"['US11420970, Example 196']"
CHEMBL4297611,VENGLUSTAT,GENZ-682452|GZ-402671|GZ/SAR-402671|GZ/SAR402671|GZ402671|Genz-682452-AA|IBIGLUSTAT|SAR-402671|SAR402671|VENGLUSTAT,Small molecule,3.0,389.5,40,139,4.0,54.46,5.0,1.0,0.0,4.0,N,0.86,2.0,MOL,0,27.0,-0.93,C20H24FN3O2S,CC(C)(NC(=O)O[C@@H]1CN2CCC1CC2)c1csc(-c2ccc(F)cc2)n1,YFHRCLAKZBDRHN-MRXNPFEDSA-N,"InChI=1S/C20H24FN3O2S/c1-20(2,17-12-27-18(22-17)14-3-5-15(21)6-4-14)23-19(25)26-16-11-24-9-7-13(16)8-10-24/h3-6,12-13,16H,7-11H2,1-2H3,(H,23,25)/t16-/m1/s1",False,0,"['VENGLUSTAT', 'VENGLUSTAT', 'Venglustat', 'COVC-3907228653', 'Venglustat', '3; YD206', '3; YD-206', 'Venglustat', 'VENGLUSTAT']","['VENGLUSTAT', 'VENGLUSTAT', 'Venglustat', 'VENGLUSTAT', 'Venglustat', 'Venglustat; (S)-Quinuclidin-3-yl (2-(2-(4-Fluorophenyl)thiazol-4-yl)-propan-2-yl)carbamate', '(S)-Quinuclidin-3-yl (2-(2-(4-fluorophenyl)thiazol-4-yl)-propan-2-yl)carbamate; Venglustat', 'Venglustat', 'VENGLUSTAT']"
CHEMBL58,MITOXANTRONE,MISOSTOL|MITOXANTRONA|MITOXANTRONE|NSC-279836,Small molecule,4.0,444.49,378,1864,-0.14,163.18,10.0,8.0,1.0,12.0,N,0.14,2.0,MOL,0,32.0,0.22,C22H28N4O6,O=C1c2c(O)ccc(O)c2C(=O)c2c(NCCNCCO)ccc(NCCNCCO)c21,KKZJGLLVHKMTCM-UHFFFAOYSA-N,"InChI=1S/C22H28N4O6/c27-11-9-23-5-7-25-13-1-2-14(26-8-6-24-10-12-28)18-17(13)21(31)19-15(29)3-4-16(30)20(19)22(18)32/h1-4,23-30H,5-12H2",False,0,"['4', 'Mitoxantrone', 'Mitoxantrone', 'MX', '2 (mitoxantrone)', 'Mx (Mitoxantrone)', 'mitoxantrone', 'Mitoxantrone', '2', 'Mitoxantrone', 'MITOXANTRONE', 'DHAD', 'Mitoxantrone (DHAQ)', 'NSC301739', 'Mitoxantrone', 'Mitoxantrone', 'MX', 'Mitoxantrone', '5 (mitoxantrone)', 'Mitoxantrone', 'mitoxantrone', 'MTXN', '30 (nitroxantrone)', 'Mitoxantrone', 'mitoxantrone', 'Mitoxantrone (Mx)', 'Mitoxantrone', 'mitoxantrone', 'MTX, NOVANTRONE', 'MITOXANTRONE', '30', 'SID90341083', '12', 'Mitoxantrone', 'MITOXANTRONE', 'MX, mitoxantrone', 'Mitoxantrone', 'NCGC00094116-01', 'Mitoxantrone', 'Mitoxantrone', 'Mitoxantrone', 'MITO', 'Mitoxantrone', 'Mitoxantrone', 'MX (Mitoxantrone)', 'mitoxantrone', 'Mitox', 'Mitoxantrone', 'NCI 301739', 'Mitoxantrone', 'Mitoxantrone', 'Mitoxantrone', 'Mitoxantrone', 'Mit', 'mitoxantrone', 'mitoxanthrone', 'Mitoxantrone', '1', 'mitoxantrone', 'Mitoxantrone', 'Mitoxantrone', 'Mitoxantrone', 'MITOXANTRONE', 'mitoxantrone', 'MITOXANTRONE', 'mitoxantrone', '39', '3', 'MX', 'mitoxantrone', 'mitoxantrone', 'Mitoxantrone', 'MITOXANTRONE', 'Mx', 'Mitoxantrone', 'Mitoxantrone', 'Mitoxantrone', 'SID92763439', 'MX', 'Mitoxantrone', 'Mitoxantrone', 'Mito', 'Mitoxantrone', 'Mitoxantrone', 'Mitoxantrone', 'Mitoxantrone', 'Mitoxantrone', 'SID50111146', 'Mitoxantrone', 'Mitoxantrone (Mx)', 'Mitoxantrone', 'Mitoxantrone', 'MX', 'Mitoxantrone', 'Mitoxantrone', 'Mx', '1a', '2', 'mitoxantrone', 'Mitoxantrone', '2 (mitoxantrone)', 'MITOXANTRONE', 'Mitoxantrone', 'Mitoxantrone', 'mitoxantrone', 'mitoxantrone', 'mitoxantrone', 'Mitoxantrone', 'mitoxantrone', 'Mitoxantrone', '1b (mitoxantrone)', 'mitoxantrone', 'mitoxantrone', 'MX, mitoxantrone', 'Mitoxantrone', 'Mitoxantrone', 'Mitoxantrone', 'Mitoxantrone', 'mitoxantrone', 'MX, mitoxantrone', 'Mitoxantrone', 'Mitoxantrone', 'Mitoxantrone', 'Mitoxantrone', 'mitoxantrone', 'mitoxantrone', 'MTX', 'mitoxantrone', 'Mitoxantrone', 'mitoxantrone', 'Mitoxantrone', 'Mitoxantrone', 'Mitoxantrone', 'Mitoxantrone', 'SID11111482', 'mitoxantrone', 'SID162108252', 'Mitoxantrone', 'Mitoxantrone', '223', 'Mitoxantrone', 'mitoxantrone', 'mitoxantrone', 'mitoxantrone', 'SID85856281', 'MX', 'Mitoxantrone', 'Mitoxantrone', 'Mitoxantrone', 'Mitoxantrone', '1', 'SID11111483', 'Mitoxantrone', 'Mitoxantrone', 'mitoxantrone', 'MITOXANTRONE', '2', 'SID142727', 'MITOXANTRONE', 'Mitoxantrone', 'Mitoxantrone', 'Mitoxantrone', 'Mitoxantrone', 'Mitoxantrone', 'Mitoxantrone', 'Mitoxantrone', 'Mitoxantrone', 'Mitoxantrone', 'Mitoxantrone', 'mitoxantrone', 'Mitoxantrone', 'Mitoxantrone', 'Table S1, R142C2', 'Mitoxantrone', 'Mitoxantrone', 'Mitoxantrone', 'MITO', 'BA1000429', 'Mitoxantrone', 'MTZ', 'Mitoxantrone', 'Mitoxantrone', 'Mito', 'Mitoxantrone', 'COVC-3361777244', '3', 'Mitoxantrone', '2', 'Mitoxantrone', 'Mitoxantrone', 'Fig 1, B-3', 'Mitoxantrone', 'Mitoxantrone', 'mitoxantrone', 'Mitoxantrone', 'MITOXANTRONE', 'EOS101546', 'Mitoxantrone', 'Mitoxantrone', '133', '202a; MTX', 'MX', 'MITOXANTRONE']","['3-(2-Hydroxy-ethylamino)-N-{4-[3-(2-hydroxy-ethylamino)-propionylamino]-9,10-dioxo-9,10-dihydro-anthracen-1-yl}-propionamide', '1,4-Dihydroxy-5,8-bis-[2-(2-hydroxy-ethylamino)-ethylamino]-anthraquinone', '1,4-Dihydroxy-5,8-bis-[2-(2-hydroxy-ethylamino)-ethylamino]-anthraquinone', '1,4-Dihydroxy-5,8-bis-[2-(2-hydroxy-ethylamino)-ethylamino]-anthraquinone', '1,4-Dihydroxy-5,8-bis-[2-(2-hydroxy-ethylamino)-ethylamino]-anthraquinone', '1,4-Dihydroxy-5,8-bis-[2-(2-hydroxy-ethylamino)-ethylamino]-anthraquinone', '1,4-Dihydroxy-5,8-bis-[2-(2-hydroxy-ethylamino)-ethylamino]-anthraquinone (mitoxantrone)', '1,4-Dihydroxy-5,8-bis-[2-(2-hydroxy-ethylamino)-ethylamino]-anthraquinone', '1,4-Dihydroxy-5,8-bis-[2-(2-hydroxy-ethylamino)-ethylamino]-anthraquinone', '1,4-Dihydroxy-5,8-bis-[2-(2-hydroxy-ethylamino)-ethylamino]-anthraquinone', 'MITOXANTRONE', '1,4-Dihydroxy-5,8-bis-[2-(2-hydroxy-ethylamino)-ethylamino]-anthraquinone', '1,4-Dihydroxy-5,8-bis-[2-(2-hydroxy-ethylamino)-ethylamino]-anthraquinone', 'Mitoxantrone', '1,4-Dihydroxy-5,8-bis-[2-(2-hydroxy-ethylamino)-ethylamino]-anthraquinone', '(mitoxantrone)1,4-Dihydroxy-5,8-bis-[2-(2-hydroxy-ethylamino)-ethylamino]-anthraquinone', 'Mitoxantrone', '1,4-Dihydroxy-5,8-bis-[2-(2-hydroxy-ethylamino)-ethylamino]-anthraquinone', '1,4-Dihydroxy-5,8-bis-[2-(2-hydroxy-ethylamino)-ethylamino]-anthraquinone (mitoxantrone)', '1,4-Dihydroxy-5,8-bis-[2-(2-hydroxy-ethylamino)-ethylamino]-anthraquinone', '1,4-Dihydroxy-5,8-bis-[2-(2-hydroxy-ethylamino)-ethylamino]-anthraquinone', '1,4-Dihydroxy-5,8-bis-[2-(2-hydroxy-ethylamino)-ethylamino]-anthraquinone', '1,4-Dihydroxy-5,8-bis-[2-(2-hydroxy-ethylamino)-ethylamino]-anthraquinone', 'Mitoxantrone', '1,4-Dihydroxy-5,8-bis-[2-(2-hydroxy-ethylamino)-ethylamino]-anthraquinone', '1,4-Dihydroxy-5,8-bis-[2-(2-hydroxy-ethylamino)-ethylamino]-anthraquinone', 'Mitoxantrone', '1,4-Dihydroxy-5,8-bis-[2-(2-hydroxy-ethylamino)-ethylamino]-anthraquinone', 'Mitoxantrone', 'MITOXANTRONE', 'Mitoxanthrone', 'SID90341083', 'Mitoxantrone', 'Mitoxantrone', 'Mitoxantrone', '1,4-dihydroxy-5,8-bis(2-(2-hydroxyethylamino)ethylamino)anthracene-9,10-dione', 'Mitoxantrone', 'Mitoxantrone', 'Mitoxantrone', 'Mitoxantrone', 'Mitoxantrone', 'Mitoxantrone', 'Mitoxantrone', 'Mitoxantrone', '1,4-Dihydroxy-5,8-bis-[2-(2-hydroxy-ethylamino)-ethylamino]-anthraquinone', 'mitoxantrone', 'Mitoxantrone', '1,4-Dihydroxy-5,8-bis-[2-(2-hydroxy-ethylamino)-ethylamino]-anthraquinone', '1,4-Dihydroxy-5,8-bis-[2-(2-hydroxy-ethylamino)-ethylamino]-anthraquinone', 'Mitoxantrone', 'Mitoxantrone', 'Mitoxantrone', 'Mitoxantrone', 'mitoxantrone', 'mitoxantrone', 'mitoxanthrone', 'Mitoxantrone', '1,4-Dihydroxy-5,8-bis-[2-(2-hydroxy-ethylamino)-ethylamino]-anthraquinone', 'mitoxantrone', 'Mitoxantrone', '1,4-Dihydroxy-5,8-bis-[2-(2-hydroxy-ethylamino)-ethylamino]-anthraquinone', 'Mitoxantrone', 'MITOXANTRONE', 'Mitoxantrone', 'MITOXANTRONE', 'mitoxantrone', '2,3-Dihydro-5,8-dihydroxy-1,4-bis[[2-[(2-hydroxyethyl)amino]ethyl]amino]-9,10-anthracenedione', '1,4-dihydroxy-5,8-bis(2-(2-hydroxyethylamino)ethylamino)anthracene-9,10-dione', 'Mitoxantrone', 'mitoxantrone', 'mitoxantrone', 'Mitoxantrone', 'MITOXANTRONE', 'Mitoxantrone', 'Mitoxantrone', 'Mitoxantrone', 'Mitoxantrone', 'SID92763439', 'mitoxantrone', 'Mitoxantrone', 'Mitoxantrone', 'mitoxantrone', 'Mitoxantrone', 'Mitoxantrone', 'Mitoxantrone', '1,4-Dihydroxy-5,8-bis-[2-(2-hydroxy-ethylamino)-ethylamino]-anthraquinone', '1,4-Dihydroxy-5,8-bis-[2-(2-hydroxy-ethylamino)-ethylamino]-anthraquinone', 'SID50111146', '1,4-Dihydroxy-5,8-bis-[2-(2-hydroxy-ethylamino)-ethylamino]-anthraquinone', '1,4-Dihydroxy-5,8-bis-[2-(2-hydroxy-ethylamino)-ethylamino]-anthraquinone', '1,4-Dihydroxy-5,8-bis-[2-(2-hydroxy-ethylamino)-ethylamino]-anthraquinone', '1,4-Dihydroxy-5,8-bis-[2-(2-hydroxy-ethylamino)-ethylamino]-anthraquinone', 'Mitoxantrone', 'Mitoxantrone', 'Mitoxantrone', 'mitoxantrone', '1,4-dihydroxy-5,8-bis(2-(2-hydroxyethylamino)ethylamino)anthracene-9,10-dione', '1,4-Dihydroxy-5,8-bis-[2-(2-hydroxy-ethylamino)-ethylamino]-anthraquinone', '1,4-Dihydroxy-5,8-bis-[2-(2-hydroxy-ethylamino)-ethylamino]-anthraquinone', '1,4-Dihydroxy-5,8-bis-[2-(2-hydroxy-ethylamino)-ethylamino]-anthraquinone (Mitoxantrone)', '1,4-Dihydroxy-5,8-bis-[2-(2-hydroxy-ethylamino)-ethylamino]-anthraquinone (Mitoxantrone)', 'MITOXANTRONE', 'Mitoxantrone', 'Mitoxantrone', '1,4-Dihydroxy-5,8-bis-[2-(2-hydroxy-ethylamino)-ethylamino]-anthraquinone', '1,4-Dihydroxy-5,8-bis-[2-(2-hydroxy-ethylamino)-ethylamino]-anthraquinone', '1,4-dihydroxy-5,8-bis(2-(2-hydroxyethylamino)ethylamino)anthracene-9,10-dione', '1,4-Dihydroxy-5,8-bis-[2-(2-hydroxy-ethylamino)-ethylamino]-anthraquinone', '1,4-Dihydroxy-5,8-bis-[2-(2-hydroxy-ethylamino)-ethylamino]-anthraquinone', '1,4-Dihydroxy-5,8-bis-[2-(2-hydroxy-ethylamino)-ethylamino]-anthraquinone', '1,4-Dihydroxy-5,8-bis-[2-(2-hydroxy-ethylamino)-ethylamino]-anthraquinone', '3-(2-Hydroxy-ethylamino)-N-{4-[3-(2-hydroxy-ethylamino)-propionylamino]-9,10-dioxo-9,10-dihydro-anthracen-1-yl}-propionamide', 'mitoxantrone', '1,4-dihydroxy-5,8-bis(2-(2-hydroxyethylamino)ethylamino)anthracene-9,10-dione', '1,4-Dihydroxy-5,8-bis-[2-(2-hydroxy-ethylamino)-ethylamino]-anthraquinone', '1,4-dihydroxy-5,8-bis(2-(2-hydroxyethylamino)ethylamino)anthracene-9,10-dione', 'Mitoxantrone', 'Mitoxantrone', '1,4-diamino-5,8-bis(2-(2-hydroxyethylamino)ethylamino)anthracene-9,10-dione', '1,4-dihydroxy-5,8-bis(2-(2-hydroxyethylamino)ethylamino)anthracene-9,10-dione', 'Mitoxantrone', 'Mitoxantrone', 'Mitoxantrone', 'Mitoxantrone', '1,4-dihydroxy-5,8-bis(2-(2-hydroxyethylamino)ethylamino)anthracene-9,10-dione', 'mitoxantrone', 'mitoxantrone', 'mitoxantrone', 'Mitoxantrone', 'Mitoxantrone', 'Mitoxantrone', 'Mitoxantrone', 'Mitoxantrone', 'Mitoxantrone', 'SID11111482', '1,4-dihydroxy-5,8-bis(2-(2-hydroxyethylamino)ethylamino)anthracene-9,10-dione', 'SID162108252', 'Mitoxantrone', 'Mitoxantrone', 'Mitoxantrone', 'Mitoxantrone', 'Mitoxantrone', 'mitoxantrone', 'mitoxantrone', 'SID85856281', 'Mitoxantrone', 'Mitoxantrone', 'Mitoxantrone', 'Mitoxantrone', 'Mitoxantrone', 'Mitoxantrone', 'SID11111483', 'Mitoxantrone', 'Mitoxantrone', 'mitoxantrone', 'MITOXANTRONE', 'Mitoxantrone', 'SID142727', None, 'Mitoxantrone', 'Mitoxantrone', 'Mitoxantrone', 'Mitoxantrone', 'Mitoxantrone', 'Mitoxantrone', 'Mitoxantrone', 'Mitoxantrone', 'Mitoxantrone', 'Mitoxantrone', 'mitoxantrone', 'Mitoxantrone', 'Mitoxantrone', '1,4-dihydroxy-5,8-bis(2-(2-hydroxyethylamino)ethylamino)anthracene-9,10-dione', 'Mitoxantrone', 'Mitoxantrone', 'Mitoxantrone', 'Mitoxantrone', None, 'Mitoxantrone', 'Mitoxantrone', 'Mitoxantrone', 'Mitoxantrone', 'Mitoxantrone', 'Mitoxantrone', 'MITOXANTRONE', 'Mitoxantrone', 'Mitoxantrone', 'Mitoxantrone', 'Mitoxantrone', 'Mitoxantrone', '1,4-dihydroxy-5,8-bis({2-[(2-hydroxyethyl)amino]ethyl}amino)-9,10-dihydroanthracene-9,10-dione', 'Mitoxantrone', 'Mitoxantrone', 'mitoxantrone', 'Mitoxantrone', 'MITOXANTRONE', 'MITOXANTRONE', 'Mitoxantrone', 'Mitoxantrone', 'Mitoxantrone', 'Mitoxantrone', 'Mitoxantrone', 'MITOXANTRONE']"
