{
  "LR": {
    "metrics": {
      "accuracy": {
        "mean": 0.8497267759562841,
        "std": 0.056127427825612405,
        "n": 3
      },
      "precision": {
        "mean": 0.8505133134631347,
        "std": 0.02025788942130955,
        "n": 3
      },
      "recall": {
        "mean": 0.9437751004016065,
        "std": 0.07116483994646322,
        "n": 3
      },
      "f1": {
        "mean": 0.8940364092906465,
        "std": 0.04295996537854796,
        "n": 3
      },
      "mcc": {
        "mean": 0.6534780938606309,
        "std": 0.13309647168212171,
        "n": 3
      },
      "roc_auc": {
        "mean": 0.9293069714756462,
        "std": 0.05924472865917902,
        "n": 3
      },
      "pr_auc": {
        "mean": 0.9646041406209003,
        "std": 0.03118381939810934,
        "n": 3
      },
      "ef1": {
        "mean": 1.469879518072289,
        "std": 2.220446049250313e-16,
        "n": 3
      },
      "ef5": {
        "mean": 1.469879518072289,
        "std": 2.220446049250313e-16,
        "n": 3
      }
    }
  },
  "RFC": {
    "metrics": {
      "accuracy": {
        "mean": 0.866120218579235,
        "std": 0.05847249879517132,
        "n": 3
      },
      "precision": {
        "mean": 0.919646229000938,
        "std": 0.007561648383419281,
        "n": 3
      },
      "recall": {
        "mean": 0.8795180722891566,
        "std": 0.08743590785974795,
        "n": 3
      },
      "f1": {
        "mean": 0.8971185270512132,
        "std": 0.04984654450741562,
        "n": 3
      },
      "mcc": {
        "mean": 0.7112674197360693,
        "std": 0.10714120106374099,
        "n": 3
      },
      "roc_auc": {
        "mean": 0.9454227165070539,
        "std": 0.036314996446457685,
        "n": 3
      },
      "pr_auc": {
        "mean": 0.9771740142281725,
        "std": 0.015283636159293285,
        "n": 3
      },
      "ef1": {
        "mean": 1.469879518072289,
        "std": 2.220446049250313e-16,
        "n": 3
      },
      "ef5": {
        "mean": 1.469879518072289,
        "std": 2.220446049250313e-16,
        "n": 3
      }
    }
  },
  "SVC": {
    "metrics": {
      "accuracy": {
        "mean": 0.8934426229508198,
        "std": 0.041795241914694956,
        "n": 3
      },
      "precision": {
        "mean": 0.9304293236886981,
        "std": 0.009246352583598691,
        "n": 3
      },
      "recall": {
        "mean": 0.9116465863453814,
        "std": 0.06550002582449836,
        "n": 3
      },
      "f1": {
        "mean": 0.9196956889264581,
        "std": 0.034613715020994404,
        "n": 3
      },
      "mcc": {
        "mean": 0.7649680011298345,
        "std": 0.07966580846663773,
        "n": 3
      },
      "roc_auc": {
        "mean": 0.9648851817526517,
        "std": 0.008048284779111747,
        "n": 3
      },
      "pr_auc": {
        "mean": 0.9838812797670992,
        "std": 0.004558502739268629,
        "n": 3
      },
      "ef1": {
        "mean": 1.469879518072289,
        "std": 2.220446049250313e-16,
        "n": 3
      },
      "ef5": {
        "mean": 1.469879518072289,
        "std": 2.220446049250313e-16,
        "n": 3
      }
    }
  },
  "XGBC": {
    "metrics": {
      "accuracy": {
        "mean": 0.8551912568306012,
        "std": 0.039215027580347867,
        "n": 3
      },
      "precision": {
        "mean": 0.8872167966616417,
        "std": 0.04767173271342802,
        "n": 3
      },
      "recall": {
        "mean": 0.9076305220883535,
        "std": 0.06324504316475352,
        "n": 3
      },
      "f1": {
        "mean": 0.8946239602655924,
        "std": 0.029086652334382426,
        "n": 3
      },
      "mcc": {
        "mean": 0.6708726194837423,
        "std": 0.09159713651841735,
        "n": 3
      },
      "roc_auc": {
        "mean": 0.957213469261662,
        "std": 0.023638881929633745,
        "n": 3
      },
      "pr_auc": {
        "mean": 0.9819049080893322,
        "std": 0.01041268405713516,
        "n": 3
      },
      "ef1": {
        "mean": 1.469879518072289,
        "std": 2.220446049250313e-16,
        "n": 3
      },
      "ef5": {
        "mean": 1.469879518072289,
        "std": 2.220446049250313e-16,
        "n": 3
      }
    }
  },
  "ETC": {
    "metrics": {
      "accuracy": {
        "mean": 0.8989071038251367,
        "std": 0.03301378681309996,
        "n": 3
      },
      "precision": {
        "mean": 0.9346976918045042,
        "std": 0.012968945920893298,
        "n": 3
      },
      "recall": {
        "mean": 0.9156626506024096,
        "std": 0.05205414215588641,
        "n": 3
      },
      "f1": {
        "mean": 0.9242356551366231,
        "std": 0.027039450678018887,
        "n": 3
      },
      "mcc": {
        "mean": 0.7752462540712867,
        "std": 0.06426783650437895,
        "n": 3
      },
      "roc_auc": {
        "mean": 0.9634950056636803,
        "std": 0.018344330908619273,
        "n": 3
      },
      "pr_auc": {
        "mean": 0.9834389452282709,
        "std": 0.008480828945858407,
        "n": 3
      },
      "ef1": {
        "mean": 1.469879518072289,
        "std": 2.220446049250313e-16,
        "n": 3
      },
      "ef5": {
        "mean": 1.469879518072289,
        "std": 2.220446049250313e-16,
        "n": 3
      }
    }
  },
  "MLP": {
    "metrics": {
      "accuracy": {
        "mean": 0.9016393442622951,
        "std": 0.0354138835978572,
        "n": 3
      },
      "precision": {
        "mean": 0.9394269339885266,
        "std": 0.0219596639473266,
        "n": 3
      },
      "recall": {
        "mean": 0.9156626506024096,
        "std": 0.06143397004328658,
        "n": 3
      },
      "f1": {
        "mean": 0.9258984539755951,
        "std": 0.02944052538487234,
        "n": 3
      },
      "mcc": {
        "mean": 0.7847664710415178,
        "std": 0.06700768687843797,
        "n": 3
      },
      "roc_auc": {
        "mean": 0.9703429101019463,
        "std": 0.009438749531944481,
        "n": 3
      },
      "pr_auc": {
        "mean": 0.9868483251214789,
        "std": 0.0041528578406135235,
        "n": 3
      },
      "ef1": {
        "mean": 1.469879518072289,
        "std": 2.220446049250313e-16,
        "n": 3
      },
      "ef5": {
        "mean": 1.469879518072289,
        "std": 2.220446049250313e-16,
        "n": 3
      }
    }
  }
}