model,accuracy,precision,recall,f1,mcc,roc_auc,pr_auc,ef1,ef5
LR,0.8934426229508197,0.8723404255319149,0.9879518072289156,0.9265536723163842,0.7544023324271901,0.9725054062403461,0.9878093345961367,1.4698795180722892,1.4698795180722892
RFC,0.8852459016393442,0.9156626506024096,0.9156626506024096,0.9156626506024096,0.7361754711152302,0.9553599011430337,0.982914464117324,1.4698795180722892,1.4698795180722892
SVC,0.9344262295081968,0.9411764705882353,0.963855421686747,0.9523809523809523,0.8477847395794764,0.9759036144578314,0.9903244417978713,1.4698795180722892,1.4698795180722892
XGBC,0.819672131147541,0.8210526315789474,0.9397590361445783,0.8764044943820225,0.5660293182203772,0.9620018535681187,0.9854073969366326,1.4698795180722892,1.4698795180722892
ETC,0.9262295081967213,0.9512195121951219,0.9397590361445783,0.9454545454545454,0.831689118382036,0.9777571825764597,0.9909350797687548,1.4698795180722892,1.4698795180722892
MLP,0.9344262295081968,0.9629629629629629,0.9397590361445783,0.9512195121951219,0.8518539630575717,0.9789928946555452,0.9910283263260797,1.4698795180722892,1.4698795180722892
