model,accuracy,precision,recall,f1,mcc,roc_auc,pr_auc,ef1,ef5
LR,0.7704918032786885,0.8235294117647058,0.8433734939759037,0.8333333333333334,0.4654197184013022,0.8455359901143034,0.920524088101643,1.4698795180722892,1.4698795180722892
RFC,0.7868852459016393,0.9130434782608695,0.7590361445783133,0.8289473684210527,0.5693778997628834,0.8968180413963546,0.9562574675620632,1.4698795180722892,1.4698795180722892
SVC,0.8360655737704918,0.9315068493150684,0.8192771084337349,0.8717948717948718,0.6574082718858332,0.9569045412418906,0.9804748525459315,1.4698795180722892,1.4698795180722892
XGBC,0.8360655737704918,0.9315068493150684,0.8192771084337349,0.8717948717948718,0.6574082718858332,0.926166203274637,0.9677667587731562,1.4698795180722892,1.4698795180722892
ETC,0.8524590163934426,0.9333333333333333,0.8433734939759037,0.8860759493670886,0.685330539241347,0.9375965400061785,0.9715826929190337,1.4698795180722892,1.4698795180722892
MLP,0.8524590163934426,0.9452054794520548,0.8313253012048193,0.8846153846153846,0.69326156163553,0.9572134692616621,0.981185505630168,1.4698795180722892,1.4698795180722892
