model,accuracy,precision,recall,f1,mcc,roc_auc,pr_auc,ef1,ef5
LR,0.8852459016393442,0.8556701030927835,1.0,0.9222222222222223,0.7406122307534003,0.9698795180722891,0.9854789991649209,1.4698795180722892,1.4698795180722892
RFC,0.9262295081967213,0.9302325581395349,0.963855421686747,0.9467455621301775,0.8282488883300945,0.9840902069817733,0.9923501110051302,1.4698795180722892,1.4698795180722892
SVC,0.9098360655737705,0.9186046511627907,0.9518072289156626,0.9349112426035503,0.7897109919241938,0.9618473895582329,0.9808445449574947,1.4698795180722892,1.4698795180722892
XGBC,0.9098360655737705,0.9090909090909091,0.963855421686747,0.935672514619883,0.7891802683450171,0.9834723509422304,0.9925405685582076,1.4698795180722892,1.4698795180722892
ETC,0.9180327868852459,0.9195402298850575,0.963855421686747,0.9411764705882353,0.808719104590477,0.9751312944084028,0.9877990629970244,1.4698795180722892,1.4698795180722892
MLP,0.9180327868852459,0.9101123595505618,0.9759036144578314,0.9418604651162791,0.8091838884314515,0.9748223663886315,0.9883311434081887,1.4698795180722892,1.4698795180722892
