model,accuracy_mean,accuracy_std,accuracy_mean_std,precision_mean,precision_std,precision_mean_std,recall_mean,recall_std,recall_mean_std,f1_mean,f1_std,f1_mean_std,mcc_mean,mcc_std,mcc_mean_std,roc_auc_mean,roc_auc_std,roc_auc_mean_std,pr_auc_mean,pr_auc_std,pr_auc_mean_std,ef1_mean,ef1_std,ef1_mean_std,ef5_mean,ef5_std,ef5_mean_std
LR,0.8852459016393442,0.0,0.8852 ± 0.0000,0.8556701030927835,0.0,0.8557 ± 0.0000,1.0,0.0,1.0000 ± 0.0000,0.9222222222222223,0.0,0.9222 ± 0.0000,0.7406122307534003,0.0,0.7406 ± 0.0000,0.9698795180722891,0.0,0.9699 ± 0.0000,0.9854789991649209,0.0,0.9855 ± 0.0000,1.4698795180722892,0.0,1.4699 ± 0.0000,1.4698795180722892,0.0,1.4699 ± 0.0000
RFC,0.9262295081967213,0.0,0.9262 ± 0.0000,0.9302325581395349,0.0,0.9302 ± 0.0000,0.963855421686747,0.0,0.9639 ± 0.0000,0.9467455621301775,0.0,0.9467 ± 0.0000,0.8282488883300945,0.0,0.8282 ± 0.0000,0.9840902069817733,0.0,0.9841 ± 0.0000,0.9923501110051302,0.0,0.9924 ± 0.0000,1.4698795180722892,0.0,1.4699 ± 0.0000,1.4698795180722892,0.0,1.4699 ± 0.0000
SVC,0.9098360655737705,0.0,0.9098 ± 0.0000,0.9186046511627907,0.0,0.9186 ± 0.0000,0.9518072289156626,0.0,0.9518 ± 0.0000,0.9349112426035503,0.0,0.9349 ± 0.0000,0.7897109919241938,0.0,0.7897 ± 0.0000,0.9618473895582329,0.0,0.9618 ± 0.0000,0.9808445449574947,0.0,0.9808 ± 0.0000,1.4698795180722892,0.0,1.4699 ± 0.0000,1.4698795180722892,0.0,1.4699 ± 0.0000
XGBC,0.9098360655737705,0.0,0.9098 ± 0.0000,0.9090909090909091,0.0,0.9091 ± 0.0000,0.963855421686747,0.0,0.9639 ± 0.0000,0.935672514619883,0.0,0.9357 ± 0.0000,0.7891802683450171,0.0,0.7892 ± 0.0000,0.9834723509422304,0.0,0.9835 ± 0.0000,0.9925405685582076,0.0,0.9925 ± 0.0000,1.4698795180722892,0.0,1.4699 ± 0.0000,1.4698795180722892,0.0,1.4699 ± 0.0000
ETC,0.9180327868852459,0.0,0.9180 ± 0.0000,0.9195402298850575,0.0,0.9195 ± 0.0000,0.963855421686747,0.0,0.9639 ± 0.0000,0.9411764705882353,0.0,0.9412 ± 0.0000,0.808719104590477,0.0,0.8087 ± 0.0000,0.9751312944084028,0.0,0.9751 ± 0.0000,0.9877990629970244,0.0,0.9878 ± 0.0000,1.4698795180722892,0.0,1.4699 ± 0.0000,1.4698795180722892,0.0,1.4699 ± 0.0000
MLP,0.9180327868852459,0.0,0.9180 ± 0.0000,0.9101123595505618,0.0,0.9101 ± 0.0000,0.9759036144578314,0.0,0.9759 ± 0.0000,0.9418604651162791,0.0,0.9419 ± 0.0000,0.8091838884314515,0.0,0.8092 ± 0.0000,0.9748223663886315,0.0,0.9748 ± 0.0000,0.9883311434081887,0.0,0.9883 ± 0.0000,1.4698795180722892,0.0,1.4699 ± 0.0000,1.4698795180722892,0.0,1.4699 ± 0.0000
